{
	"credit": "Made with Blockbench",
	"textures": {
		"0": "expansion:blocks/fabricator/fabricator_gui_flash",
		"particle": "expansion:blocks/fabricator/fabricator_gui_flash"
	},
	"elements": [
		{
			"from": [-16, -16, 15.9375],
			"to": [32, 32, 16],
			"rotation": {"angle": 0, "axis": "y", "origin": [8, 8, 0.03125]},
			"faces": {
				"north": {"uv": [11, 16, 0, 5], "rotation": 180, "texture": "#0"},
				"east": {"uv": [0, 0, 0.00391, 3], "texture": "#0"},
				"south": {"uv": [0, 5, 11, 16], "texture": "#0"},
				"west": {"uv": [0, 0, 0.00391, 3], "texture": "#0"},
				"up": {"uv": [0, 0, 3, 0.00391], "texture": "#0"},
				"down": {"uv": [5.75, 8.375, 8.75, 8.37891], "texture": "#0"}
			}
		}
	],
	"gui_light": "front",
	"display": {
		"thirdperson_righthand": {
			"scale": [0, 0, 0]
		},
		"thirdperson_lefthand": {
			"scale": [0, 0, 0]
		},
		"firstperson_righthand": {
			"scale": [0, 0, 0]
		},
		"firstperson_lefthand": {
			"scale": [0, 0, 0]
		},
		"ground": {
			"scale": [0, 0, 0]
		},
		"gui": {
			"translation": [-72, 65, 0],
			"scale": [3.66, 3.66, 3.66]
		},
		"head": {
			"scale": [0, 0, 0]
		},
		"fixed": {
			"scale": [0, 0, 0]
		}
	}
}