{
	"credit": "Made with Blockbench",
	"textures": {
		"0": "expansion:blocks/terraformer/terraformer_gui",
		"particle": "expansion:blocks/terraformer/terraformer_gui"
	},
	"elements": [
		{
			"from": [7.4375, 0, 15.9375],
			"to": [15.4375, 8, 16],
			"rotation": {"angle": 0, "axis": "y", "origin": [7.9375, 8, 0.03125]},
			"faces": {
				"north": {"uv": [3.375, 5, 2.25, 3.875], "rotation": 180, "texture": "#0"},
				"east": {"uv": [0, 0, 0.00391, 3], "texture": "#0"},
				"south": {"uv": [2.1875, 3.875, 3.3125, 5], "texture": "#0"},
				"west": {"uv": [0, 0, 0.00391, 3], "texture": "#0"},
				"up": {"uv": [0, 0, 3, 0.00391], "texture": "#0"},
				"down": {"uv": [5.75, 8.375, 8.75, 8.37891], "texture": "#0"}
			}
		}
	],
	"gui_light": "front",
	"display": {
		"thirdperson_righthand": {
			"scale": [0, 0, 0]
		},
		"thirdperson_lefthand": {
			"scale": [0, 0, 0]
		},
		"firstperson_righthand": {
			"scale": [0, 0, 0]
		},
		"firstperson_lefthand": {
			"scale": [0, 0, 0]
		},
		"ground": {
			"scale": [0, 0, 0]
		},
		"gui": {
			"translation": [-7.75, 9, 0],
			"scale": [2.24695, 2.24305, 2.12]
		},
		"head": {
			"scale": [0, 0, 0]
		},
		"fixed": {
			"scale": [0, 0, 0]
		}
	}
}