{
	"credit": "Made with Blockbench",
	"texture_size": [128, 128],
	"textures": {
		"4": "expansion:blocks/workbench/workbench"
	},
	"elements": [
		{
			"from": [-9, 0, 0],
			"to": [7, 14, 16],
			"rotation": {"angle": 0, "axis": "x", "origin": [-1, 0, 0]},
			"faces": {
				"north": {"uv": [4.25, 5, 6.25, 6.75], "texture": "#4"},
				"east": {"uv": [0, 5.25, 2, 7], "texture": "#4"},
				"south": {"uv": [2, 5.25, 4, 7], "texture": "#4"},
				"west": {"uv": [6.25, 1, 8.25, 2.75], "texture": "#4"},
				"up": {"uv": [4.25, 3, 2.25, 1], "texture": "#4"},
				"down": {"uv": [4.25, 3, 2.25, 5], "texture": "#4"}
			}
		},
		{
			"from": [-8, 8, 16],
			"to": [6, 13, 17],
			"rotation": {"angle": 0, "axis": "x", "origin": [-1, 0, 0]},
			"faces": {
				"north": {"uv": [6.25, 3.75, 8, 4.375], "texture": "#4"},
				"east": {"uv": [0.25, 8.375, 0.375, 9], "texture": "#4"},
				"south": {"uv": [6.25, 4.375, 8, 5], "texture": "#4"},
				"west": {"uv": [0.375, 8.375, 0.5, 9], "texture": "#4"},
				"up": {"uv": [8.375, 8, 6.625, 7.875], "texture": "#4"},
				"down": {"uv": [9.75, 3.75, 8, 3.875], "texture": "#4"}
			}
		},
		{
			"from": [-3, 11, 17],
			"to": [1, 12, 18],
			"rotation": {"angle": 0, "axis": "y", "origin": [-1, 0, 16]},
			"faces": {
				"north": {"uv": [5.625, 8.625, 6.125, 8.75], "texture": "#4"},
				"east": {"uv": [3, 9.5, 3.125, 9.625], "texture": "#4"},
				"south": {"uv": [6.125, 8.625, 6.625, 8.75], "texture": "#4"},
				"west": {"uv": [9.5, 3, 9.625, 3.125], "texture": "#4"},
				"up": {"uv": [7.75, 8.75, 7.25, 8.625], "texture": "#4"},
				"down": {"uv": [8.25, 8.625, 7.75, 8.75], "texture": "#4"}
			}
		},
		{
			"from": [-3, 5, 19],
			"to": [1, 6, 20],
			"rotation": {"angle": 0, "axis": "y", "origin": [-1, 0, 16]},
			"faces": {
				"north": {"uv": [7.5, 8.875, 8, 9], "texture": "#4"},
				"east": {"uv": [9.75, 9.75, 9.875, 9.875], "texture": "#4"},
				"south": {"uv": [8.875, 7.5, 9.375, 7.625], "texture": "#4"},
				"west": {"uv": [0, 9.875, 0.125, 10], "texture": "#4"},
				"up": {"uv": [9.375, 7.75, 8.875, 7.625], "texture": "#4"},
				"down": {"uv": [9.375, 7.75, 8.875, 7.875], "texture": "#4"}
			}
		},
		{
			"from": [-8, 2, 18],
			"to": [6, 7, 19],
			"rotation": {"angle": 0, "axis": "x", "origin": [-1, 0, 0]},
			"faces": {
				"north": {"uv": [6.25, 5, 8, 5.625], "texture": "#4"},
				"east": {"uv": [0.5, 8.375, 0.625, 9], "texture": "#4"},
				"south": {"uv": [6.25, 5.625, 8, 6.25], "texture": "#4"},
				"west": {"uv": [0.625, 8.375, 0.75, 9], "texture": "#4"},
				"up": {"uv": [9.75, 4, 8, 3.875], "texture": "#4"},
				"down": {"uv": [9.75, 4, 8, 4.125], "texture": "#4"}
			}
		},
		{
			"from": [-7, 2, 16],
			"to": [5, 3, 18],
			"rotation": {"angle": 0, "axis": "x", "origin": [-1, 0, 0]},
			"faces": {
				"north": {"uv": [8, 5.75, 9.5, 5.875], "texture": "#4"},
				"east": {"uv": [2, 9.5, 2.25, 9.625], "texture": "#4"},
				"south": {"uv": [8, 5.875, 9.5, 6], "texture": "#4"},
				"west": {"uv": [9.5, 2.125, 9.75, 2.25], "texture": "#4"},
				"up": {"uv": [7.625, 7.625, 6.125, 7.375], "texture": "#4"},
				"down": {"uv": [7.625, 7.625, 6.125, 7.875], "texture": "#4"}
			}
		},
		{
			"from": [-8, 2, 16],
			"to": [-7, 7, 18],
			"rotation": {"angle": 0, "axis": "x", "origin": [-1, 0, 0]},
			"faces": {
				"north": {"uv": [2.25, 8.375, 2.375, 9], "texture": "#4"},
				"east": {"uv": [7.25, 8, 7.5, 8.625], "texture": "#4"},
				"south": {"uv": [2.375, 8.375, 2.5, 9], "texture": "#4"},
				"west": {"uv": [7.5, 8, 7.75, 8.625], "texture": "#4"},
				"up": {"uv": [9.625, 1.75, 9.5, 1.5], "texture": "#4"},
				"down": {"uv": [1.875, 9.5, 1.75, 9.75], "texture": "#4"}
			}
		},
		{
			"from": [5, 2, 16],
			"to": [6, 7, 18],
			"rotation": {"angle": 0, "axis": "x", "origin": [-1, 0, 0]},
			"faces": {
				"north": {"uv": [2.5, 8.375, 2.625, 9], "texture": "#4"},
				"east": {"uv": [7.75, 8, 8, 8.625], "texture": "#4"},
				"south": {"uv": [2.625, 8.375, 2.75, 9], "texture": "#4"},
				"west": {"uv": [8, 8, 8.25, 8.625], "texture": "#4"},
				"up": {"uv": [2, 9.75, 1.875, 9.5], "texture": "#4"},
				"down": {"uv": [9.625, 1.875, 9.5, 2.125], "texture": "#4"}
			}
		},
		{
			"from": [-10, 14, 0],
			"to": [24, 16, 17],
			"rotation": {"angle": 0, "axis": "y", "origin": [-1, 0, 0]},
			"faces": {
				"north": {"uv": [6.25, 6.25, 10.5, 6.5], "texture": "#4"},
				"east": {"uv": [0, 7, 2.125, 7.25], "texture": "#4"},
				"south": {"uv": [6.25, 6.5, 10.5, 6.75], "texture": "#4"},
				"west": {"uv": [7, 6.75, 9.125, 7], "texture": "#4"},
				"up": {"uv": [4.25, 2.125, 0, 0], "texture": "#4"},
				"down": {"uv": [4.25, 2.125, 0, 4.25], "texture": "#4"}
			}
		},
		{
			"from": [22.8, 16, 0.1],
			"to": [23.8, 18, 9.75],
			"rotation": {"angle": 22.5, "axis": "x", "origin": [23.5, 17, 4.5]},
			"faces": {
				"north": {"uv": [0.875, 9.125, 1, 9.375], "texture": "#4"},
				"east": {"uv": [7.625, 7.375, 8.875, 7.625], "texture": "#4"},
				"south": {"uv": [1, 9.125, 1.125, 9.375], "texture": "#4"},
				"west": {"uv": [7.625, 7.625, 8.875, 7.875], "texture": "#4"},
				"up": {"uv": [3.125, 8.75, 3, 7.5], "texture": "#4"},
				"down": {"uv": [7, 8, 6.875, 9.25], "texture": "#4"}
			}
		},
		{
			"from": [-9.8, 16, 0.1],
			"to": [-8.8, 18, 9.75],
			"rotation": {"angle": 22.5, "axis": "x", "origin": [-9.5, 17, 4.5]},
			"faces": {
				"north": {"uv": [9.125, 1, 9.25, 1.25], "texture": "#4"},
				"east": {"uv": [4.125, 7.75, 5.375, 8], "texture": "#4"},
				"south": {"uv": [1.125, 9.125, 1.25, 9.375], "texture": "#4"},
				"west": {"uv": [5.375, 7.875, 6.625, 8.125], "texture": "#4"},
				"up": {"uv": [7.125, 9.25, 7, 8], "texture": "#4"},
				"down": {"uv": [7.25, 8, 7.125, 9.25], "texture": "#4"}
			}
		},
		{
			"from": [-10, 16, 0],
			"to": [24, 24, 1],
			"rotation": {"angle": 0, "axis": "y", "origin": [-1, 0, 0]},
			"faces": {
				"north": {"uv": [0, 4.25, 4.25, 5.25], "texture": "#4"},
				"east": {"uv": [0, 8.125, 0.125, 9.125], "texture": "#4"},
				"south": {"uv": [4.25, 0, 8.5, 1], "texture": "#4"},
				"west": {"uv": [0.125, 8.125, 0.25, 9.125], "texture": "#4"},
				"up": {"uv": [11.25, 7.125, 7, 7], "texture": "#4"},
				"down": {"uv": [11.25, 7.125, 7, 7.25], "texture": "#4"}
			}
		},
		{
			"from": [10, 21, 1],
			"to": [22, 22, 5],
			"rotation": {"angle": 0, "axis": "y", "origin": [-1, 0, 0]},
			"faces": {
				"north": {"uv": [8, 4.125, 9.5, 4.25], "texture": "#4"},
				"east": {"uv": [8.5, 0.875, 9, 1], "texture": "#4"},
				"south": {"uv": [8, 4.25, 9.5, 4.375], "texture": "#4"},
				"west": {"uv": [8.5, 4.625, 9, 4.75], "texture": "#4"},
				"up": {"uv": [5.5, 7.25, 4, 6.75], "texture": "#4"},
				"down": {"uv": [7, 6.75, 5.5, 7.25], "texture": "#4"}
			}
		},
		{
			"from": [21, 20, 1],
			"to": [22, 21, 3],
			"rotation": {"angle": 0, "axis": "y", "origin": [-1, 0, 0]},
			"faces": {
				"north": {"uv": [2.25, 9.5, 2.375, 9.625], "texture": "#4"},
				"east": {"uv": [9, 8.25, 9.25, 8.375], "texture": "#4"},
				"south": {"uv": [9.5, 2.25, 9.625, 2.375], "texture": "#4"},
				"west": {"uv": [9, 8.375, 9.25, 8.5], "texture": "#4"},
				"up": {"uv": [4, 7.25, 3.875, 7], "texture": "#4"},
				"down": {"uv": [2.125, 7.25, 2, 7.5], "texture": "#4"}
			}
		},
		{
			"from": [10, 20, 1],
			"to": [11, 21, 3],
			"rotation": {"angle": 0, "axis": "y", "origin": [-1, 0, 0]},
			"faces": {
				"north": {"uv": [2.375, 9.5, 2.5, 9.625], "texture": "#4"},
				"east": {"uv": [9, 8.875, 9.25, 9], "texture": "#4"},
				"south": {"uv": [9.5, 2.5, 9.625, 2.625], "texture": "#4"},
				"west": {"uv": [9, 9, 9.25, 9.125], "texture": "#4"},
				"up": {"uv": [6.875, 9.25, 6.75, 9], "texture": "#4"},
				"down": {"uv": [8.625, 9, 8.5, 9.25], "texture": "#4"}
			}
		},
		{
			"from": [-0.25, 20.5, 1],
			"to": [6.25, 21, 2],
			"rotation": {"angle": 0, "axis": "y", "origin": [-11, 2, 0]},
			"faces": {
				"north": {"uv": [8.25, 5.5, 9.125, 5.625], "texture": "#4"},
				"east": {"uv": [9.5, 3.25, 9.625, 3.375], "texture": "#4"},
				"south": {"uv": [8.25, 5.625, 9.125, 5.75], "texture": "#4"},
				"west": {"uv": [3.375, 9.5, 3.5, 9.625], "texture": "#4"},
				"up": {"uv": [9.125, 8.125, 8.25, 8], "texture": "#4"},
				"down": {"uv": [9.125, 8.125, 8.25, 8.25], "texture": "#4"}
			}
		},
		{
			"from": [0.1, 21.25, 1.1],
			"to": [0.9, 23.5, 1.9],
			"rotation": {"angle": 0, "axis": "y", "origin": [-11, 2, 0]},
			"faces": {
				"north": {"uv": [6.125, 9.125, 6.25, 9.375], "texture": "#4"},
				"east": {"uv": [6.25, 9.125, 6.375, 9.375], "texture": "#4"},
				"south": {"uv": [6.375, 9.125, 6.5, 9.375], "texture": "#4"},
				"west": {"uv": [6.5, 9.125, 6.625, 9.375], "texture": "#4"},
				"up": {"uv": [4.125, 9.75, 4, 9.625], "texture": "#4"},
				"down": {"uv": [4.25, 9.625, 4.125, 9.75], "texture": "#4"}
			}
		},
		{
			"from": [0.35, 19, 1.35],
			"to": [0.65, 20.5, 1.65],
			"rotation": {"angle": 0, "axis": "y", "origin": [-11, 2, 0]},
			"faces": {
				"north": {"uv": [6.625, 9.125, 6.75, 9.375], "texture": "#4"},
				"east": {"uv": [9.125, 6.75, 9.25, 7], "texture": "#4"},
				"south": {"uv": [7.25, 9.125, 7.375, 9.375], "texture": "#4"},
				"west": {"uv": [7.375, 9.125, 7.5, 9.375], "texture": "#4"},
				"up": {"uv": [9.75, 4.625, 9.625, 4.5], "texture": "#4"},
				"down": {"uv": [4.75, 9.625, 4.625, 9.75], "texture": "#4"}
			}
		},
		{
			"from": [0.2, 21, 1.2],
			"to": [0.8, 21.25, 1.8],
			"rotation": {"angle": 0, "axis": "y", "origin": [-11, 2, 0]},
			"faces": {
				"north": {"uv": [9.625, 4.125, 9.75, 4.25], "texture": "#4"},
				"east": {"uv": [4.25, 9.625, 4.375, 9.75], "texture": "#4"},
				"south": {"uv": [9.625, 4.25, 9.75, 4.375], "texture": "#4"},
				"west": {"uv": [4.375, 9.625, 4.5, 9.75], "texture": "#4"},
				"up": {"uv": [9.75, 4.5, 9.625, 4.375], "texture": "#4"},
				"down": {"uv": [4.625, 9.625, 4.5, 9.75], "texture": "#4"}
			}
		},
		{
			"from": [1.45, 21, 1.2],
			"to": [2.05, 21.25, 1.8],
			"rotation": {"angle": 0, "axis": "y", "origin": [-11, 2, 0]},
			"faces": {
				"north": {"uv": [9.625, 4.875, 9.75, 5], "texture": "#4"},
				"east": {"uv": [5, 9.625, 5.125, 9.75], "texture": "#4"},
				"south": {"uv": [9.625, 5, 9.75, 5.125], "texture": "#4"},
				"west": {"uv": [5.125, 9.625, 5.25, 9.75], "texture": "#4"},
				"up": {"uv": [9.75, 5.25, 9.625, 5.125], "texture": "#4"},
				"down": {"uv": [5.375, 9.625, 5.25, 9.75], "texture": "#4"}
			}
		},
		{
			"from": [1.6, 18.75, 1.35],
			"to": [1.9, 20.5, 1.65],
			"rotation": {"angle": 0, "axis": "y", "origin": [-11, 2, 0]},
			"faces": {
				"north": {"uv": [9.125, 7.875, 9.25, 8.125], "texture": "#4"},
				"east": {"uv": [8, 9.125, 8.125, 9.375], "texture": "#4"},
				"south": {"uv": [8.125, 9.125, 8.25, 9.375], "texture": "#4"},
				"west": {"uv": [8.25, 9.125, 8.375, 9.375], "texture": "#4"},
				"up": {"uv": [9.75, 4.875, 9.625, 4.75], "texture": "#4"},
				"down": {"uv": [5, 9.625, 4.875, 9.75], "texture": "#4"}
			}
		},
		{
			"from": [1.35, 21.25, 1.1],
			"to": [2.15, 23.5, 1.9],
			"rotation": {"angle": 0, "axis": "y", "origin": [-11, 2, 0]},
			"faces": {
				"north": {"uv": [7.5, 9.125, 7.625, 9.375], "texture": "#4"},
				"east": {"uv": [7.625, 9.125, 7.75, 9.375], "texture": "#4"},
				"south": {"uv": [7.75, 9.125, 7.875, 9.375], "texture": "#4"},
				"west": {"uv": [7.875, 9.125, 8, 9.375], "texture": "#4"},
				"up": {"uv": [9.75, 4.75, 9.625, 4.625], "texture": "#4"},
				"down": {"uv": [4.875, 9.625, 4.75, 9.75], "texture": "#4"}
			}
		},
		{
			"from": [5.2, 21, 1.2],
			"to": [5.8, 21.25, 1.8],
			"rotation": {"angle": 0, "axis": "y", "origin": [-11, 2, 0]},
			"faces": {
				"north": {"uv": [9.625, 5.5, 9.75, 5.625], "texture": "#4"},
				"east": {"uv": [5.625, 9.625, 5.75, 9.75], "texture": "#4"},
				"south": {"uv": [9.625, 5.625, 9.75, 5.75], "texture": "#4"},
				"west": {"uv": [5.75, 9.625, 5.875, 9.75], "texture": "#4"},
				"up": {"uv": [9.75, 5.875, 9.625, 5.75], "texture": "#4"},
				"down": {"uv": [6, 9.625, 5.875, 9.75], "texture": "#4"}
			}
		},
		{
			"from": [5.35, 18.5, 1.35],
			"to": [5.65, 20.5, 1.65],
			"rotation": {"angle": 0, "axis": "y", "origin": [-11, 2, 0]},
			"faces": {
				"north": {"uv": [9.25, 0.75, 9.375, 1], "texture": "#4"},
				"east": {"uv": [9.25, 1, 9.375, 1.25], "texture": "#4"},
				"south": {"uv": [1.375, 9.25, 1.5, 9.5], "texture": "#4"},
				"west": {"uv": [1.5, 9.25, 1.625, 9.5], "texture": "#4"},
				"up": {"uv": [9.75, 5.5, 9.625, 5.375], "texture": "#4"},
				"down": {"uv": [5.625, 9.625, 5.5, 9.75], "texture": "#4"}
			}
		},
		{
			"from": [5.1, 21.25, 1.1],
			"to": [5.9, 23.5, 1.9],
			"rotation": {"angle": 0, "axis": "y", "origin": [-11, 2, 0]},
			"faces": {
				"north": {"uv": [9, 9.125, 9.125, 9.375], "texture": "#4"},
				"east": {"uv": [9.125, 9.125, 9.25, 9.375], "texture": "#4"},
				"south": {"uv": [0, 9.25, 0.125, 9.5], "texture": "#4"},
				"west": {"uv": [0.125, 9.25, 0.25, 9.5], "texture": "#4"},
				"up": {"uv": [9.75, 5.375, 9.625, 5.25], "texture": "#4"},
				"down": {"uv": [5.5, 9.625, 5.375, 9.75], "texture": "#4"}
			}
		},
		{
			"from": [-7.05, 16.1, 8.5],
			"to": [-6.45, 16.7, 8.75],
			"rotation": {"angle": 22.5, "axis": "y", "origin": [4.25, 21, 10.5]},
			"faces": {
				"north": {"uv": [9.625, 6.125, 9.75, 6.25], "texture": "#4"},
				"east": {"uv": [6.25, 9.625, 6.375, 9.75], "texture": "#4"},
				"south": {"uv": [6.375, 9.625, 6.5, 9.75], "texture": "#4"},
				"west": {"uv": [6.5, 9.625, 6.625, 9.75], "texture": "#4"},
				"up": {"uv": [6.75, 9.75, 6.625, 9.625], "texture": "#4"},
				"down": {"uv": [6.875, 9.625, 6.75, 9.75], "texture": "#4"}
			}
		},
		{
			"from": [-6.9, 16.25, 5.75],
			"to": [-6.6, 16.55, 8.5],
			"rotation": {"angle": 22.5, "axis": "y", "origin": [4.25, 21, 10.5]},
			"faces": {
				"north": {"uv": [9.625, 6, 9.75, 6.125], "texture": "#4"},
				"east": {"uv": [9, 2, 9.375, 2.125], "texture": "#4"},
				"south": {"uv": [6.125, 9.625, 6.25, 9.75], "texture": "#4"},
				"west": {"uv": [9, 2.125, 9.375, 2.25], "texture": "#4"},
				"up": {"uv": [2, 9.375, 1.875, 9], "texture": "#4"},
				"down": {"uv": [2.375, 9, 2.25, 9.375], "texture": "#4"}
			}
		},
		{
			"from": [-7.15, 16, 8.75],
			"to": [-6.35, 16.8, 11],
			"rotation": {"angle": 22.5, "axis": "y", "origin": [4.25, 21, 10.5]},
			"faces": {
				"north": {"uv": [9.625, 5.875, 9.75, 6], "texture": "#4"},
				"east": {"uv": [9.125, 8.125, 9.375, 8.25], "texture": "#4"},
				"south": {"uv": [6, 9.625, 6.125, 9.75], "texture": "#4"},
				"west": {"uv": [9.125, 8.75, 9.375, 8.875], "texture": "#4"},
				"up": {"uv": [2.125, 9.5, 2, 9.25], "texture": "#4"},
				"down": {"uv": [2.25, 9.25, 2.125, 9.5], "texture": "#4"}
			}
		},
		{
			"from": [2.7, 21, 1.2],
			"to": [3.3, 21.25, 1.8],
			"rotation": {"angle": 0, "axis": "y", "origin": [-11, 2, 0]},
			"faces": {
				"north": {"uv": [7.125, 9.625, 7.25, 9.75], "texture": "#4"},
				"east": {"uv": [7.25, 9.625, 7.375, 9.75], "texture": "#4"},
				"south": {"uv": [7.375, 9.625, 7.5, 9.75], "texture": "#4"},
				"west": {"uv": [9.625, 7.375, 9.75, 7.5], "texture": "#4"},
				"up": {"uv": [7.625, 9.75, 7.5, 9.625], "texture": "#4"},
				"down": {"uv": [9.75, 7.5, 9.625, 7.625], "texture": "#4"}
			}
		},
		{
			"from": [2.85, 18, 1.35],
			"to": [3.15, 20.5, 1.65],
			"rotation": {"angle": 0, "axis": "y", "origin": [-11, 2, 0]},
			"faces": {
				"north": {"uv": [9, 2.25, 9.125, 2.625], "texture": "#4"},
				"east": {"uv": [2.375, 9, 2.5, 9.375], "texture": "#4"},
				"south": {"uv": [2.5, 9, 2.625, 9.375], "texture": "#4"},
				"west": {"uv": [2.625, 9, 2.75, 9.375], "texture": "#4"},
				"up": {"uv": [9.75, 7, 9.625, 6.875], "texture": "#4"},
				"down": {"uv": [7.125, 9.625, 7, 9.75], "texture": "#4"}
			}
		},
		{
			"from": [2.6, 21.25, 1.1],
			"to": [3.4, 23.5, 1.9],
			"rotation": {"angle": 0, "axis": "y", "origin": [-11, 2, 0]},
			"faces": {
				"north": {"uv": [9.25, 2.75, 9.375, 3], "texture": "#4"},
				"east": {"uv": [9.25, 3, 9.375, 3.25], "texture": "#4"},
				"south": {"uv": [3.25, 9.25, 3.375, 9.5], "texture": "#4"},
				"west": {"uv": [9.25, 3.25, 9.375, 3.5], "texture": "#4"},
				"up": {"uv": [9.75, 6.875, 9.625, 6.75], "texture": "#4"},
				"down": {"uv": [7, 9.625, 6.875, 9.75], "texture": "#4"}
			}
		},
		{
			"from": [21.5, 9, 2],
			"to": [22.5, 10, 14],
			"rotation": {"angle": 0, "axis": "y", "origin": [7.5, 13, 8.125]},
			"faces": {
				"north": {"uv": [3.125, 9.5, 3.25, 9.625], "texture": "#4"},
				"east": {"uv": [8, 4.375, 9.5, 4.5], "texture": "#4"},
				"south": {"uv": [3.25, 9.5, 3.375, 9.625], "texture": "#4"},
				"west": {"uv": [8, 4.5, 9.5, 4.625], "texture": "#4"},
				"up": {"uv": [4.125, 6.75, 4, 5.25], "texture": "#4"},
				"down": {"uv": [4.25, 5.25, 4.125, 6.75], "texture": "#4"}
			}
		},
		{
			"from": [0.25, 7, -1],
			"to": [24, 11, 0],
			"rotation": {"angle": -22.5, "axis": "z", "origin": [14.625, 9, -0.5]},
			"faces": {
				"north": {"uv": [6.25, 2.75, 9.25, 3.25], "texture": "#4"},
				"east": {"uv": [8.5, 8.5, 8.625, 9], "texture": "#4"},
				"south": {"uv": [6.25, 3.25, 9.25, 3.75], "texture": "#4"},
				"west": {"uv": [0.75, 8.625, 0.875, 9.125], "texture": "#4"},
				"up": {"uv": [7.125, 7.375, 4.125, 7.25], "texture": "#4"},
				"down": {"uv": [10.125, 7.25, 7.125, 7.375], "texture": "#4"}
			}
		},
		{
			"from": [21, 0, 14],
			"to": [23, 14, 16],
			"rotation": {"angle": 0, "axis": "y", "origin": [-1, 0, 0]},
			"faces": {
				"north": {"uv": [3.125, 7, 3.375, 8.75], "texture": "#4"},
				"east": {"uv": [3.375, 7, 3.625, 8.75], "texture": "#4"},
				"south": {"uv": [3.625, 7, 3.875, 8.75], "texture": "#4"},
				"west": {"uv": [1, 7.25, 1.25, 9], "texture": "#4"},
				"up": {"uv": [5.875, 8.625, 5.625, 8.375], "texture": "#4"},
				"down": {"uv": [6.375, 8.375, 6.125, 8.625], "texture": "#4"}
			}
		},
		{
			"from": [21, 0, 0],
			"to": [23, 14, 2],
			"rotation": {"angle": 0, "axis": "y", "origin": [-1, 0, 0]},
			"faces": {
				"north": {"uv": [1.25, 7.25, 1.5, 9], "texture": "#4"},
				"east": {"uv": [1.5, 7.25, 1.75, 9], "texture": "#4"},
				"south": {"uv": [1.75, 7.25, 2, 9], "texture": "#4"},
				"west": {"uv": [3.875, 7.25, 4.125, 9], "texture": "#4"},
				"up": {"uv": [2.25, 9.125, 2, 8.875], "texture": "#4"},
				"down": {"uv": [3.5, 8.875, 3.25, 9.125], "texture": "#4"}
			}
		},
		{
			"from": [19.5, 16.5, 12.75],
			"to": [21.5, 18.5, 15],
			"rotation": {"angle": 0, "axis": "y", "origin": [20.625, 15.09375, 16.09375]},
			"faces": {
				"north": {"uv": [6.375, 8.375, 6.625, 8.625], "texture": "#4"},
				"east": {"uv": [8.5, 0.375, 8.75, 0.625], "texture": "#4"},
				"south": {"uv": [8.5, 0.625, 8.75, 0.875], "texture": "#4"},
				"west": {"uv": [4.125, 8.5, 4.375, 8.75], "texture": "#4"},
				"up": {"uv": [4.625, 8.75, 4.375, 8.5], "texture": "#4"},
				"down": {"uv": [4.875, 8.5, 4.625, 8.75], "texture": "#4"}
			}
		},
		{
			"from": [19.75, 16.75, 11],
			"to": [21.25, 18, 17],
			"rotation": {"angle": 0, "axis": "y", "origin": [20.625, 15.09375, 20.09375]},
			"faces": {
				"north": {"uv": [7.5, 9.375, 7.75, 9.5], "texture": "#4"},
				"east": {"uv": [8.25, 8.375, 9, 8.5], "texture": "#4"},
				"south": {"uv": [9.375, 7.625, 9.625, 7.75], "texture": "#4"},
				"west": {"uv": [8.5, 0, 9.25, 0.125], "texture": "#4"},
				"up": {"uv": [8.25, 5.75, 8, 5], "texture": "#4"},
				"down": {"uv": [6.875, 8, 6.625, 8.75], "texture": "#4"}
			}
		},
		{
			"from": [20.15, 17.15, 17],
			"to": [20.85, 17.85, 17.7],
			"rotation": {"angle": 0, "axis": "y", "origin": [20.625, 15.09375, 26.09375]},
			"faces": {
				"north": {"uv": [7.125, 9.75, 7.25, 9.875], "texture": "#4"},
				"east": {"uv": [7.25, 9.75, 7.375, 9.875], "texture": "#4"},
				"south": {"uv": [7.375, 9.75, 7.5, 9.875], "texture": "#4"},
				"west": {"uv": [9.75, 7.375, 9.875, 7.5], "texture": "#4"},
				"up": {"uv": [7.625, 9.875, 7.5, 9.75], "texture": "#4"},
				"down": {"uv": [9.875, 7.5, 9.75, 7.625], "texture": "#4"}
			}
		},
		{
			"from": [20.4, 15.65, 17.25],
			"to": [20.6, 18.35, 17.45],
			"rotation": {"angle": 0, "axis": "y", "origin": [20.625, 15.59375, 26.09375]},
			"faces": {
				"north": {"uv": [3.5, 9, 3.625, 9.375], "texture": "#4"},
				"east": {"uv": [3.625, 9, 3.75, 9.375], "texture": "#4"},
				"south": {"uv": [5.375, 9, 5.5, 9.375], "texture": "#4"},
				"west": {"uv": [5.5, 9, 5.625, 9.375], "texture": "#4"},
				"up": {"uv": [7.75, 9.875, 7.625, 9.75], "texture": "#4"},
				"down": {"uv": [9.875, 7.625, 9.75, 7.75], "texture": "#4"}
			}
		},
		{
			"from": [19.75, 18, 16],
			"to": [21.25, 18.5, 17],
			"rotation": {"angle": 0, "axis": "y", "origin": [20.625, 15.09375, 20.09375]},
			"faces": {
				"north": {"uv": [7.75, 9.375, 8, 9.5], "texture": "#4"},
				"east": {"uv": [9.75, 5.875, 9.875, 6], "texture": "#4"},
				"south": {"uv": [9.375, 7.75, 9.625, 7.875], "texture": "#4"},
				"west": {"uv": [6, 9.75, 6.125, 9.875], "texture": "#4"},
				"up": {"uv": [8.25, 9.5, 8, 9.375], "texture": "#4"},
				"down": {"uv": [9.625, 8.125, 9.375, 8.25], "texture": "#4"}
			}
		},
		{
			"from": [19.75, 18.33746, 15.93287],
			"to": [21.25, 19.33746, 16.93287],
			"rotation": {"angle": -22.5, "axis": "x", "origin": [20.5, 18.58746, 16.55787]},
			"faces": {
				"north": {"uv": [8.25, 9.375, 8.5, 9.5], "texture": "#4"},
				"east": {"uv": [9.75, 6, 9.875, 6.125], "texture": "#4"},
				"south": {"uv": [9.375, 8.25, 9.625, 8.375], "texture": "#4"},
				"west": {"uv": [6.125, 9.75, 6.25, 9.875], "texture": "#4"},
				"up": {"uv": [9.625, 8.5, 9.375, 8.375], "texture": "#4"},
				"down": {"uv": [9.625, 8.5, 9.375, 8.625], "texture": "#4"}
			}
		},
		{
			"from": [19.75, 18.92388, 16.11732],
			"to": [21.25, 19.42388, 16.61732],
			"rotation": {"angle": 0, "axis": "x", "origin": [20.5, 18.67388, 16.24232]},
			"faces": {
				"north": {"uv": [9.375, 9, 9.625, 9.125], "texture": "#4"},
				"east": {"uv": [6.375, 9.75, 6.5, 9.875], "texture": "#4"},
				"south": {"uv": [9.375, 9.125, 9.625, 9.25], "texture": "#4"},
				"west": {"uv": [6.5, 9.75, 6.625, 9.875], "texture": "#4"},
				"up": {"uv": [9.625, 9.375, 9.375, 9.25], "texture": "#4"},
				"down": {"uv": [9.625, 9.375, 9.375, 9.5], "texture": "#4"}
			}
		},
		{
			"from": [19.25, 18.92388, 15.61732],
			"to": [21.75, 19.42388, 16.11732],
			"rotation": {"angle": 0, "axis": "x", "origin": [20.5, 18.67388, 16.24232]},
			"faces": {
				"north": {"uv": [4.25, 9, 4.625, 9.125], "texture": "#4"},
				"east": {"uv": [9.75, 6.75, 9.875, 6.875], "texture": "#4"},
				"south": {"uv": [4.625, 9, 5, 9.125], "texture": "#4"},
				"west": {"uv": [6.875, 9.75, 7, 9.875], "texture": "#4"},
				"up": {"uv": [9.375, 4.75, 9, 4.625], "texture": "#4"},
				"down": {"uv": [9.375, 4.875, 9, 5], "texture": "#4"}
			}
		},
		{
			"from": [19.25, 18.92388, 14.49843],
			"to": [21.75, 19.42388, 14.99843],
			"rotation": {"angle": 0, "axis": "x", "origin": [20.5, 18.67388, 15.12343]},
			"faces": {
				"north": {"uv": [5, 9, 5.375, 9.125], "texture": "#4"},
				"east": {"uv": [9.75, 6.875, 9.875, 7], "texture": "#4"},
				"south": {"uv": [9, 5, 9.375, 5.125], "texture": "#4"},
				"west": {"uv": [7, 9.75, 7.125, 9.875], "texture": "#4"},
				"up": {"uv": [9.375, 5.25, 9, 5.125], "texture": "#4"},
				"down": {"uv": [9.375, 5.25, 9, 5.375], "texture": "#4"}
			}
		},
		{
			"from": [19.75, 18.92388, 13.99843],
			"to": [21.25, 19.42388, 14.49843],
			"rotation": {"angle": 0, "axis": "x", "origin": [20.5, 18.67388, 14.62343]},
			"faces": {
				"north": {"uv": [0, 9.5, 0.25, 9.625], "texture": "#4"},
				"east": {"uv": [6.625, 9.75, 6.75, 9.875], "texture": "#4"},
				"south": {"uv": [9.5, 0, 9.75, 0.125], "texture": "#4"},
				"west": {"uv": [6.75, 9.75, 6.875, 9.875], "texture": "#4"},
				"up": {"uv": [0.5, 9.625, 0.25, 9.5], "texture": "#4"},
				"down": {"uv": [9.75, 0.25, 9.5, 0.375], "texture": "#4"}
			}
		},
		{
			"from": [19.75, 18.33746, 13.68287],
			"to": [21.25, 19.33746, 14.68287],
			"rotation": {"angle": 22.5, "axis": "x", "origin": [20.5, 18.58746, 14.05787]},
			"faces": {
				"north": {"uv": [9.375, 8.625, 9.625, 8.75], "texture": "#4"},
				"east": {"uv": [9.75, 6.125, 9.875, 6.25], "texture": "#4"},
				"south": {"uv": [8.75, 9.375, 9, 9.5], "texture": "#4"},
				"west": {"uv": [6.25, 9.75, 6.375, 9.875], "texture": "#4"},
				"up": {"uv": [9.625, 8.875, 9.375, 8.75], "texture": "#4"},
				"down": {"uv": [9.25, 9.375, 9, 9.5], "texture": "#4"}
			}
		},
		{
			"from": [18.5, 16, 12.25],
			"to": [22.5, 16.5, 15.5],
			"rotation": {"angle": 0, "axis": "y", "origin": [20.625, 14.59375, 15.59375]},
			"faces": {
				"north": {"uv": [4.625, 8.875, 5.125, 9], "texture": "#4"},
				"east": {"uv": [9, 2.625, 9.375, 2.75], "texture": "#4"},
				"south": {"uv": [8.875, 7.375, 9.375, 7.5], "texture": "#4"},
				"west": {"uv": [3.875, 9, 4.25, 9.125], "texture": "#4"},
				"up": {"uv": [8.5, 5, 8, 4.625], "texture": "#4"},
				"down": {"uv": [5.375, 8, 4.875, 8.375], "texture": "#4"}
			}
		},
		{
			"from": [-8, 16, 1],
			"to": [-6, 18, 5],
			"rotation": {"angle": -45, "axis": "y", "origin": [-7, 17, 3]},
			"faces": {
				"north": {"uv": [8.5, 4.75, 8.75, 5], "texture": "#4"},
				"east": {"uv": [8, 6, 8.5, 6.25], "texture": "#4"},
				"south": {"uv": [4.875, 8.5, 5.125, 8.75], "texture": "#4"},
				"west": {"uv": [0.25, 8.125, 0.75, 8.375], "texture": "#4"},
				"up": {"uv": [1, 8.625, 0.75, 8.125], "texture": "#4"},
				"down": {"uv": [2.25, 8.125, 2, 8.625], "texture": "#4"}
			}
		},
		{
			"from": [-4, 16, 1],
			"to": [-2, 18, 5],
			"rotation": {"angle": 22.5, "axis": "y", "origin": [-3, 17, 3]},
			"faces": {
				"north": {"uv": [5.125, 8.5, 5.375, 8.75], "texture": "#4"},
				"east": {"uv": [2.25, 8.125, 2.75, 8.375], "texture": "#4"},
				"south": {"uv": [5.375, 8.5, 5.625, 8.75], "texture": "#4"},
				"west": {"uv": [5.375, 8.125, 5.875, 8.375], "texture": "#4"},
				"up": {"uv": [3, 8.625, 2.75, 8.125], "texture": "#4"},
				"down": {"uv": [6.125, 8.125, 5.875, 8.625], "texture": "#4"}
			}
		},
		{
			"from": [12, 22, 2],
			"to": [16, 24, 4],
			"rotation": {"angle": -22.5, "axis": "y", "origin": [14, 23, 3]},
			"faces": {
				"north": {"uv": [8.25, 1.75, 8.75, 2], "texture": "#4"},
				"east": {"uv": [2, 8.625, 2.25, 8.875], "texture": "#4"},
				"south": {"uv": [8.25, 2, 8.75, 2.25], "texture": "#4"},
				"west": {"uv": [2.75, 8.625, 3, 8.875], "texture": "#4"},
				"up": {"uv": [8.75, 2.5, 8.25, 2.25], "texture": "#4"},
				"down": {"uv": [8.75, 2.5, 8.25, 2.75], "texture": "#4"}
			}
		},
		{
			"from": [-6.75, 18, 2],
			"to": [-2.75, 20, 4],
			"rotation": {"angle": -22.5, "axis": "y", "origin": [-4.75, 19, 3]},
			"faces": {
				"north": {"uv": [6.125, 8.125, 6.625, 8.375], "texture": "#4"},
				"east": {"uv": [8.5, 6, 8.75, 6.25], "texture": "#4"},
				"south": {"uv": [8.25, 1, 8.75, 1.25], "texture": "#4"},
				"west": {"uv": [8.25, 8.5, 8.5, 8.75], "texture": "#4"},
				"up": {"uv": [8.75, 1.5, 8.25, 1.25], "texture": "#4"},
				"down": {"uv": [8.75, 1.5, 8.25, 1.75], "texture": "#4"}
			}
		},
		{
			"from": [11.25, 16, 8],
			"to": [13.25, 16.5, 10],
			"rotation": {"angle": -22.5, "axis": "y", "origin": [12.25, 17.125, 9]},
			"faces": {
				"north": {"uv": [9.125, 1.25, 9.375, 1.375], "texture": "#4"},
				"east": {"uv": [1.375, 9.125, 1.625, 9.25], "texture": "#4"},
				"south": {"uv": [9.125, 1.375, 9.375, 1.5], "texture": "#4"},
				"west": {"uv": [9.125, 1.625, 9.375, 1.75], "texture": "#4"},
				"up": {"uv": [8.875, 8.75, 8.625, 8.5], "texture": "#4"},
				"down": {"uv": [9, 0.375, 8.75, 0.625], "texture": "#4"}
			}
		},
		{
			"from": [11.25, 17.75, 8],
			"to": [13.25, 18.25, 10],
			"rotation": {"angle": -22.5, "axis": "y", "origin": [12.25, 17.125, 9]},
			"faces": {
				"north": {"uv": [9.125, 1.75, 9.375, 1.875], "texture": "#4"},
				"east": {"uv": [9.125, 1.875, 9.375, 2], "texture": "#4"},
				"south": {"uv": [2, 9.125, 2.25, 9.25], "texture": "#4"},
				"west": {"uv": [9.125, 2.25, 9.375, 2.375], "texture": "#4"},
				"up": {"uv": [9, 2.5, 8.75, 2.25], "texture": "#4"},
				"down": {"uv": [9, 2.5, 8.75, 2.75], "texture": "#4"}
			}
		},
		{
			"from": [11.5, 16.5, 8.25],
			"to": [13, 18, 9.75],
			"rotation": {"angle": -22.5, "axis": "y", "origin": [12.25, 17.125, 9]},
			"faces": {
				"north": {"uv": [8.75, 0.625, 9, 0.875], "texture": "#4"},
				"east": {"uv": [8.75, 1, 9, 1.25], "texture": "#4"},
				"south": {"uv": [8.75, 1.25, 9, 1.5], "texture": "#4"},
				"west": {"uv": [8.75, 1.5, 9, 1.75], "texture": "#4"},
				"up": {"uv": [9, 2, 8.75, 1.75], "texture": "#4"},
				"down": {"uv": [9, 2, 8.75, 2.25], "texture": "#4"}
			}
		},
		{
			"from": [0, 16, 2.75],
			"to": [2, 16.5, 4.75],
			"rotation": {"angle": 22.5, "axis": "y", "origin": [1, 17.125, 3.75]},
			"faces": {
				"north": {"uv": [9.125, 5.5, 9.375, 5.625], "texture": "#4"},
				"east": {"uv": [5.625, 9.125, 5.875, 9.25], "texture": "#4"},
				"south": {"uv": [9.125, 5.625, 9.375, 5.75], "texture": "#4"},
				"west": {"uv": [5.875, 9.125, 6.125, 9.25], "texture": "#4"},
				"up": {"uv": [6.875, 9, 6.625, 8.75], "texture": "#4"},
				"down": {"uv": [7.5, 8.75, 7.25, 9], "texture": "#4"}
			}
		},
		{
			"from": [0.25, 16.5, 3],
			"to": [1.75, 18, 4.5],
			"rotation": {"angle": 22.5, "axis": "y", "origin": [1, 17.125, 3.75]},
			"faces": {
				"north": {"uv": [5.375, 8.75, 5.625, 9], "texture": "#4"},
				"east": {"uv": [5.625, 8.75, 5.875, 9], "texture": "#4"},
				"south": {"uv": [5.875, 8.75, 6.125, 9], "texture": "#4"},
				"west": {"uv": [8.75, 6, 9, 6.25], "texture": "#4"},
				"up": {"uv": [6.375, 9, 6.125, 8.75], "texture": "#4"},
				"down": {"uv": [6.625, 8.75, 6.375, 9], "texture": "#4"}
			}
		},
		{
			"from": [0, 17.75, 2.75],
			"to": [2, 18.25, 4.75],
			"rotation": {"angle": 22.5, "axis": "y", "origin": [1, 17.125, 3.75]},
			"faces": {
				"north": {"uv": [4.375, 9.125, 4.625, 9.25], "texture": "#4"},
				"east": {"uv": [4.625, 9.125, 4.875, 9.25], "texture": "#4"},
				"south": {"uv": [4.875, 9.125, 5.125, 9.25], "texture": "#4"},
				"west": {"uv": [5.125, 9.125, 5.375, 9.25], "texture": "#4"},
				"up": {"uv": [5.375, 9, 5.125, 8.75], "texture": "#4"},
				"down": {"uv": [9, 5.125, 8.75, 5.375], "texture": "#4"}
			}
		},
		{
			"from": [3, 16, 2],
			"to": [5, 16.5, 4],
			"rotation": {"angle": -45, "axis": "y", "origin": [4, 17.125, 3]},
			"faces": {
				"north": {"uv": [5.625, 9.125, 5.875, 9.25], "texture": "#4"},
				"east": {"uv": [9.125, 5.625, 9.375, 5.75], "texture": "#4"},
				"south": {"uv": [5.875, 9.125, 6.125, 9.25], "texture": "#4"},
				"west": {"uv": [9.125, 5.5, 9.375, 5.625], "texture": "#4"},
				"up": {"uv": [6.875, 9, 6.625, 8.75], "rotation": 270, "texture": "#4"},
				"down": {"uv": [7.5, 8.75, 7.25, 9], "rotation": 90, "texture": "#4"}
			}
		},
		{
			"from": [3.25, 16.5, 2.25],
			"to": [4.75, 18, 3.75],
			"rotation": {"angle": -45, "axis": "y", "origin": [4, 17.125, 3]},
			"faces": {
				"north": {"uv": [5.625, 8.75, 5.875, 9], "texture": "#4"},
				"east": {"uv": [5.875, 8.75, 6.125, 9], "texture": "#4"},
				"south": {"uv": [8.75, 6, 9, 6.25], "texture": "#4"},
				"west": {"uv": [5.375, 8.75, 5.625, 9], "texture": "#4"},
				"up": {"uv": [6.375, 9, 6.125, 8.75], "rotation": 270, "texture": "#4"},
				"down": {"uv": [6.625, 8.75, 6.375, 9], "rotation": 90, "texture": "#4"}
			}
		},
		{
			"from": [3, 17.75, 2],
			"to": [5, 18.25, 4],
			"rotation": {"angle": -45, "axis": "y", "origin": [4, 17.125, 3]},
			"faces": {
				"north": {"uv": [4.625, 9.125, 4.875, 9.25], "texture": "#4"},
				"east": {"uv": [4.875, 9.125, 5.125, 9.25], "texture": "#4"},
				"south": {"uv": [5.125, 9.125, 5.375, 9.25], "texture": "#4"},
				"west": {"uv": [4.375, 9.125, 4.625, 9.25], "texture": "#4"},
				"up": {"uv": [5.375, 9, 5.125, 8.75], "rotation": 270, "texture": "#4"},
				"down": {"uv": [9, 5.125, 8.75, 5.375], "rotation": 90, "texture": "#4"}
			}
		},
		{
			"from": [7, 16, 3],
			"to": [11, 17, 8],
			"rotation": {"angle": 0, "axis": "y", "origin": [7, 16, 3]},
			"faces": {
				"north": {"uv": [3, 8.75, 3.5, 8.875], "texture": "#4"},
				"east": {"uv": [8.5, 0.125, 9.125, 0.25], "texture": "#4"},
				"south": {"uv": [4.125, 8.75, 4.625, 8.875], "texture": "#4"},
				"west": {"uv": [8.5, 0.25, 9.125, 0.375], "texture": "#4"},
				"up": {"uv": [2.5, 8.125, 2, 7.5], "texture": "#4"},
				"down": {"uv": [3, 7.5, 2.5, 8.125], "texture": "#4"}
			}
		},
		{
			"from": [7.25, 17, 5.75],
			"to": [10.75, 17.25, 7.75],
			"rotation": {"angle": 0, "axis": "y", "origin": [7, 16, 3]},
			"faces": {
				"north": {"uv": [2.75, 8.875, 3.25, 9], "texture": "#4"},
				"east": {"uv": [9.25, 0, 9.5, 0.125], "texture": "#4"},
				"south": {"uv": [4.125, 8.875, 4.625, 9], "texture": "#4"},
				"west": {"uv": [9.25, 4.75, 9.5, 4.875], "texture": "#4"},
				"up": {"uv": [8.75, 5.25, 8.25, 5], "texture": "#4"},
				"down": {"uv": [8.75, 5.25, 8.25, 5.5], "texture": "#4"}
			}
		},
		{
			"from": [7, 17.05761, 3.21037],
			"to": [11, 18.05761, 5.71037],
			"rotation": {"angle": 22.5, "axis": "x", "origin": [9, 17.55761, 2.96037]},
			"faces": {
				"north": {"uv": [4.625, 8.75, 5.125, 8.875], "texture": "#4"},
				"east": {"uv": [8, 8.875, 8.375, 9], "texture": "#4"},
				"south": {"uv": [8.75, 4.75, 9.25, 4.875], "texture": "#4"},
				"west": {"uv": [8.875, 8.5, 9.25, 8.625], "texture": "#4"},
				"up": {"uv": [0.5, 8.125, 0, 7.75], "texture": "#4"},
				"down": {"uv": [1, 7.75, 0.5, 8.125], "texture": "#4"}
			}
		},
		{
			"from": [8.25, 18.05761, 3.71037],
			"to": [9.75, 19.30761, 5.21037],
			"rotation": {"angle": 22.5, "axis": "x", "origin": [9, 17.55761, 2.96037]},
			"faces": {
				"north": {"uv": [9.125, 2.375, 9.375, 2.5], "texture": "#4"},
				"east": {"uv": [9.125, 2.5, 9.375, 2.625], "texture": "#4"},
				"south": {"uv": [3.25, 9.125, 3.5, 9.25], "texture": "#4"},
				"west": {"uv": [3.75, 9.125, 4, 9.25], "texture": "#4"},
				"up": {"uv": [3.75, 9, 3.5, 8.75], "texture": "#4"},
				"down": {"uv": [9, 4.875, 8.75, 5.125], "texture": "#4"}
			}
		},
		{
			"from": [8.5, 20.05761, 3.96037],
			"to": [9.5, 22.80761, 4.96037],
			"rotation": {"angle": 22.5, "axis": "x", "origin": [9, 17.55761, 2.96037]},
			"faces": {
				"north": {"uv": [0.875, 8.625, 1, 9], "texture": "#4"},
				"east": {"uv": [3.75, 8.75, 3.875, 9.125], "texture": "#4"},
				"south": {"uv": [8.375, 8.875, 8.5, 9.25], "texture": "#4"},
				"west": {"uv": [8.625, 8.875, 8.75, 9.25], "texture": "#4"},
				"up": {"uv": [4, 9.625, 3.875, 9.5], "texture": "#4"},
				"down": {"uv": [4.25, 9.5, 4.125, 9.625], "texture": "#4"}
			}
		},
		{
			"from": [8.75, 22.80761, 4.21037],
			"to": [9, 23.55761, 4.46037],
			"rotation": {"angle": 22.5, "axis": "x", "origin": [9, 17.55761, 2.96037]},
			"faces": {
				"north": {"uv": [9.5, 4.125, 9.625, 4.25], "texture": "#4"},
				"east": {"uv": [4.25, 9.5, 4.375, 9.625], "texture": "#4"},
				"south": {"uv": [9.5, 4.25, 9.625, 4.375], "texture": "#4"},
				"west": {"uv": [4.375, 9.5, 4.5, 9.625], "texture": "#4"},
				"up": {"uv": [9.625, 4.5, 9.5, 4.375], "texture": "#4"},
				"down": {"uv": [4.625, 9.5, 4.5, 9.625], "texture": "#4"}
			}
		},
		{
			"from": [8.52145, 22.32864, 6.39229],
			"to": [8.77145, 23.07864, 6.64229],
			"rotation": {"angle": 45, "axis": "z", "origin": [8.64645, 22.70364, 6.51729]},
			"faces": {
				"north": {"uv": [9.5, 4.5, 9.625, 4.625], "texture": "#4"},
				"east": {"uv": [4.625, 9.5, 4.75, 9.625], "texture": "#4"},
				"south": {"uv": [4.75, 9.5, 4.875, 9.625], "texture": "#4"},
				"west": {"uv": [9.5, 4.75, 9.625, 4.875], "texture": "#4"},
				"up": {"uv": [9.625, 5, 9.5, 4.875], "texture": "#4"},
				"down": {"uv": [5.125, 9.5, 5, 9.625], "texture": "#4"}
			}
		},
		{
			"from": [7.79605, 22.6732, 6.39229],
			"to": [8.54605, 22.9232, 6.64229],
			"rotation": {"angle": 22.5, "axis": "z", "origin": [8.17105, 22.7982, 6.51729]},
			"faces": {
				"north": {"uv": [9.5, 5, 9.625, 5.125], "texture": "#4"},
				"east": {"uv": [5.125, 9.5, 5.25, 9.625], "texture": "#4"},
				"south": {"uv": [9.5, 5.375, 9.625, 5.5], "texture": "#4"},
				"west": {"uv": [5.625, 9.5, 5.75, 9.625], "texture": "#4"},
				"up": {"uv": [5.875, 9.625, 5.75, 9.5], "texture": "#4"},
				"down": {"uv": [9.625, 5.75, 9.5, 5.875], "texture": "#4"}
			}
		},
		{
			"from": [7.77676, 22.02018, 6.39229],
			"to": [8.02676, 22.77018, 6.64229],
			"rotation": {"angle": 0, "axis": "y", "origin": [7.90176, 23.39518, 6.51729]},
			"faces": {
				"north": {"uv": [9.5, 5.875, 9.625, 6], "texture": "#4"},
				"east": {"uv": [6, 9.5, 6.125, 9.625], "texture": "#4"},
				"south": {"uv": [9.5, 6, 9.625, 6.125], "texture": "#4"},
				"west": {"uv": [6.125, 9.5, 6.25, 9.625], "texture": "#4"},
				"up": {"uv": [9.625, 6.25, 9.5, 6.125], "texture": "#4"},
				"down": {"uv": [6.5, 9.5, 6.375, 9.625], "texture": "#4"}
			}
		},
		{
			"from": [7.77676, 19.7613, 5.45663],
			"to": [8.02676, 22.5113, 5.70663],
			"rotation": {"angle": 45, "axis": "x", "origin": [7.90176, 21.1363, 5.58163]},
			"faces": {
				"north": {"uv": [8.75, 8.875, 8.875, 9.25], "texture": "#4"},
				"east": {"uv": [8.875, 8.875, 9, 9.25], "texture": "#4"},
				"south": {"uv": [0.25, 9, 0.375, 9.375], "texture": "#4"},
				"west": {"uv": [0.375, 9, 0.5, 9.375], "texture": "#4"},
				"up": {"uv": [6.625, 9.625, 6.5, 9.5], "texture": "#4"},
				"down": {"uv": [6.875, 9.5, 6.75, 9.625], "texture": "#4"}
			}
		},
		{
			"from": [7.26009, 17.65491, 4.52097],
			"to": [7.51009, 20.40491, 4.77097],
			"rotation": {"angle": -22.5, "axis": "z", "origin": [7.38509, 19.02991, 4.64597]},
			"faces": {
				"north": {"uv": [9, 0.375, 9.125, 0.75], "texture": "#4"},
				"east": {"uv": [0.5, 9, 0.625, 9.375], "texture": "#4"},
				"south": {"uv": [0.625, 9, 0.75, 9.375], "texture": "#4"},
				"west": {"uv": [9, 0.75, 9.125, 1.125], "texture": "#4"},
				"up": {"uv": [7.25, 9.625, 7.125, 9.5], "texture": "#4"},
				"down": {"uv": [7.375, 9.5, 7.25, 9.625], "texture": "#4"}
			}
		},
		{
			"from": [7.06035, 17.04225, 4.52097],
			"to": [7.31035, 18.04225, 4.77097],
			"rotation": {"angle": 45, "axis": "z", "origin": [7.18535, 17.54225, 4.64597]},
			"faces": {
				"north": {"uv": [7.375, 9.5, 7.5, 9.625], "texture": "#4"},
				"east": {"uv": [9.5, 7.375, 9.625, 7.5], "texture": "#4"},
				"south": {"uv": [7.5, 9.5, 7.625, 9.625], "texture": "#4"},
				"west": {"uv": [9.5, 7.5, 9.625, 7.625], "texture": "#4"},
				"up": {"uv": [7.75, 9.625, 7.625, 9.5], "texture": "#4"},
				"down": {"uv": [7.875, 9.5, 7.75, 9.625], "texture": "#4"}
			}
		},
		{
			"from": [8.75, 19.30761, 4.21037],
			"to": [9.25, 21.30761, 4.71037],
			"rotation": {"angle": 22.5, "axis": "x", "origin": [9, 17.55761, 2.96037]},
			"faces": {
				"north": {"uv": [1.625, 9.125, 1.75, 9.375], "texture": "#4"},
				"east": {"uv": [4, 9.125, 4.125, 9.375], "texture": "#4"},
				"south": {"uv": [4.125, 9.125, 4.25, 9.375], "texture": "#4"},
				"west": {"uv": [4.25, 9.125, 4.375, 9.375], "texture": "#4"},
				"up": {"uv": [9.625, 3.5, 9.5, 3.375], "texture": "#4"},
				"down": {"uv": [3.875, 9.5, 3.75, 9.625], "texture": "#4"}
			}
		},
		{
			"from": [5.65, 16.15, 11],
			"to": [6.35, 16.85, 13],
			"rotation": {"angle": 45, "axis": "y", "origin": [7.5, 16, 9]},
			"faces": {
				"north": {"uv": [2.75, 9.5, 2.875, 9.625], "texture": "#4"},
				"east": {"uv": [9.125, 0.5, 9.375, 0.625], "texture": "#4"},
				"south": {"uv": [9.5, 2.875, 9.625, 3], "texture": "#4"},
				"west": {"uv": [9.125, 0.625, 9.375, 0.75], "texture": "#4"},
				"up": {"uv": [0.875, 9.375, 0.75, 9.125], "texture": "#4"},
				"down": {"uv": [9.25, 0.75, 9.125, 1], "texture": "#4"}
			}
		},
		{
			"from": [5.55, 16.05, 13],
			"to": [6.45, 16.95, 15.5],
			"rotation": {"angle": 45, "axis": "y", "origin": [7.5, 16, 9]},
			"faces": {
				"north": {"uv": [9.625, 0.125, 9.75, 0.25], "texture": "#4"},
				"east": {"uv": [8.875, 8.625, 9.25, 8.75], "texture": "#4"},
				"south": {"uv": [0.25, 9.625, 0.375, 9.75], "texture": "#4"},
				"west": {"uv": [0.875, 9, 1.25, 9.125], "texture": "#4"},
				"up": {"uv": [9.125, 1.5, 9, 1.125], "texture": "#4"},
				"down": {"uv": [1.375, 9, 1.25, 9.375], "texture": "#4"}
			}
		},
		{
			"from": [4, 15.9, 9.75],
			"to": [4.75, 17.1, 11],
			"rotation": {"angle": 45, "axis": "y", "origin": [7.5, 16, 9]},
			"faces": {
				"north": {"uv": [8.375, 9.5, 8.5, 9.625], "texture": "#4"},
				"east": {"uv": [8.625, 9.5, 8.75, 9.625], "texture": "#4"},
				"south": {"uv": [8.75, 9.5, 8.875, 9.625], "texture": "#4"},
				"west": {"uv": [8.875, 9.5, 9, 9.625], "texture": "#4"},
				"up": {"uv": [9.625, 9, 9.5, 8.875], "texture": "#4"},
				"down": {"uv": [9.125, 9.5, 9, 9.625], "texture": "#4"}
			}
		},
		{
			"from": [5.25, 15.9, 9.75],
			"to": [6.75, 17.1, 11],
			"rotation": {"angle": 45, "axis": "y", "origin": [7.5, 16, 9]},
			"faces": {
				"north": {"uv": [0, 9.125, 0.25, 9.25], "texture": "#4"},
				"east": {"uv": [2.625, 9.5, 2.75, 9.625], "texture": "#4"},
				"south": {"uv": [9.125, 0.125, 9.375, 0.25], "texture": "#4"},
				"west": {"uv": [9.5, 2.625, 9.625, 2.75], "texture": "#4"},
				"up": {"uv": [9.375, 0.375, 9.125, 0.25], "texture": "#4"},
				"down": {"uv": [9.375, 0.375, 9.125, 0.5], "texture": "#4"}
			}
		},
		{
			"from": [6.75, 15.9, 10],
			"to": [7.5, 17.1, 10.75],
			"rotation": {"angle": 45, "axis": "y", "origin": [7.5, 16, 9]},
			"faces": {
				"north": {"uv": [9.125, 9.5, 9.25, 9.625], "texture": "#4"},
				"east": {"uv": [9.25, 9.5, 9.375, 9.625], "texture": "#4"},
				"south": {"uv": [9.375, 9.5, 9.5, 9.625], "texture": "#4"},
				"west": {"uv": [9.5, 9.5, 9.625, 9.625], "texture": "#4"},
				"up": {"uv": [0.125, 9.75, 0, 9.625], "texture": "#4"},
				"down": {"uv": [0.25, 9.625, 0.125, 9.75], "texture": "#4"}
			}
		},
		{
			"from": [4.75, 16.15, 10],
			"to": [5.25, 16.85, 10.75],
			"rotation": {"angle": 45, "axis": "y", "origin": [7.5, 16, 9]},
			"faces": {
				"north": {"uv": [7.875, 9.5, 8, 9.625], "texture": "#4"},
				"east": {"uv": [9.5, 7.875, 9.625, 8], "texture": "#4"},
				"south": {"uv": [8, 9.5, 8.125, 9.625], "texture": "#4"},
				"west": {"uv": [9.5, 8, 9.625, 8.125], "texture": "#4"},
				"up": {"uv": [8.25, 9.625, 8.125, 9.5], "texture": "#4"},
				"down": {"uv": [8.375, 9.5, 8.25, 9.625], "texture": "#4"}
			}
		},
		{
			"from": [11.75, 16, 1],
			"to": [19.5, 20, 4],
			"rotation": {"angle": 0, "axis": "y", "origin": [-1, 0, 0]},
			"faces": {
				"north": {"uv": [2.125, 7, 3.125, 7.5], "texture": "#4"},
				"east": {"uv": [4.125, 8, 4.5, 8.5], "texture": "#4"},
				"south": {"uv": [0, 7.25, 1, 7.75], "texture": "#4"},
				"west": {"uv": [4.5, 8, 4.875, 8.5], "texture": "#4"},
				"up": {"uv": [5.125, 7.75, 4.125, 7.375], "texture": "#4"},
				"down": {"uv": [6.125, 7.375, 5.125, 7.75], "texture": "#4"}
			}
		},
		{
			"from": [12, 18.75, 2.75],
			"to": [13.25, 19.75, 4.25],
			"rotation": {"angle": 0, "axis": "y", "origin": [-1, 0, 0]},
			"faces": {
				"north": {"uv": [9.375, 9.625, 9.5, 9.75], "texture": "#4"},
				"east": {"uv": [4.875, 9.25, 5.125, 9.375], "texture": "#4"},
				"south": {"uv": [9.625, 9.375, 9.75, 9.5], "texture": "#4"},
				"west": {"uv": [5.125, 9.25, 5.375, 9.375], "texture": "#4"},
				"up": {"uv": [5.75, 9.5, 5.625, 9.25], "texture": "#4"},
				"down": {"uv": [5.875, 9.25, 5.75, 9.5], "texture": "#4"}
			}
		},
		{
			"from": [12, 17.5, 2.75],
			"to": [13.25, 18.5, 4.25],
			"rotation": {"angle": 0, "axis": "y", "origin": [-1, 0, 0]},
			"faces": {
				"north": {"uv": [9.5, 9.625, 9.625, 9.75], "texture": "#4"},
				"east": {"uv": [9.25, 5.375, 9.5, 5.5], "texture": "#4"},
				"south": {"uv": [9.625, 9.5, 9.75, 9.625], "texture": "#4"},
				"west": {"uv": [5.875, 9.25, 6.125, 9.375], "texture": "#4"},
				"up": {"uv": [6.875, 9.5, 6.75, 9.25], "texture": "#4"},
				"down": {"uv": [9.375, 6.75, 9.25, 7], "texture": "#4"}
			}
		},
		{
			"from": [12, 16.25, 2.75],
			"to": [13.25, 17.25, 4.25],
			"rotation": {"angle": 0, "axis": "y", "origin": [-1, 0, 0]},
			"faces": {
				"north": {"uv": [9.625, 9.625, 9.75, 9.75], "texture": "#4"},
				"east": {"uv": [6.875, 9.25, 7.125, 9.375], "texture": "#4"},
				"south": {"uv": [0, 9.75, 0.125, 9.875], "texture": "#4"},
				"west": {"uv": [9.25, 7.875, 9.5, 8], "texture": "#4"},
				"up": {"uv": [7.25, 9.5, 7.125, 9.25], "texture": "#4"},
				"down": {"uv": [9.375, 8.25, 9.25, 8.5], "texture": "#4"}
			}
		},
		{
			"from": [13.5, 16.25, 2.75],
			"to": [14.75, 17.25, 4.25],
			"rotation": {"angle": 0, "axis": "y", "origin": [-1, 0, 0]},
			"faces": {
				"north": {"uv": [9.75, 0.125, 9.875, 0.25], "texture": "#4"},
				"east": {"uv": [8.75, 9.25, 9, 9.375], "texture": "#4"},
				"south": {"uv": [0.25, 9.75, 0.375, 9.875], "texture": "#4"},
				"west": {"uv": [9.25, 8.875, 9.5, 9], "texture": "#4"},
				"up": {"uv": [9.375, 9.25, 9.25, 9], "texture": "#4"},
				"down": {"uv": [9.375, 9.25, 9.25, 9.5], "texture": "#4"}
			}
		},
		{
			"from": [13.5, 18.75, 2.75],
			"to": [14.75, 19.75, 4.25],
			"rotation": {"angle": 0, "axis": "y", "origin": [-1, 0, 0]},
			"faces": {
				"north": {"uv": [9.75, 0, 9.875, 0.125], "texture": "#4"},
				"east": {"uv": [9.25, 8, 9.5, 8.125], "texture": "#4"},
				"south": {"uv": [0.125, 9.75, 0.25, 9.875], "texture": "#4"},
				"west": {"uv": [8.375, 9.25, 8.625, 9.375], "texture": "#4"},
				"up": {"uv": [9.375, 8.75, 9.25, 8.5], "texture": "#4"},
				"down": {"uv": [8.75, 9.25, 8.625, 9.5], "texture": "#4"}
			}
		},
		{
			"from": [15, 17.5, 2.75],
			"to": [16.25, 18.5, 4.25],
			"rotation": {"angle": 0, "axis": "y", "origin": [-1, 0, 0]},
			"faces": {
				"north": {"uv": [9.75, 0.25, 9.875, 0.375], "texture": "#4"},
				"east": {"uv": [9.375, 0.125, 9.625, 0.25], "texture": "#4"},
				"south": {"uv": [0.375, 9.75, 0.5, 9.875], "texture": "#4"},
				"west": {"uv": [0.25, 9.375, 0.5, 9.5], "texture": "#4"},
				"up": {"uv": [9.5, 0.5, 9.375, 0.25], "texture": "#4"},
				"down": {"uv": [0.625, 9.375, 0.5, 9.625], "texture": "#4"}
			}
		},
		{
			"from": [16.5, 16.25, 2.75],
			"to": [17.75, 17.25, 4.25],
			"rotation": {"angle": 0, "axis": "y", "origin": [-1, 0, 0]},
			"faces": {
				"north": {"uv": [9.75, 0.625, 9.875, 0.75], "texture": "#4"},
				"east": {"uv": [9.375, 1.25, 9.625, 1.375], "texture": "#4"},
				"south": {"uv": [0.75, 9.75, 0.875, 9.875], "texture": "#4"},
				"west": {"uv": [9.375, 1.375, 9.625, 1.5], "texture": "#4"},
				"up": {"uv": [9.5, 1.75, 9.375, 1.5], "texture": "#4"},
				"down": {"uv": [1.75, 9.375, 1.625, 9.625], "texture": "#4"}
			}
		},
		{
			"from": [16.5, 17.5, 2.75],
			"to": [17.75, 18.5, 4.25],
			"rotation": {"angle": 0, "axis": "y", "origin": [-1, 0, 0]},
			"faces": {
				"north": {"uv": [9.75, 0.5, 9.875, 0.625], "texture": "#4"},
				"east": {"uv": [9.375, 0.875, 9.625, 1], "texture": "#4"},
				"south": {"uv": [0.625, 9.75, 0.75, 9.875], "texture": "#4"},
				"west": {"uv": [1, 9.375, 1.25, 9.5], "texture": "#4"},
				"up": {"uv": [9.5, 1.25, 9.375, 1], "texture": "#4"},
				"down": {"uv": [1.375, 9.375, 1.25, 9.625], "texture": "#4"}
			}
		},
		{
			"from": [16.5, 18.75, 2.75],
			"to": [17.75, 19.75, 4.25],
			"rotation": {"angle": 0, "axis": "y", "origin": [-1, 0, 0]},
			"faces": {
				"north": {"uv": [9.75, 0.375, 9.875, 0.5], "texture": "#4"},
				"east": {"uv": [9.375, 0.5, 9.625, 0.625], "texture": "#4"},
				"south": {"uv": [0.5, 9.75, 0.625, 9.875], "texture": "#4"},
				"west": {"uv": [0.625, 9.375, 0.875, 9.5], "texture": "#4"},
				"up": {"uv": [9.5, 0.875, 9.375, 0.625], "texture": "#4"},
				"down": {"uv": [1, 9.375, 0.875, 9.625], "texture": "#4"}
			}
		},
		{
			"from": [18, 18.75, 2.75],
			"to": [19.25, 19.75, 4.25],
			"rotation": {"angle": 0, "axis": "y", "origin": [-1, 0, 0]},
			"faces": {
				"north": {"uv": [9.75, 0.75, 9.875, 0.875], "texture": "#4"},
				"east": {"uv": [1.75, 9.375, 2, 9.5], "texture": "#4"},
				"south": {"uv": [0.875, 9.75, 1, 9.875], "texture": "#4"},
				"west": {"uv": [9.375, 1.75, 9.625, 1.875], "texture": "#4"},
				"up": {"uv": [9.5, 2.125, 9.375, 1.875], "texture": "#4"},
				"down": {"uv": [9.5, 2.125, 9.375, 2.375], "texture": "#4"}
			}
		},
		{
			"from": [-5.625, 16, 10.25184],
			"to": [-5.125, 16.5, 11.00184],
			"rotation": {"angle": -22.5, "axis": "y", "origin": [-4.625, 16.25, 8.46681]},
			"faces": {
				"north": {"uv": [9.625, 0.5, 9.75, 0.625], "texture": "#4"},
				"east": {"uv": [0.625, 9.625, 0.75, 9.75], "texture": "#4"},
				"south": {"uv": [9.625, 0.625, 9.75, 0.75], "texture": "#4"},
				"west": {"uv": [0.75, 9.625, 0.875, 9.75], "texture": "#4"},
				"up": {"uv": [9.75, 0.875, 9.625, 0.75], "texture": "#4"},
				"down": {"uv": [1, 9.625, 0.875, 9.75], "texture": "#4"}
			}
		},
		{
			"from": [-6.59431, 16, 9.02191],
			"to": [-5.59431, 16.5, 9.52191],
			"rotation": {"angle": 22.5, "axis": "y", "origin": [-4.625, 16.25, 8.46681]},
			"faces": {
				"north": {"uv": [9.625, 1.375, 9.75, 1.5], "texture": "#4"},
				"east": {"uv": [1.5, 9.625, 1.625, 9.75], "texture": "#4"},
				"south": {"uv": [9.625, 1.5, 9.75, 1.625], "texture": "#4"},
				"west": {"uv": [1.625, 9.625, 1.75, 9.75], "texture": "#4"},
				"up": {"uv": [9.75, 1.75, 9.625, 1.625], "texture": "#4"},
				"down": {"uv": [9.75, 1.75, 9.625, 1.875], "texture": "#4"}
			}
		},
		{
			"from": [-5.6801, 16, 9.43612],
			"to": [-5.1801, 16.5, 10.43612],
			"rotation": {"angle": 22.5, "axis": "y", "origin": [-4.625, 16.25, 8.46681]},
			"faces": {
				"north": {"uv": [9.625, 1.875, 9.75, 2], "texture": "#4"},
				"east": {"uv": [2, 9.625, 2.125, 9.75], "texture": "#4"},
				"south": {"uv": [9.625, 2, 9.75, 2.125], "texture": "#4"},
				"west": {"uv": [2.125, 9.625, 2.25, 9.75], "texture": "#4"},
				"up": {"uv": [2.375, 9.75, 2.25, 9.625], "texture": "#4"},
				"down": {"uv": [9.75, 2.25, 9.625, 2.375], "texture": "#4"}
			}
		},
		{
			"from": [-4.125, 16, 10.25184],
			"to": [-3.625, 16.5, 11.00184],
			"rotation": {"angle": -22.5, "axis": "y", "origin": [-4.625, 16.25, 8.46681]},
			"faces": {
				"north": {"uv": [9.625, 0.875, 9.75, 1], "texture": "#4"},
				"east": {"uv": [1, 9.625, 1.125, 9.75], "texture": "#4"},
				"south": {"uv": [1.125, 9.625, 1.25, 9.75], "texture": "#4"},
				"west": {"uv": [1.25, 9.625, 1.375, 9.75], "texture": "#4"},
				"up": {"uv": [9.75, 1.375, 9.625, 1.25], "texture": "#4"},
				"down": {"uv": [1.5, 9.625, 1.375, 9.75], "texture": "#4"}
			}
		},
		{
			"from": [-4.125, 16, 5.93178],
			"to": [-3.625, 16.5, 6.68178],
			"rotation": {"angle": -22.5, "axis": "y", "origin": [-4.625, 16.25, 8.46681]},
			"faces": {
				"north": {"uv": [3.5, 9.625, 3.625, 9.75], "texture": "#4"},
				"east": {"uv": [9.625, 3.5, 9.75, 3.625], "texture": "#4"},
				"south": {"uv": [3.625, 9.625, 3.75, 9.75], "texture": "#4"},
				"west": {"uv": [9.625, 3.625, 9.75, 3.75], "texture": "#4"},
				"up": {"uv": [3.875, 9.75, 3.75, 9.625], "texture": "#4"},
				"down": {"uv": [4, 9.625, 3.875, 9.75], "texture": "#4"}
			}
		},
		{
			"from": [-3.65569, 16, 7.41171],
			"to": [-2.65569, 16.5, 7.91171],
			"rotation": {"angle": 22.5, "axis": "y", "origin": [-4.625, 16.25, 8.46681]},
			"faces": {
				"north": {"uv": [3.125, 9.625, 3.25, 9.75], "texture": "#4"},
				"east": {"uv": [9.625, 3.125, 9.75, 3.25], "texture": "#4"},
				"south": {"uv": [3.25, 9.625, 3.375, 9.75], "texture": "#4"},
				"west": {"uv": [9.625, 3.25, 9.75, 3.375], "texture": "#4"},
				"up": {"uv": [3.5, 9.75, 3.375, 9.625], "texture": "#4"},
				"down": {"uv": [9.75, 3.375, 9.625, 3.5], "texture": "#4"}
			}
		},
		{
			"from": [-5.625, 16, 5.93178],
			"to": [-5.125, 16.5, 6.68178],
			"rotation": {"angle": -22.5, "axis": "y", "origin": [-4.625, 16.25, 8.46681]},
			"faces": {
				"north": {"uv": [2.75, 9.625, 2.875, 9.75], "texture": "#4"},
				"east": {"uv": [9.625, 2.75, 9.75, 2.875], "texture": "#4"},
				"south": {"uv": [2.875, 9.625, 3, 9.75], "texture": "#4"},
				"west": {"uv": [9.625, 2.875, 9.75, 3], "texture": "#4"},
				"up": {"uv": [3.125, 9.75, 3, 9.625], "texture": "#4"},
				"down": {"uv": [9.75, 3, 9.625, 3.125], "texture": "#4"}
			}
		},
		{
			"from": [-4.0699, 16, 6.4975],
			"to": [-3.5699, 16.5, 7.4975],
			"rotation": {"angle": 22.5, "axis": "y", "origin": [-4.625, 16.25, 8.46681]},
			"faces": {
				"north": {"uv": [2.375, 9.625, 2.5, 9.75], "texture": "#4"},
				"east": {"uv": [9.625, 2.375, 9.75, 2.5], "texture": "#4"},
				"south": {"uv": [2.5, 9.625, 2.625, 9.75], "texture": "#4"},
				"west": {"uv": [9.625, 2.5, 9.75, 2.625], "texture": "#4"},
				"up": {"uv": [2.75, 9.75, 2.625, 9.625], "texture": "#4"},
				"down": {"uv": [9.75, 2.625, 9.625, 2.75], "texture": "#4"}
			}
		},
		{
			"from": [-5.125, 16, 6.75184],
			"to": [-4.125, 16.5, 10.20184],
			"rotation": {"angle": -22.5, "axis": "y", "origin": [-4.625, 16.25, 8.46681]},
			"faces": {
				"north": {"uv": [0.375, 9.625, 0.5, 9.75], "texture": "#4"},
				"east": {"uv": [1.375, 9, 1.75, 9.125], "texture": "#4"},
				"south": {"uv": [0.5, 9.625, 0.625, 9.75], "texture": "#4"},
				"west": {"uv": [9, 1.5, 9.375, 1.625], "texture": "#4"},
				"up": {"uv": [9.125, 2, 9, 1.625], "texture": "#4"},
				"down": {"uv": [1.875, 9, 1.75, 9.375], "texture": "#4"}
			}
		},
		{
			"from": [-2.24281, 18.38363, 0.91789],
			"to": [-1.24281, 20.88363, 1.41789],
			"rotation": {"angle": 22.5, "axis": "z", "origin": [-4.51324, 20.75, 1.16789]},
			"faces": {
				"north": {"uv": [2.75, 9, 2.875, 9.375], "texture": "#4"},
				"east": {"uv": [2.875, 9, 3, 9.375], "texture": "#4"},
				"south": {"uv": [3, 9, 3.125, 9.375], "texture": "#4"},
				"west": {"uv": [3.125, 9, 3.25, 9.375], "texture": "#4"},
				"up": {"uv": [8.5, 9.75, 8.375, 9.625], "texture": "#4"},
				"down": {"uv": [9.75, 8.375, 9.625, 8.5], "texture": "#4"}
			}
		},
		{
			"from": [-7.04289, 21.625, 0.91789],
			"to": [-1.54289, 22.125, 1.41789],
			"rotation": {"angle": 0, "axis": "y", "origin": [-4.51324, 20.75, 1.16789]},
			"faces": {
				"north": {"uv": [5.375, 7.75, 6.125, 7.875], "texture": "#4"},
				"east": {"uv": [7.625, 9.625, 7.75, 9.75], "texture": "#4"},
				"south": {"uv": [8.25, 8.25, 9, 8.375], "texture": "#4"},
				"west": {"uv": [9.625, 7.625, 9.75, 7.75], "texture": "#4"},
				"up": {"uv": [5.625, 8.5, 4.875, 8.375], "texture": "#4"},
				"down": {"uv": [9.125, 7.875, 8.375, 8], "texture": "#4"}
			}
		},
		{
			"from": [-3.04289, 21.125, 0.91789],
			"to": [-2.54289, 21.625, 1.91789],
			"rotation": {"angle": 0, "axis": "y", "origin": [-4.51324, 20.75, 1.16789]},
			"faces": {
				"north": {"uv": [8.625, 9.625, 8.75, 9.75], "texture": "#4"},
				"east": {"uv": [9.625, 8.625, 9.75, 8.75], "texture": "#4"},
				"south": {"uv": [8.75, 9.625, 8.875, 9.75], "texture": "#4"},
				"west": {"uv": [9.625, 8.75, 9.75, 8.875], "texture": "#4"},
				"up": {"uv": [9, 9.75, 8.875, 9.625], "texture": "#4"},
				"down": {"uv": [9.75, 8.875, 9.625, 9], "texture": "#4"}
			}
		},
		{
			"from": [-6.79289, 21.125, 0.91789],
			"to": [-6.29289, 21.625, 1.91789],
			"rotation": {"angle": 0, "axis": "y", "origin": [-4.51324, 20.75, 1.16789]},
			"faces": {
				"north": {"uv": [9, 9.625, 9.125, 9.75], "texture": "#4"},
				"east": {"uv": [9.625, 9, 9.75, 9.125], "texture": "#4"},
				"south": {"uv": [9.125, 9.625, 9.25, 9.75], "texture": "#4"},
				"west": {"uv": [9.625, 9.125, 9.75, 9.25], "texture": "#4"},
				"up": {"uv": [9.375, 9.75, 9.25, 9.625], "texture": "#4"},
				"down": {"uv": [9.75, 9.25, 9.625, 9.375], "texture": "#4"}
			}
		},
		{
			"from": [-3.54289, 19.375, 0.91789],
			"to": [-3.04289, 21.625, 1.41789],
			"rotation": {"angle": 0, "axis": "x", "origin": [-4.51324, 20.75, 1.16789]},
			"faces": {
				"north": {"uv": [4.375, 9.25, 4.5, 9.5], "texture": "#4"},
				"east": {"uv": [4.5, 9.25, 4.625, 9.5], "texture": "#4"},
				"south": {"uv": [4.625, 9.25, 4.75, 9.5], "texture": "#4"},
				"west": {"uv": [4.75, 9.25, 4.875, 9.5], "texture": "#4"},
				"up": {"uv": [8.375, 9.75, 8.25, 9.625], "texture": "#4"},
				"down": {"uv": [9.75, 8.25, 9.625, 8.375], "texture": "#4"}
			}
		},
		{
			"from": [-7.29289, 19.375, 1.11789],
			"to": [-3.54289, 19.875, 1.21789],
			"rotation": {"angle": 0, "axis": "y", "origin": [-4.51324, 20.75, 1.16789]},
			"faces": {
				"north": {"uv": [8.75, 5.375, 9.25, 5.5], "texture": "#4"},
				"east": {"uv": [8.5, 9.625, 8.625, 9.75], "texture": "#4"},
				"south": {"uv": [7.5, 8.75, 8, 8.875], "texture": "#4"},
				"west": {"uv": [9.625, 8.5, 9.75, 8.625], "texture": "#4"},
				"up": {"uv": [8.5, 8.875, 8, 8.75], "texture": "#4"},
				"down": {"uv": [9.125, 8.75, 8.625, 8.875], "texture": "#4"}
			}
		},
		{
			"from": [-7.75, 19.41789, 0.91789],
			"to": [-7.25, 21.41789, 1.41789],
			"rotation": {"angle": 0, "axis": "x", "origin": [-4.51324, 20.75, 1.16789]},
			"faces": {
				"north": {"uv": [3.375, 9.25, 3.5, 9.5], "texture": "#4"},
				"east": {"uv": [9.25, 3.5, 9.375, 3.75], "texture": "#4"},
				"south": {"uv": [3.75, 9.25, 3.875, 9.5], "texture": "#4"},
				"west": {"uv": [3.875, 9.25, 4, 9.5], "texture": "#4"},
				"up": {"uv": [8.25, 9.75, 8.125, 9.625], "texture": "#4"},
				"down": {"uv": [9.75, 8.125, 9.625, 8.25], "texture": "#4"}
			}
		},
		{
			"from": [-7.27425, 18.93354, 0.91789],
			"to": [-6.77425, 19.93354, 1.41789],
			"rotation": {"angle": -45, "axis": "z", "origin": [-4.51324, 20.75, 1.16789]},
			"faces": {
				"north": {"uv": [7.75, 9.625, 7.875, 9.75], "texture": "#4"},
				"east": {"uv": [9.625, 7.75, 9.75, 7.875], "texture": "#4"},
				"south": {"uv": [7.875, 9.625, 8, 9.75], "texture": "#4"},
				"west": {"uv": [9.625, 7.875, 9.75, 8], "texture": "#4"},
				"up": {"uv": [8.125, 9.75, 8, 9.625], "texture": "#4"},
				"down": {"uv": [9.75, 8, 9.625, 8.125], "texture": "#4"}
			}
		},
		{
			"from": [18.25, 16.25, 3.75],
			"to": [19, 16.5, 5],
			"rotation": {"angle": 0, "axis": "y", "origin": [-1, 0, 0]},
			"faces": {
				"north": {"uv": [9.75, 0.875, 9.875, 1], "texture": "#4"},
				"east": {"uv": [1, 9.75, 1.125, 9.875], "texture": "#4"},
				"south": {"uv": [9.75, 1, 9.875, 1.125], "texture": "#4"},
				"west": {"uv": [1.125, 9.75, 1.25, 9.875], "texture": "#4"},
				"up": {"uv": [9.875, 1.25, 9.75, 1.125], "texture": "#4"},
				"down": {"uv": [1.375, 9.75, 1.25, 9.875], "texture": "#4"}
			}
		},
		{
			"from": [18.25, 16.25, 5],
			"to": [19, 17.25, 5.25],
			"rotation": {"angle": 0, "axis": "y", "origin": [-1, 0, 0]},
			"faces": {
				"north": {"uv": [9.75, 1.5, 9.875, 1.625], "texture": "#4"},
				"east": {"uv": [1.625, 9.75, 1.75, 9.875], "texture": "#4"},
				"south": {"uv": [9.75, 1.625, 9.875, 1.75], "texture": "#4"},
				"west": {"uv": [1.75, 9.75, 1.875, 9.875], "texture": "#4"},
				"up": {"uv": [9.875, 1.875, 9.75, 1.75], "texture": "#4"},
				"down": {"uv": [2, 9.75, 1.875, 9.875], "texture": "#4"}
			}
		},
		{
			"from": [18, 16.25, 3.75],
			"to": [18.25, 17.25, 5.25],
			"rotation": {"angle": 0, "axis": "y", "origin": [-1, 0, 0]},
			"faces": {
				"north": {"uv": [9.75, 1.25, 9.875, 1.375], "texture": "#4"},
				"east": {"uv": [2.25, 9.375, 2.5, 9.5], "texture": "#4"},
				"south": {"uv": [1.375, 9.75, 1.5, 9.875], "texture": "#4"},
				"west": {"uv": [9.375, 2.375, 9.625, 2.5], "texture": "#4"},
				"up": {"uv": [2.625, 9.625, 2.5, 9.375], "texture": "#4"},
				"down": {"uv": [9.5, 2.5, 9.375, 2.75], "texture": "#4"}
			}
		},
		{
			"from": [19, 16.25, 3.75],
			"to": [19.25, 17.25, 5.25],
			"rotation": {"angle": 0, "axis": "y", "origin": [-1, 0, 0]},
			"faces": {
				"north": {"uv": [9.75, 1.375, 9.875, 1.5], "texture": "#4"},
				"east": {"uv": [2.625, 9.375, 2.875, 9.5], "texture": "#4"},
				"south": {"uv": [1.5, 9.75, 1.625, 9.875], "texture": "#4"},
				"west": {"uv": [9.375, 2.75, 9.625, 2.875], "texture": "#4"},
				"up": {"uv": [3, 9.625, 2.875, 9.375], "texture": "#4"},
				"down": {"uv": [9.5, 2.875, 9.375, 3.125], "texture": "#4"}
			}
		},
		{
			"from": [18, 17.5, 3],
			"to": [18.25, 18.5, 4.5],
			"rotation": {"angle": 0, "axis": "y", "origin": [-1, 0, 0]},
			"faces": {
				"north": {"uv": [9.75, 5.75, 9.875, 5.875], "texture": "#4"},
				"east": {"uv": [9.375, 6.875, 9.625, 7], "texture": "#4"},
				"south": {"uv": [5.875, 9.75, 6, 9.875], "texture": "#4"},
				"west": {"uv": [7.25, 9.375, 7.5, 9.5], "texture": "#4"},
				"up": {"uv": [7.125, 9.625, 7, 9.375], "texture": "#4"},
				"down": {"uv": [9.5, 7.375, 9.375, 7.625], "texture": "#4"}
			}
		},
		{
			"from": [19, 17.5, 3],
			"to": [19.25, 18.5, 4.5],
			"rotation": {"angle": 0, "axis": "y", "origin": [-1, 0, 0]},
			"faces": {
				"north": {"uv": [9.75, 5.625, 9.875, 5.75], "texture": "#4"},
				"east": {"uv": [6.375, 9.375, 6.625, 9.5], "texture": "#4"},
				"south": {"uv": [5.75, 9.75, 5.875, 9.875], "texture": "#4"},
				"west": {"uv": [9.375, 6.75, 9.625, 6.875], "texture": "#4"},
				"up": {"uv": [6.75, 9.625, 6.625, 9.375], "texture": "#4"},
				"down": {"uv": [7, 9.375, 6.875, 9.625], "texture": "#4"}
			}
		},
		{
			"from": [18.25, 17.5, 3],
			"to": [19, 17.75, 4.25],
			"rotation": {"angle": 0, "axis": "y", "origin": [-1, 0, 0]},
			"faces": {
				"north": {"uv": [9.75, 5.25, 9.875, 5.375], "texture": "#4"},
				"east": {"uv": [5.375, 9.75, 5.5, 9.875], "texture": "#4"},
				"south": {"uv": [9.75, 5.375, 9.875, 5.5], "texture": "#4"},
				"west": {"uv": [5.5, 9.75, 5.625, 9.875], "texture": "#4"},
				"up": {"uv": [9.875, 5.625, 9.75, 5.5], "texture": "#4"},
				"down": {"uv": [5.75, 9.75, 5.625, 9.875], "texture": "#4"}
			}
		},
		{
			"from": [18.25, 17.5, 4.25],
			"to": [19, 18.5, 4.5],
			"rotation": {"angle": 0, "axis": "y", "origin": [-1, 0, 0]},
			"faces": {
				"north": {"uv": [9.75, 4.875, 9.875, 5], "texture": "#4"},
				"east": {"uv": [5, 9.75, 5.125, 9.875], "texture": "#4"},
				"south": {"uv": [9.75, 5, 9.875, 5.125], "texture": "#4"},
				"west": {"uv": [5.125, 9.75, 5.25, 9.875], "texture": "#4"},
				"up": {"uv": [9.875, 5.25, 9.75, 5.125], "texture": "#4"},
				"down": {"uv": [5.375, 9.75, 5.25, 9.875], "texture": "#4"}
			}
		},
		{
			"from": [15.25, 16.25, 4],
			"to": [16, 16.5, 5.25],
			"rotation": {"angle": 0, "axis": "y", "origin": [-1, 0, 0]},
			"faces": {
				"north": {"uv": [9.75, 1.875, 9.875, 2], "texture": "#4"},
				"east": {"uv": [2, 9.75, 2.125, 9.875], "texture": "#4"},
				"south": {"uv": [9.75, 2, 9.875, 2.125], "texture": "#4"},
				"west": {"uv": [2.125, 9.75, 2.25, 9.875], "texture": "#4"},
				"up": {"uv": [9.875, 2.25, 9.75, 2.125], "texture": "#4"},
				"down": {"uv": [2.375, 9.75, 2.25, 9.875], "texture": "#4"}
			}
		},
		{
			"from": [15.25, 16.25, 5.25],
			"to": [16, 17.25, 5.5],
			"rotation": {"angle": 0, "axis": "y", "origin": [-1, 0, 0]},
			"faces": {
				"north": {"uv": [9.75, 2.25, 9.875, 2.375], "texture": "#4"},
				"east": {"uv": [2.375, 9.75, 2.5, 9.875], "texture": "#4"},
				"south": {"uv": [9.75, 2.375, 9.875, 2.5], "texture": "#4"},
				"west": {"uv": [2.5, 9.75, 2.625, 9.875], "texture": "#4"},
				"up": {"uv": [9.875, 2.625, 9.75, 2.5], "texture": "#4"},
				"down": {"uv": [2.75, 9.75, 2.625, 9.875], "texture": "#4"}
			}
		},
		{
			"from": [15, 16.25, 4],
			"to": [15.25, 17.25, 5.5],
			"rotation": {"angle": 0, "axis": "y", "origin": [-1, 0, 0]},
			"faces": {
				"north": {"uv": [9.75, 2.625, 9.875, 2.75], "texture": "#4"},
				"east": {"uv": [3, 9.375, 3.25, 9.5], "texture": "#4"},
				"south": {"uv": [2.75, 9.75, 2.875, 9.875], "texture": "#4"},
				"west": {"uv": [9.375, 3.125, 9.625, 3.25], "texture": "#4"},
				"up": {"uv": [9.5, 3.5, 9.375, 3.25], "texture": "#4"},
				"down": {"uv": [3.625, 9.375, 3.5, 9.625], "texture": "#4"}
			}
		},
		{
			"from": [16, 16.25, 4],
			"to": [16.25, 17.25, 5.5],
			"rotation": {"angle": 0, "axis": "y", "origin": [-1, 0, 0]},
			"faces": {
				"north": {"uv": [9.75, 2.75, 9.875, 2.875], "texture": "#4"},
				"east": {"uv": [9.375, 3.5, 9.625, 3.625], "texture": "#4"},
				"south": {"uv": [2.875, 9.75, 3, 9.875], "texture": "#4"},
				"west": {"uv": [9.375, 3.625, 9.625, 3.75], "texture": "#4"},
				"up": {"uv": [3.75, 9.625, 3.625, 9.375], "texture": "#4"},
				"down": {"uv": [4.125, 9.375, 4, 9.625], "texture": "#4"}
			}
		},
		{
			"from": [15.25, 18.75, 3.5],
			"to": [16, 19, 4.75],
			"rotation": {"angle": 0, "axis": "y", "origin": [-1, 0, 0]},
			"faces": {
				"north": {"uv": [9.75, 2.875, 9.875, 3], "texture": "#4"},
				"east": {"uv": [3, 9.75, 3.125, 9.875], "texture": "#4"},
				"south": {"uv": [9.75, 3, 9.875, 3.125], "texture": "#4"},
				"west": {"uv": [3.125, 9.75, 3.25, 9.875], "texture": "#4"},
				"up": {"uv": [9.875, 3.25, 9.75, 3.125], "texture": "#4"},
				"down": {"uv": [3.375, 9.75, 3.25, 9.875], "texture": "#4"}
			}
		},
		{
			"from": [15.25, 18.75, 4.75],
			"to": [16, 19.75, 5],
			"rotation": {"angle": 0, "axis": "y", "origin": [-1, 0, 0]},
			"faces": {
				"north": {"uv": [9.75, 3.25, 9.875, 3.375], "texture": "#4"},
				"east": {"uv": [3.375, 9.75, 3.5, 9.875], "texture": "#4"},
				"south": {"uv": [9.75, 3.375, 9.875, 3.5], "texture": "#4"},
				"west": {"uv": [3.5, 9.75, 3.625, 9.875], "texture": "#4"},
				"up": {"uv": [9.875, 3.625, 9.75, 3.5], "texture": "#4"},
				"down": {"uv": [3.75, 9.75, 3.625, 9.875], "texture": "#4"}
			}
		},
		{
			"from": [15, 18.75, 3.5],
			"to": [15.25, 19.75, 5],
			"rotation": {"angle": 0, "axis": "y", "origin": [-1, 0, 0]},
			"faces": {
				"north": {"uv": [9.75, 3.625, 9.875, 3.75], "texture": "#4"},
				"east": {"uv": [4.125, 9.375, 4.375, 9.5], "texture": "#4"},
				"south": {"uv": [3.75, 9.75, 3.875, 9.875], "texture": "#4"},
				"west": {"uv": [9.375, 4.625, 9.625, 4.75], "texture": "#4"},
				"up": {"uv": [5, 9.625, 4.875, 9.375], "texture": "#4"},
				"down": {"uv": [9.5, 4.875, 9.375, 5.125], "texture": "#4"}
			}
		},
		{
			"from": [16, 18.75, 3.5],
			"to": [16.25, 19.75, 5],
			"rotation": {"angle": 0, "axis": "y", "origin": [-1, 0, 0]},
			"faces": {
				"north": {"uv": [9.75, 3.75, 9.875, 3.875], "texture": "#4"},
				"east": {"uv": [5, 9.375, 5.25, 9.5], "texture": "#4"},
				"south": {"uv": [3.875, 9.75, 4, 9.875], "texture": "#4"},
				"west": {"uv": [9.375, 5.125, 9.625, 5.25], "texture": "#4"},
				"up": {"uv": [5.375, 9.625, 5.25, 9.375], "texture": "#4"},
				"down": {"uv": [5.5, 9.375, 5.375, 9.625], "texture": "#4"}
			}
		},
		{
			"from": [13.75, 17.5, 3.25],
			"to": [14.5, 17.75, 4.5],
			"rotation": {"angle": 0, "axis": "y", "origin": [-1, 0, 0]},
			"faces": {
				"north": {"uv": [9.75, 3.875, 9.875, 4], "texture": "#4"},
				"east": {"uv": [4, 9.75, 4.125, 9.875], "texture": "#4"},
				"south": {"uv": [9.75, 4, 9.875, 4.125], "texture": "#4"},
				"west": {"uv": [4.125, 9.75, 4.25, 9.875], "texture": "#4"},
				"up": {"uv": [9.875, 4.25, 9.75, 4.125], "texture": "#4"},
				"down": {"uv": [4.375, 9.75, 4.25, 9.875], "texture": "#4"}
			}
		},
		{
			"from": [13.75, 17.5, 4.5],
			"to": [14.5, 18.5, 4.75],
			"rotation": {"angle": 0, "axis": "y", "origin": [-1, 0, 0]},
			"faces": {
				"north": {"uv": [9.75, 4.25, 9.875, 4.375], "texture": "#4"},
				"east": {"uv": [4.375, 9.75, 4.5, 9.875], "texture": "#4"},
				"south": {"uv": [9.75, 4.375, 9.875, 4.5], "texture": "#4"},
				"west": {"uv": [4.5, 9.75, 4.625, 9.875], "texture": "#4"},
				"up": {"uv": [9.875, 4.625, 9.75, 4.5], "texture": "#4"},
				"down": {"uv": [4.75, 9.75, 4.625, 9.875], "texture": "#4"}
			}
		},
		{
			"from": [13.5, 17.5, 3.25],
			"to": [13.75, 18.5, 4.75],
			"rotation": {"angle": 0, "axis": "y", "origin": [-1, 0, 0]},
			"faces": {
				"north": {"uv": [9.75, 4.625, 9.875, 4.75], "texture": "#4"},
				"east": {"uv": [9.375, 5.25, 9.625, 5.375], "texture": "#4"},
				"south": {"uv": [4.75, 9.75, 4.875, 9.875], "texture": "#4"},
				"west": {"uv": [9.375, 5.5, 9.625, 5.625], "texture": "#4"},
				"up": {"uv": [5.625, 9.625, 5.5, 9.375], "texture": "#4"},
				"down": {"uv": [6, 9.375, 5.875, 9.625], "texture": "#4"}
			}
		},
		{
			"from": [14.5, 17.5, 3.25],
			"to": [14.75, 18.5, 4.75],
			"rotation": {"angle": 0, "axis": "y", "origin": [-1, 0, 0]},
			"faces": {
				"north": {"uv": [9.75, 4.75, 9.875, 4.875], "texture": "#4"},
				"east": {"uv": [9.375, 5.625, 9.625, 5.75], "texture": "#4"},
				"south": {"uv": [4.875, 9.75, 5, 9.875], "texture": "#4"},
				"west": {"uv": [6, 9.375, 6.25, 9.5], "texture": "#4"},
				"up": {"uv": [9.5, 6.25, 9.375, 6], "texture": "#4"},
				"down": {"uv": [6.375, 9.375, 6.25, 9.625], "texture": "#4"}
			}
		},
		{
			"from": [16, 22, 3],
			"to": [19, 22.5, 3.5],
			"rotation": {"angle": 45, "axis": "y", "origin": [19.0754, 22.25, 2.75]},
			"faces": {
				"north": {"uv": [6.375, 9, 6.75, 9.125], "texture": "#4"},
				"east": {"uv": [7.875, 9.75, 8, 9.875], "texture": "#4"},
				"south": {"uv": [7.25, 9, 7.625, 9.125], "texture": "#4"},
				"west": {"uv": [9.75, 7.875, 9.875, 8], "texture": "#4"},
				"up": {"uv": [8, 9.125, 7.625, 9], "texture": "#4"},
				"down": {"uv": [8.375, 9, 8, 9.125], "texture": "#4"}
			}
		},
		{
			"from": [16, 22, 2],
			"to": [19, 22.5, 2.5],
			"rotation": {"angle": 45, "axis": "y", "origin": [19.0754, 22.25, 2.75]},
			"faces": {
				"north": {"uv": [5.625, 9, 6, 9.125], "texture": "#4"},
				"east": {"uv": [7.75, 9.75, 7.875, 9.875], "texture": "#4"},
				"south": {"uv": [6, 9, 6.375, 9.125], "texture": "#4"},
				"west": {"uv": [9.75, 7.75, 9.875, 7.875], "texture": "#4"},
				"up": {"uv": [9.375, 6.125, 9, 6], "texture": "#4"},
				"down": {"uv": [9.375, 6.125, 9, 6.25], "texture": "#4"}
			}
		},
		{
			"from": [19.93517, 22, 1.36427],
			"to": [20.68517, 22.5, 1.86427],
			"rotation": {"angle": 22.5, "axis": "y", "origin": [19.0754, 22.25, 2.75]},
			"faces": {
				"north": {"uv": [8.625, 9.75, 8.75, 9.875], "texture": "#4"},
				"east": {"uv": [9.75, 8.625, 9.875, 8.75], "texture": "#4"},
				"south": {"uv": [8.75, 9.75, 8.875, 9.875], "texture": "#4"},
				"west": {"uv": [9.75, 8.75, 9.875, 8.875], "texture": "#4"},
				"up": {"uv": [9, 9.875, 8.875, 9.75], "texture": "#4"},
				"down": {"uv": [9.875, 8.875, 9.75, 9], "texture": "#4"}
			}
		},
		{
			"from": [18.70349, 22, 1.1622],
			"to": [19.20349, 22.5, 1.9122],
			"rotation": {"angle": -22.5, "axis": "y", "origin": [19.0754, 22.25, 2.75]},
			"faces": {
				"north": {"uv": [8.25, 9.75, 8.375, 9.875], "texture": "#4"},
				"east": {"uv": [9.75, 8.25, 9.875, 8.375], "texture": "#4"},
				"south": {"uv": [8.375, 9.75, 8.5, 9.875], "texture": "#4"},
				"west": {"uv": [9.75, 8.375, 9.875, 8.5], "texture": "#4"},
				"up": {"uv": [8.625, 9.875, 8.5, 9.75], "texture": "#4"},
				"down": {"uv": [9.875, 8.5, 9.75, 8.625], "texture": "#4"}
			}
		},
		{
			"from": [19.96113, 22, 1.14023],
			"to": [20.46113, 22.5, 1.89023],
			"rotation": {"angle": -22.5, "axis": "y", "origin": [19.0754, 22.25, 2.75]},
			"faces": {
				"north": {"uv": [9, 9.75, 9.125, 9.875], "texture": "#4"},
				"east": {"uv": [9.75, 9, 9.875, 9.125], "texture": "#4"},
				"south": {"uv": [9.125, 9.75, 9.25, 9.875], "texture": "#4"},
				"west": {"uv": [9.75, 9.125, 9.875, 9.25], "texture": "#4"},
				"up": {"uv": [9.375, 9.875, 9.25, 9.75], "texture": "#4"},
				"down": {"uv": [9.875, 9.25, 9.75, 9.375], "texture": "#4"}
			}
		},
		{
			"from": [19.9132, 22, 2.62191],
			"to": [20.6632, 22.5, 3.12191],
			"rotation": {"angle": 22.5, "axis": "y", "origin": [19.0754, 22.25, 2.75]},
			"faces": {
				"north": {"uv": [9.375, 9.75, 9.5, 9.875], "texture": "#4"},
				"east": {"uv": [9.75, 9.375, 9.875, 9.5], "texture": "#4"},
				"south": {"uv": [9.5, 9.75, 9.625, 9.875], "texture": "#4"},
				"west": {"uv": [9.75, 9.5, 9.875, 9.625], "texture": "#4"},
				"up": {"uv": [9.75, 9.875, 9.625, 9.75], "texture": "#4"},
				"down": {"uv": [9.875, 9.625, 9.75, 9.75], "texture": "#4"}
			}
		},
		{
			"from": [18.49175, 22, 2.27299],
			"to": [19.99175, 22.5, 2.77299],
			"rotation": {"angle": 0, "axis": "y", "origin": [19.0754, 22.25, 2.75]},
			"faces": {
				"north": {"uv": [1, 9.5, 1.25, 9.625], "texture": "#4"},
				"east": {"uv": [8.125, 9.75, 8.25, 9.875], "texture": "#4"},
				"south": {"uv": [9.5, 1, 9.75, 1.125], "texture": "#4"},
				"west": {"uv": [9.75, 8.125, 9.875, 8.25], "texture": "#4"},
				"up": {"uv": [9.75, 1.25, 9.5, 1.125], "texture": "#4"},
				"down": {"uv": [1.625, 9.5, 1.375, 9.625], "texture": "#4"}
			}
		},
		{
			"from": [19.05241, 22, 1.83365],
			"to": [19.55241, 22.5, 3.33365],
			"rotation": {"angle": 0, "axis": "y", "origin": [19.0754, 22.25, 2.75]},
			"faces": {
				"north": {"uv": [8, 9.75, 8.125, 9.875], "texture": "#4"},
				"east": {"uv": [9.5, 0.375, 9.75, 0.5], "texture": "#4"},
				"south": {"uv": [9.75, 8, 9.875, 8.125], "texture": "#4"},
				"west": {"uv": [0.625, 9.5, 0.875, 9.625], "texture": "#4"},
				"up": {"uv": [8.625, 9.625, 8.5, 9.375], "texture": "#4"},
				"down": {"uv": [9.625, 0.625, 9.5, 0.875], "texture": "#4"}
			}
		},
		{
			"from": [-9.55, 2, 4],
			"to": [-9.45, 9, 5.5],
			"rotation": {"angle": 0, "axis": "x", "origin": [-14.5, 5.5, 5.5]},
			"faces": {
				"north": {"uv": [1.625, 9.875, 1.75, 10.75], "texture": "#4"},
				"east": {"uv": [9.875, 0, 10.125, 0.875], "texture": "#4"},
				"south": {"uv": [9.875, 1.625, 10, 2.5], "texture": "#4"},
				"west": {"uv": [0.125, 9.875, 0.375, 10.75], "texture": "#4"},
				"up": {"uv": [4.125, 10.125, 4, 9.875], "texture": "#4"},
				"down": {"uv": [4.25, 9.875, 4.125, 10.125], "texture": "#4"}
			}
		},
		{
			"from": [-9.55, 4, 5.5],
			"to": [-9.45, 9, 6.25],
			"rotation": {"angle": 0, "axis": "x", "origin": [-14.5, 5.5, 5.5]},
			"faces": {
				"north": {"uv": [1.75, 9.875, 1.875, 10.5], "texture": "#4"},
				"east": {"uv": [1.875, 9.875, 2, 10.5], "texture": "#4"},
				"south": {"uv": [2, 9.875, 2.125, 10.5], "texture": "#4"},
				"west": {"uv": [2.125, 9.875, 2.25, 10.5], "texture": "#4"},
				"up": {"uv": [5.375, 10, 5.25, 9.875], "texture": "#4"},
				"down": {"uv": [10, 5.25, 9.875, 5.375], "texture": "#4"}
			}
		},
		{
			"from": [-9.55, 6, 6.25],
			"to": [-9.45, 9, 7],
			"rotation": {"angle": 0, "axis": "x", "origin": [-14.5, 5.5, 5.5]},
			"faces": {
				"north": {"uv": [9.875, 2.5, 10, 2.875], "texture": "#4"},
				"east": {"uv": [2.75, 9.875, 2.875, 10.25], "texture": "#4"},
				"south": {"uv": [2.875, 9.875, 3, 10.25], "texture": "#4"},
				"west": {"uv": [9.875, 2.875, 10, 3.25], "texture": "#4"},
				"up": {"uv": [5.5, 10, 5.375, 9.875], "texture": "#4"},
				"down": {"uv": [10, 5.375, 9.875, 5.5], "texture": "#4"}
			}
		},
		{
			"from": [-10, 9, 4],
			"to": [-9, 10, 7],
			"rotation": {"angle": 0, "axis": "y", "origin": [-1, 0, 0]},
			"faces": {
				"north": {"uv": [5.5, 9.875, 5.625, 10], "texture": "#4"},
				"east": {"uv": [3, 9.875, 3.375, 10], "texture": "#4"},
				"south": {"uv": [9.875, 5.5, 10, 5.625], "texture": "#4"},
				"west": {"uv": [9.875, 3.25, 10.25, 3.375], "texture": "#4"},
				"up": {"uv": [3.5, 10.25, 3.375, 9.875], "texture": "#4"},
				"down": {"uv": [10, 3.375, 9.875, 3.75], "texture": "#4"}
			}
		},
		{
			"from": [-10, 10, 4],
			"to": [-9, 11, 5],
			"rotation": {"angle": 0, "axis": "x", "origin": [-14.5, 9.5, 4.5]},
			"faces": {
				"north": {"uv": [5.625, 9.875, 5.75, 10], "texture": "#4"},
				"east": {"uv": [9.875, 5.625, 10, 5.75], "texture": "#4"},
				"south": {"uv": [5.75, 9.875, 5.875, 10], "texture": "#4"},
				"west": {"uv": [9.875, 5.75, 10, 5.875], "texture": "#4"},
				"up": {"uv": [6, 10, 5.875, 9.875], "texture": "#4"},
				"down": {"uv": [10, 5.875, 9.875, 6], "texture": "#4"}
			}
		},
		{
			"from": [-10.5, 3.5, 11.5],
			"to": [-9.5, 11.5, 12.5],
			"rotation": {"angle": 0, "axis": "x", "origin": [-15, 10, 12]},
			"faces": {
				"north": {"uv": [0.375, 9.875, 0.5, 10.875], "texture": "#4"},
				"east": {"uv": [0.5, 9.875, 0.625, 10.875], "texture": "#4"},
				"south": {"uv": [0.625, 9.875, 0.75, 10.875], "texture": "#4"},
				"west": {"uv": [0.75, 9.875, 0.875, 10.875], "texture": "#4"},
				"up": {"uv": [6.125, 10, 6, 9.875], "texture": "#4"},
				"down": {"uv": [10, 6, 9.875, 6.125], "texture": "#4"}
			}
		},
		{
			"from": [-11, 9, 10.25],
			"to": [-9, 11, 13.75],
			"rotation": {"angle": 0, "axis": "x", "origin": [-14.5, 9.5, 12]},
			"faces": {
				"north": {"uv": [2.25, 9.875, 2.5, 10.125], "texture": "#4"},
				"east": {"uv": [0.875, 9.875, 1.375, 10.125], "texture": "#4"},
				"south": {"uv": [2.5, 9.875, 2.75, 10.125], "texture": "#4"},
				"west": {"uv": [9.875, 0.875, 10.375, 1.125], "texture": "#4"},
				"up": {"uv": [10.125, 1.625, 9.875, 1.125], "texture": "#4"},
				"down": {"uv": [1.625, 9.875, 1.375, 10.375], "texture": "#4"}
			}
		},
		{
			"from": [-10.5, 8, 13],
			"to": [-8.5, 9, 14],
			"rotation": {"angle": 0, "axis": "z", "origin": [-9.5, 8.5, 13.5]},
			"faces": {
				"north": {"uv": [4.25, 9.875, 4.5, 10], "texture": "#4"},
				"east": {"uv": [6.125, 9.875, 6.25, 10], "texture": "#4"},
				"south": {"uv": [9.875, 4.25, 10.125, 4.375], "texture": "#4"},
				"west": {"uv": [9.875, 6.125, 10, 6.25], "texture": "#4"},
				"up": {"uv": [10.125, 4.5, 9.875, 4.375], "texture": "#4"},
				"down": {"uv": [4.75, 9.875, 4.5, 10], "texture": "#4"}
			}
		},
		{
			"from": [-10.5, 8, 10],
			"to": [-8.5, 9, 11],
			"rotation": {"angle": 0, "axis": "z", "origin": [-9.5, 8.5, 10.5]},
			"faces": {
				"north": {"uv": [9.875, 4.5, 10.125, 4.625], "texture": "#4"},
				"east": {"uv": [6.25, 9.875, 6.375, 10], "texture": "#4"},
				"south": {"uv": [9.875, 4.625, 10.125, 4.75], "texture": "#4"},
				"west": {"uv": [6.375, 9.875, 6.5, 10], "texture": "#4"},
				"up": {"uv": [5, 10, 4.75, 9.875], "texture": "#4"},
				"down": {"uv": [10.125, 4.75, 9.875, 4.875], "texture": "#4"}
			}
		},
		{
			"from": [-10.5, 10, 5],
			"to": [-8.5, 11, 6],
			"rotation": {"angle": 0, "axis": "z", "origin": [-9.5, 10.5, 5.5]},
			"faces": {
				"north": {"uv": [9.875, 4.875, 10.125, 5], "texture": "#4"},
				"east": {"uv": [6.5, 9.875, 6.625, 10], "texture": "#4"},
				"south": {"uv": [5, 9.875, 5.25, 10], "texture": "#4"},
				"west": {"uv": [6.625, 9.875, 6.75, 10], "texture": "#4"},
				"up": {"uv": [10.125, 5.125, 9.875, 5], "texture": "#4"},
				"down": {"uv": [10.125, 5.125, 9.875, 5.25], "texture": "#4"}
			}
		},
		{
			"from": [-10, 11, 4],
			"to": [-9, 12, 7],
			"rotation": {"angle": 0, "axis": "y", "origin": [-1, 0, 0]},
			"faces": {
				"north": {"uv": [6.75, 9.875, 6.875, 10], "texture": "#4"},
				"east": {"uv": [3.5, 9.875, 3.875, 10], "texture": "#4"},
				"south": {"uv": [9.875, 6.75, 10, 6.875], "texture": "#4"},
				"west": {"uv": [9.875, 3.75, 10.25, 3.875], "texture": "#4"},
				"up": {"uv": [4, 10.25, 3.875, 9.875], "texture": "#4"},
				"down": {"uv": [10, 3.875, 9.875, 4.25], "texture": "#4"}
			}
		}
	],
	"display": {
		"thirdperson_righthand": {
			"rotation": [75, 180, 0],
			"translation": [-3, 2.5, 0],
			"scale": [0.375, 0.375, 0.375]
		},
		"thirdperson_lefthand": {
			"rotation": [75, 180, 0],
			"translation": [-8.25, 2.5, 0],
			"scale": [0.375, 0.375, 0.375]
		},
		"firstperson_righthand": {
			"rotation": [-152, 0, -180],
			"translation": [-6.25, 0, 0],
			"scale": [0.4, 0.4, 0.4]
		},
		"firstperson_lefthand": {
			"rotation": [-152, 0, -180],
			"translation": [-11.75, 0, 0],
			"scale": [0.4, 0.4, 0.4]
		},
		"ground": {
			"translation": [0, 3, 0],
			"scale": [0.25, 0.25, 0.25]
		},
		"gui": {
			"rotation": [30, 45, 0],
			"translation": [0.75, -1, 0],
			"scale": [0.625, 0.625, 0.625]
		},
		"head": {
			"rotation": [0, 180, 0],
			"translation": [-1.61, -30.4, 0],
			"scale": [1.602, 1.61, 1.602]
		},
		"fixed": {
			"rotation": [0, 180, 0],
			"translation": [3.5, -1.75, -3.75],
			"scale": [0.5, 0.5, 0.5]
		}
	},
	"groups": [
		0,
		1,
		2,
		3,
		4,
		5,
		6,
		7,
		8,
		9,
		10,
		11,
		12,
		13,
		14,
		15,
		16,
		17,
		18,
		19,
		20,
		21,
		22,
		23,
		24,
		25,
		26,
		27,
		28,
		29,
		30,
		31,
		32,
		33,
		34,
		{
			"name": "bankschroef",
			"origin": [18.87868, 14.58579, 19.5],
			"color": 0,
			"nbt": "{}",
			"armAnimationEnabled": false,
			"children": [35, 36, 37, 38, 39, 40, 41, 42, 43, 44, 45, 46]
		},
		47,
		48,
		49,
		50,
		51,
		52,
		53,
		54,
		55,
		56,
		57,
		58,
		59,
		60,
		61,
		62,
		63,
		64,
		65,
		66,
		67,
		68,
		69,
		70,
		71,
		72,
		{
			"name": "hammer",
			"origin": [6.5, 16, 8],
			"color": 0,
			"nbt": "{}",
			"armAnimationEnabled": false,
			"children": [73, 74, 75, 76, 77, 78]
		},
		79,
		80,
		81,
		82,
		83,
		84,
		85,
		86,
		87,
		88,
		89,
		{
			"name": "wrench",
			"origin": [0, 0, 0],
			"color": 0,
			"nbt": "{}",
			"armAnimationEnabled": false,
			"children": [90, 91, 92, 93, 94, 95, 96, 97, 98]
		},
		{
			"name": "ijzerzaag",
			"origin": [-4.51324, 21.5, 1.16789],
			"color": 0,
			"nbt": "{}",
			"armAnimationEnabled": false,
			"children": [99, 100, 101, 102, 103, 104, 105, 106]
		},
		{
			"name": "laadje",
			"origin": [0, 0, 0],
			"color": 0,
			"nbt": "{}",
			"armAnimationEnabled": false,
			"children": [107, 108, 109, 110, 111, 112, 113, 114]
		},
		{
			"name": "laadje",
			"origin": [0, 0, 0],
			"color": 0,
			"nbt": "{}",
			"armAnimationEnabled": false,
			"children": [115, 116, 117, 118]
		},
		{
			"name": "laadje",
			"origin": [0, 0, 0],
			"color": 0,
			"nbt": "{}",
			"armAnimationEnabled": false,
			"children": [119, 120, 121, 122]
		},
		{
			"name": "laadje",
			"origin": [0, 0, 0],
			"color": 0,
			"nbt": "{}",
			"armAnimationEnabled": false,
			"children": [123, 124, 125, 126]
		},
		{
			"name": "tang",
			"origin": [3.88388, 20.25, 24.26256],
			"color": 0,
			"nbt": "{}",
			"armAnimationEnabled": false,
			"children": [127, 128, 129, 130, 131, 132, 133, 134]
		},
		{
			"name": "saw",
			"origin": [0, 0, 0],
			"color": 0,
			"nbt": "{}",
			"armAnimationEnabled": false,
			"children": [135, 136, 137, 138, 139, 140, 141, 142, 143, 144, 145]
		}
	]
}