{
	"credit": "Made with Blockbench",
	"parent": "minecraft:block/cube",
	"texture_size": [64, 64],
	"textures": {
		"0": "manic:block/horror_seeker/eye",
		"particle": "manic:block/horror_seeker/eye"
	},
	"elements": [
		{
			"from": [-2, 0, 7],
			"to": [18, 20, 9],
			"faces": {
				"north": {"uv": [0.5, 0.5, 5.5, 5.5], "texture": "#0"},
				"east": {"uv": [0, 0.5, 0.5, 5.5], "texture": "#0"},
				"south": {"uv": [5.5, 0.5, 0.5, 5.5], "texture": "#0"},
				"west": {"uv": [5.5, 0.5, 6, 5.5], "texture": "#0"},
				"up": {"uv": [0.5, 0, 5.5, 0.5], "texture": "#0"},
				"down": {"uv": [0.5, 5.5, 5.5, 6], "texture": "#0"}
			}
		},
		{
			"name": "inverted cube",
			"from": [16, 18, 9],
			"to": [0, 2, 7],
			"faces": {
				"east": {"uv": [6, 0.5, 6.5, 4.5], "texture": "#0"},
				"west": {"uv": [10.5, 0.5, 11, 4.5], "texture": "#0"},
				"up": {"uv": [6.5, 0, 10.5, 0.5], "texture": "#0"},
				"down": {"uv": [6.5, 4.5, 10.5, 5], "texture": "#0"}
			}
		},
		{
			"from": [0, 2, 8],
			"to": [16, 18, 8],
			"faces": {
				"north": {"uv": [0, 12, 4, 16], "texture": "#0"},
				"south": {"uv": [4, 12, 0, 16], "texture": "#0"}
			}
		},
		{
			"name": "eye",
			"from": [4, 6, 4],
			"to": [12, 14, 12],
			"faces": {
				"north": {"uv": [4.25, 14.0625, 6.25, 16], "texture": "#0"},
				"east": {"uv": [6.5, 14.0625, 8.5, 16], "texture": "#0"},
				"south": {"uv": [6.5, 14.0625, 8.5, 16], "texture": "#0"},
				"west": {"uv": [6.5, 14.0625, 8.5, 16], "texture": "#0"},
				"up": {"uv": [4.25, 11.8125, 6.25, 13.75], "texture": "#0"},
				"down": {"uv": [6.5, 11.8125, 8.5, 13.75], "texture": "#0"}
			}
		}
	]
}