{
	"credit": "Made with Blockbench",
	"parent": "minecraft:block/cube",
	"texture_size": [32, 32],
	"textures": {
		"0": "manic:block/horror_seeker/base",
		"particle": "manic:block/horror_seeker/particle"
	},
	"elements": [
		{
			"name": "base",
			"from": [4, 0, 4],
			"to": [12, 17, 12],
			"faces": {
				"north": {"uv": [12, 7.5, 16, 16], "texture": "#0"},
				"east": {"uv": [8, 7.5, 12, 16], "texture": "#0"},
				"south": {"uv": [12, 7.5, 16, 16], "texture": "#0"},
				"west": {"uv": [8, 7.5, 12, 16], "texture": "#0"},
				"up": {"uv": [8, 3.5, 12, 7.5], "texture": "#0"},
				"down": {"uv": [12, 3.5, 16, 7.5], "texture": "#0"}
			}
		},
		{
			"name": "gear",
			"from": [12, 1, 8],
			"to": [19, 13, 8],
			"faces": {
				"north": {"uv": [0, 0, 3.5, 6], "texture": "#0"},
				"south": {"uv": [3.5, 0, 0, 6], "texture": "#0"}
			}
		},
		{
			"from": [-1, 5, 7],
			"to": [2, 14, 10],
			"faces": {
				"north": {"uv": [1.5, 7.5, 3, 12], "texture": "#0"},
				"east": {"uv": [0, 7.5, 1.5, 12], "texture": "#0"},
				"south": {"uv": [1.5, 7.5, 3, 12], "texture": "#0"},
				"west": {"uv": [1.5, 7.5, 3, 12], "texture": "#0"},
				"up": {"uv": [1.5, 7.5, 0, 6], "texture": "#0"},
				"down": {"uv": [3, 6, 1.5, 7.5], "texture": "#0"}
			}
		},
		{
			"from": [2, 5, 7],
			"to": [4, 8, 10],
			"faces": {
				"north": {"uv": [1.5, 14.5, 2.5, 16], "texture": "#0"},
				"east": {"uv": [0, 14.5, 1.5, 16], "texture": "#0"},
				"south": {"uv": [4, 14.5, 5, 16], "texture": "#0"},
				"west": {"uv": [2.5, 14.5, 4, 16], "texture": "#0"},
				"up": {"uv": [2.5, 14.5, 1.5, 13], "texture": "#0"},
				"down": {"uv": [3.5, 13, 2.5, 14.5], "texture": "#0"}
			}
		}
	],
	"groups": [
		0,
		1,
		{
			"name": "pipe",
			"origin": [0, 0, 0],
			"color": 0,
			"nbt": "{}",
			"children": [2, 3]
		}
	]
}