{
	"textures": {
		"0": "expansion:vehicles/mech_legs/mech"
	},
	"elements": [
		{
			"from": [
				6,
				-3.000029999999999,
				5.5
			],
			"to": [
				12,
				9.999970000000001,
				10.5
			],
			"rotation": {
				"angle": 0,
				"axis": "y",
				"origin": [
					8,
					8,
					8
				]
			},
			"faces": {
				"north": {
					"uv": [
						2.3125,
						7,
						1.9375,
						7.875
					],
					"texture": "#0"
				},
				"east": {
					"uv": [
						6.9375,
						7.375,
						6.625,
						8.25
					],
					"texture": "#0"
				},
				"south": {
					"uv": [
						2.75,
						7,
						2.375,
						7.875
					],
					"texture": "#0"
				},
				"west": {
					"uv": [
						6.125,
						7.25,
						5.8125,
						8.125
					],
					"texture": "#0"
				},
				"up": {
					"uv": [
						10.4375,
						7.625,
						10.8125,
						7.3125
					],
					"texture": "#0"
				},
				"down": {
					"uv": [
						10.4375,
						7.6875,
						10.8125,
						8
					],
					"texture": "#0"
				}
			}
		},
		{
			"from": [
				8,
				-3.000029999999999,
				10.5
			],
			"to": [
				10,
				8.999970000000001,
				12.5
			],
			"rotation": {
				"angle": 0,
				"axis": "y",
				"origin": [
					8,
					8,
					8
				]
			},
			"faces": {
				"north": {
					"uv": [
						8.25,
						10.3125,
						8.125,
						11.1875
					],
					"texture": "#0"
				},
				"east": {
					"uv": [
						2.0625,
						10.625,
						1.9375,
						11.5
					],
					"texture": "#0"
				},
				"south": {
					"uv": [
						7.9375,
						10.5625,
						7.8125,
						11.4375
					],
					"texture": "#0"
				},
				"west": {
					"uv": [
						7.75,
						10.5625,
						7.625,
						11.4375
					],
					"texture": "#0"
				},
				"up": {
					"uv": [
						4.5,
						8,
						4.625,
						7.875
					],
					"texture": "#0"
				},
				"down": {
					"uv": [
						8.875,
						2.0625,
						9,
						2.1875
					],
					"texture": "#0"
				}
			}
		}
	],
	"display": {
		"head": {
			"rotation": [
				0,
				180,
				0
			]
		}
	}
}