{
	"textures": {
		"0": "expansion:vehicles/mech_legs/mech"
	},
	"elements": [
		{
			"from": [
				3.5,
				11.822109999999999,
				11.85293
			],
			"to": [
				15.500000000000002,
				14.822109999999999,
				15.85293
			],
			"rotation": {
				"angle": 22.5,
				"axis": "x",
				"origin": [
					9,
					11.791379999999997,
					6.54845
				]
			},
			"faces": {
				"north": {
					"uv": [
						11.125,
						2.875,
						10.375,
						3.0625
					],
					"texture": "#0"
				},
				"east": {
					"uv": [
						11.8125,
						2.8125,
						11.5625,
						3
					],
					"texture": "#0"
				},
				"south": {
					"uv": [
						11.125,
						9,
						10.375,
						9.1875
					],
					"texture": "#0"
				},
				"west": {
					"uv": [
						9.625,
						5.75,
						9.375,
						5.9375
					],
					"texture": "#0"
				},
				"up": {
					"uv": [
						9.125,
						7.25,
						9.875,
						7
					],
					"texture": "#0"
				},
				"down": {
					"uv": [
						9.3125,
						1.25,
						10.0625,
						1.5
					],
					"texture": "#0"
				}
			}
		},
		{
			"from": [
				3.5,
				8.030739999999994,
				1.3044799999999999
			],
			"to": [
				15.500000000000002,
				11.030739999999998,
				16.304479999999998
			],
			"rotation": {
				"angle": 0,
				"axis": "y",
				"origin": [
					9,
					8,
					8
				]
			},
			"faces": {
				"north": {
					"uv": [
						11.125,
						9.25,
						10.375,
						9.4375
					],
					"texture": "#0"
				},
				"east": {
					"uv": [
						10.3125,
						2.875,
						9.375,
						3.0625
					],
					"texture": "#0"
				},
				"south": {
					"uv": [
						11.125,
						9.5,
						10.375,
						9.6875
					],
					"texture": "#0"
				},
				"west": {
					"uv": [
						10,
						8.1875,
						9.0625,
						8.375
					],
					"texture": "#0"
				},
				"up": {
					"uv": [
						3.1875,
						1.9375,
						3.9375,
						1
					],
					"texture": "#0"
				},
				"down": {
					"uv": [
						3.1875,
						2,
						3.9375,
						2.9375
					],
					"texture": "#0"
				}
			}
		},
		{
			"from": [
				12.500000000000002,
				8.718939999999996,
				-1.2356700000000007
			],
			"to": [
				15.500000000000002,
				11.718939999999996,
				7.76433
			],
			"rotation": {
				"angle": -22.5,
				"axis": "x",
				"origin": [
					12.500000000000002,
					10.218939999999996,
					0.2643299999999993
				]
			},
			"faces": {
				"north": {
					"uv": [
						11.8125,
						6.4375,
						11.625,
						6.625
					],
					"texture": "#0"
				},
				"east": {
					"uv": [
						11.3125,
						1,
						10.75,
						1.1875
					],
					"texture": "#0"
				},
				"south": {
					"uv": [
						6.6875,
						11.625,
						6.5,
						11.8125
					],
					"texture": "#0"
				},
				"west": {
					"uv": [
						11.3125,
						0.5,
						10.75,
						0.6875
					],
					"texture": "#0"
				},
				"up": {
					"uv": [
						2.125,
						11.1875,
						2.3125,
						10.625
					],
					"texture": "#0"
				},
				"down": {
					"uv": [
						0.9375,
						10.75,
						1.125,
						11.3125
					],
					"texture": "#0"
				}
			}
		},
		{
			"from": [
				3.5,
				11.221749999999997,
				5.97627
			],
			"to": [
				15.500000000000002,
				11.971749999999997,
				7.72627
			],
			"rotation": {
				"angle": -22.5,
				"axis": "x",
				"origin": [
					8,
					11.941019999999998,
					8.42178
				]
			},
			"faces": {
				"north": {
					"uv": [
						7.1875,
						1.75,
						6.4375,
						1.8125
					],
					"texture": "#0"
				},
				"east": {
					"uv": [
						2.9375,
						4.9375,
						2.8125,
						5
					],
					"texture": "#0"
				},
				"south": {
					"uv": [
						11.9375,
						9.625,
						11.1875,
						9.6875
					],
					"texture": "#0"
				},
				"west": {
					"uv": [
						3.125,
						4.3125,
						3,
						4.375
					],
					"texture": "#0"
				},
				"up": {
					"uv": [
						8.0625,
						2.1875,
						8.8125,
						2.0625
					],
					"texture": "#0"
				},
				"down": {
					"uv": [
						10.875,
						7.75,
						11.625,
						7.875
					],
					"texture": "#0"
				}
			}
		},
		{
			"from": [
				12.500000000000002,
				8.030739999999994,
				-1.6955200000000001
			],
			"to": [
				15.500000000000002,
				11.030739999999998,
				1.3044799999999999
			],
			"rotation": {
				"angle": 0,
				"axis": "y",
				"origin": [
					16,
					8,
					8
				]
			},
			"faces": {
				"north": {
					"uv": [
						8.0625,
						11.625,
						7.875,
						11.8125
					],
					"texture": "#0"
				},
				"east": {
					"uv": [
						0.75,
						11.6875,
						0.5625,
						11.875
					],
					"texture": "#0"
				},
				"south": {
					"uv": [
						11.8125,
						11.5625,
						11.625,
						11.75
					],
					"texture": "#0"
				},
				"west": {
					"uv": [
						8.3125,
						11.625,
						8.125,
						11.8125
					],
					"texture": "#0"
				},
				"up": {
					"uv": [
						4.5625,
						11.875,
						4.75,
						11.6875
					],
					"texture": "#0"
				},
				"down": {
					"uv": [
						4.8125,
						11.6875,
						5,
						11.875
					],
					"texture": "#0"
				}
			}
		},
		{
			"from": [
				3.5,
				8.718939999999996,
				-1.2356700000000007
			],
			"to": [
				6.5,
				11.718939999999996,
				7.76433
			],
			"rotation": {
				"angle": -22.5,
				"axis": "x",
				"origin": [
					6.5,
					10.218939999999996,
					0.2643299999999993
				]
			},
			"faces": {
				"north": {
					"uv": [
						5.25,
						11.6875,
						5.0625,
						11.875
					],
					"texture": "#0"
				},
				"east": {
					"uv": [
						11.3125,
						5.375,
						10.75,
						5.5625
					],
					"texture": "#0"
				},
				"south": {
					"uv": [
						11.875,
						5.0625,
						11.6875,
						5.25
					],
					"texture": "#0"
				},
				"west": {
					"uv": [
						11.3125,
						1.25,
						10.75,
						1.4375
					],
					"texture": "#0"
				},
				"up": {
					"uv": [
						7,
						11.3125,
						7.1875,
						10.75
					],
					"texture": "#0"
				},
				"down": {
					"uv": [
						9.4375,
						10.75,
						9.625,
						11.3125
					],
					"texture": "#0"
				}
			}
		},
		{
			"from": [
				5.5,
				9.280739999999998,
				1.8044799999999999
			],
			"to": [
				12.500000000000002,
				12.280739999999998,
				7.80448
			],
			"rotation": {
				"angle": -22.5,
				"axis": "x",
				"origin": [
					9.5,
					10.780739999999998,
					4.80448
				]
			},
			"faces": {
				"north": {
					"uv": [
						11.5625,
						6.25,
						11.125,
						6.4375
					],
					"texture": "#0"
				},
				"east": {
					"uv": [
						8.4375,
						3.6875,
						8.0625,
						3.875
					],
					"texture": "#0"
				},
				"south": {
					"uv": [
						11.5625,
						6.5,
						11.125,
						6.6875
					],
					"texture": "#0"
				},
				"west": {
					"uv": [
						4,
						5.0625,
						3.625,
						5.25
					],
					"texture": "#0"
				},
				"up": {
					"uv": [
						10.0625,
						2.375,
						10.5,
						2
					],
					"texture": "#0"
				},
				"down": {
					"uv": [
						10.0625,
						2.4375,
						10.5,
						2.8125
					],
					"texture": "#0"
				}
			}
		},
		{
			"from": [
				3.5,
				8.030739999999994,
				-1.6955200000000001
			],
			"to": [
				6.5,
				11.030739999999998,
				1.3044799999999999
			],
			"rotation": {
				"angle": 0,
				"axis": "y",
				"origin": [
					8,
					8,
					8
				]
			},
			"faces": {
				"north": {
					"uv": [
						11.875,
						7.5625,
						11.6875,
						7.75
					],
					"texture": "#0"
				},
				"east": {
					"uv": [
						9.5,
						11.6875,
						9.3125,
						11.875
					],
					"texture": "#0"
				},
				"south": {
					"uv": [
						11.875,
						8.375,
						11.6875,
						8.5625
					],
					"texture": "#0"
				},
				"west": {
					"uv": [
						11.875,
						8.125,
						11.6875,
						8.3125
					],
					"texture": "#0"
				},
				"up": {
					"uv": [
						9.5625,
						11.875,
						9.75,
						11.6875
					],
					"texture": "#0"
				},
				"down": {
					"uv": [
						11.6875,
						11.1875,
						11.875,
						11.375
					],
					"texture": "#0"
				}
			}
		}
	],
	"display": {
		"head": {
			"rotation": [
				0,
				180,
				0
			]
		}
	}
}