{
	"textures": {
		"0": "expansion:vehicles/mech_legs/mech"
	},
	"elements": [
		{
			"from": [
				2,
				-0.7175100000000008,
				0.8180199999999997
			],
			"to": [
				14,
				2.28249,
				5.818020000000001
			],
			"rotation": {
				"angle": -45,
				"axis": "x",
				"origin": [
					8,
					-0.21751000000000076,
					-1.1819799999999994
				]
			},
			"faces": {
				"north": {
					"uv": [
						10.125,
						8.5,
						10.875,
						8.6875
					],
					"texture": "#0"
				},
				"east": {
					"uv": [
						9.75,
						4.5625,
						10.0625,
						4.75
					],
					"texture": "#0"
				},
				"south": {
					"uv": [
						10.25,
						8.75,
						11,
						8.9375
					],
					"texture": "#0"
				},
				"west": {
					"uv": [
						2.875,
						11.5,
						3.1875,
						11.6875
					],
					"texture": "#0"
				},
				"up": {
					"uv": [
						1.75,
						8.5625,
						1,
						8.25
					],
					"texture": "#0"
				},
				"down": {
					"uv": [
						9,
						8.0625,
						8.25,
						8.375
					],
					"texture": "#0"
				}
			}
		},
		{
			"from": [
				2,
				3.5,
				2
			],
			"to": [
				14,
				6.5,
				14
			],
			"rotation": {
				"angle": 0,
				"axis": "y",
				"origin": [
					8,
					4,
					8
				]
			},
			"faces": {
				"north": {
					"uv": [
						10.3125,
						6.0625,
						11.0625,
						6.25
					],
					"texture": "#0"
				},
				"east": {
					"uv": [
						10.3125,
						6.3125,
						11.0625,
						6.5
					],
					"texture": "#0"
				},
				"south": {
					"uv": [
						7.3125,
						10.3125,
						8.0625,
						10.5
					],
					"texture": "#0"
				},
				"west": {
					"uv": [
						10.375,
						0.75,
						11.125,
						0.9375
					],
					"texture": "#0"
				},
				"up": {
					"uv": [
						4.8125,
						5.25,
						4.0625,
						4.5
					],
					"texture": "#0"
				},
				"down": {
					"uv": [
						0.75,
						4.625,
						0,
						5.375
					],
					"texture": "#0"
				}
			}
		},
		{
			"from": [
				-1,
				-1.5,
				5
			],
			"to": [
				17,
				4.5,
				11
			],
			"rotation": {
				"angle": 0,
				"axis": "y",
				"origin": [
					9,
					1.5,
					8
				]
			},
			"faces": {
				"north": {
					"uv": [
						1.5,
						6.125,
						2.5625,
						6.5
					],
					"texture": "#0"
				},
				"east": {
					"uv": [
						8.6875,
						10.25,
						9.0625,
						10.625
					],
					"texture": "#0"
				},
				"south": {
					"uv": [
						6.1875,
						0,
						7.25,
						0.375
					],
					"texture": "#0"
				},
				"west": {
					"uv": [
						0.9375,
						10.3125,
						1.3125,
						10.6875
					],
					"texture": "#0"
				},
				"up": {
					"uv": [
						7.25,
						6.1875,
						6.1875,
						5.8125
					],
					"texture": "#0"
				},
				"down": {
					"uv": [
						7.3125,
						1.875,
						6.25,
						2.25
					],
					"texture": "#0"
				}
			}
		},
		{
			"from": [
				2,
				-3.0355299999999996,
				-1.5355299999999996
			],
			"to": [
				14,
				2.9644700000000004,
				2.4644700000000004
			],
			"rotation": {
				"angle": 0,
				"axis": "y",
				"origin": [
					8,
					0.4644700000000004,
					-3.5355299999999996
				]
			},
			"faces": {
				"north": {
					"uv": [
						7.25,
						7,
						8,
						7.375
					],
					"texture": "#0"
				},
				"east": {
					"uv": [
						10.875,
						1.875,
						11.125,
						2.25
					],
					"texture": "#0"
				},
				"south": {
					"uv": [
						7.3125,
						0,
						8.0625,
						0.375
					],
					"texture": "#0"
				},
				"west": {
					"uv": [
						10.875,
						2.3125,
						11.125,
						2.6875
					],
					"texture": "#0"
				},
				"up": {
					"uv": [
						9.875,
						2.8125,
						9.125,
						2.5625
					],
					"texture": "#0"
				},
				"down": {
					"uv": [
						9.875,
						3.375,
						9.125,
						3.625
					],
					"texture": "#0"
				}
			}
		},
		{
			"from": [
				6,
				-3.4570799999999995,
				-1.0324799999999996
			],
			"to": [
				10,
				1.5429199999999996,
				11.96752
			],
			"rotation": {
				"angle": -22.5,
				"axis": "x",
				"origin": [
					8,
					1.0429199999999996,
					9.96752
				]
			},
			"faces": {
				"north": {
					"uv": [
						11.375,
						5.125,
						11.625,
						5.4375
					],
					"texture": "#0"
				},
				"east": {
					"uv": [
						7.4375,
						1.0625,
						8.25,
						1.375
					],
					"texture": "#0"
				},
				"south": {
					"uv": [
						6.875,
						11.375,
						7.125,
						11.6875
					],
					"texture": "#0"
				},
				"west": {
					"uv": [
						7.4375,
						3,
						8.25,
						3.3125
					],
					"texture": "#0"
				},
				"up": {
					"uv": [
						2.0625,
						9.875,
						1.8125,
						9.0625
					],
					"texture": "#0"
				},
				"down": {
					"uv": [
						2.375,
						9.0625,
						2.125,
						9.875
					],
					"texture": "#0"
				}
			}
		},
		{
			"from": [
				6,
				-9.485230000000001,
				-6.69059
			],
			"to": [
				10,
				-2.4852299999999996,
				-4.69059
			],
			"rotation": {
				"angle": -45,
				"axis": "x",
				"origin": [
					8,
					1.5147700000000004,
					-5.19059
				]
			},
			"faces": {
				"north": {
					"uv": [
						0,
						10.5,
						0.25,
						10.9375
					],
					"texture": "#0"
				},
				"east": {
					"uv": [
						0.875,
						3.8125,
						1,
						4.25
					],
					"texture": "#0"
				},
				"south": {
					"uv": [
						10.5625,
						1.875,
						10.8125,
						2.3125
					],
					"texture": "#0"
				},
				"west": {
					"uv": [
						8.5625,
						9,
						8.6875,
						9.4375
					],
					"texture": "#0"
				},
				"up": {
					"uv": [
						11.9375,
						5.4375,
						11.6875,
						5.3125
					],
					"texture": "#0"
				},
				"down": {
					"uv": [
						12,
						0.5,
						11.75,
						0.625
					],
					"texture": "#0"
				}
			}
		},
		{
			"from": [
				6,
				-2.3743099999999995,
				-3.4228199999999998
			],
			"to": [
				10,
				3.6256899999999996,
				-1.4228199999999998
			],
			"rotation": {
				"angle": 0,
				"axis": "y",
				"origin": [
					8,
					7.6256900000000005,
					-1.9228199999999998
				]
			},
			"faces": {
				"north": {
					"uv": [
						5.25,
						10.875,
						5.5,
						11.25
					],
					"texture": "#0"
				},
				"east": {
					"uv": [
						2.625,
						6.125,
						2.75,
						6.5
					],
					"texture": "#0"
				},
				"south": {
					"uv": [
						10.875,
						7.3125,
						11.125,
						7.6875
					],
					"texture": "#0"
				},
				"west": {
					"uv": [
						6.625,
						6.9375,
						6.75,
						7.3125
					],
					"texture": "#0"
				},
				"up": {
					"uv": [
						12,
						0.8125,
						11.75,
						0.6875
					],
					"texture": "#0"
				},
				"down": {
					"uv": [
						12,
						0.875,
						11.75,
						1
					],
					"texture": "#0"
				}
			}
		},
		{
			"from": [
				4,
				-2.5,
				2
			],
			"to": [
				12,
				4.5,
				12
			],
			"rotation": {
				"angle": 0,
				"axis": "y",
				"origin": [
					8,
					2,
					8
				]
			},
			"faces": {
				"north": {
					"uv": [
						8.3125,
						2.875,
						8.8125,
						3.3125
					],
					"texture": "#0"
				},
				"east": {
					"uv": [
						7.375,
						1.75,
						8,
						2.1875
					],
					"texture": "#0"
				},
				"south": {
					"uv": [
						1.8125,
						8.5625,
						2.3125,
						9
					],
					"texture": "#0"
				},
				"west": {
					"uv": [
						7.375,
						3.4375,
						8,
						3.875
					],
					"texture": "#0"
				},
				"up": {
					"uv": [
						3.3125,
						7.625,
						2.8125,
						7
					],
					"texture": "#0"
				},
				"down": {
					"uv": [
						7.5,
						5.125,
						7,
						5.75
					],
					"texture": "#0"
				}
			}
		},
		{
			"from": [
				6,
				1.5,
				-3
			],
			"to": [
				10,
				5.5,
				4
			],
			"rotation": {
				"angle": -22.5,
				"axis": "x",
				"origin": [
					8,
					3.5,
					1.5
				]
			},
			"faces": {
				"north": {
					"uv": [
						10,
						11.4375,
						10.25,
						11.6875
					],
					"texture": "#0"
				},
				"east": {
					"uv": [
						8.5,
						4.25,
						8.9375,
						4.5
					],
					"texture": "#0"
				},
				"south": {
					"uv": [
						11.4375,
						10,
						11.6875,
						10.25
					],
					"texture": "#0"
				},
				"west": {
					"uv": [
						10.5,
						10,
						10.9375,
						10.25
					],
					"texture": "#0"
				},
				"up": {
					"uv": [
						10.8125,
						2.8125,
						10.5625,
						2.375
					],
					"texture": "#0"
				},
				"down": {
					"uv": [
						7.5625,
						10.5625,
						7.3125,
						11
					],
					"texture": "#0"
				}
			}
		},
		{
			"from": [
				6,
				-2.3491800000000005,
				11.53736
			],
			"to": [
				10,
				3.6508200000000004,
				13.53736
			],
			"rotation": {
				"angle": 0,
				"axis": "y",
				"origin": [
					8,
					7.6508199999999995,
					13.03736
				]
			},
			"faces": {
				"north": {
					"uv": [
						8.3125,
						10.875,
						8.5625,
						11.25
					],
					"texture": "#0"
				},
				"east": {
					"uv": [
						0.4375,
						9.25,
						0.5625,
						9.625
					],
					"texture": "#0"
				},
				"south": {
					"uv": [
						10.9375,
						3.125,
						11.1875,
						3.5
					],
					"texture": "#0"
				},
				"west": {
					"uv": [
						10.5625,
						0,
						10.6875,
						0.375
					],
					"texture": "#0"
				},
				"up": {
					"uv": [
						12,
						1.1875,
						11.75,
						1.0625
					],
					"texture": "#0"
				},
				"down": {
					"uv": [
						12,
						1.25,
						11.75,
						1.375
					],
					"texture": "#0"
				}
			}
		},
		{
			"from": [
				3,
				6.5,
				3
			],
			"to": [
				13,
				9.5,
				13
			],
			"rotation": {
				"angle": 0,
				"axis": "y",
				"origin": [
					8,
					8,
					8
				]
			},
			"faces": {
				"north": {
					"uv": [
						10.375,
						9.75,
						11,
						9.9375
					],
					"texture": "#0"
				},
				"east": {
					"uv": [
						10.4375,
						6.5625,
						11.0625,
						6.75
					],
					"texture": "#0"
				},
				"south": {
					"uv": [
						10.4375,
						6.8125,
						11.0625,
						7
					],
					"texture": "#0"
				},
				"west": {
					"uv": [
						10.4375,
						7.0625,
						11.0625,
						7.25
					],
					"texture": "#0"
				},
				"up": {
					"uv": [
						6.875,
						2.9375,
						6.25,
						2.3125
					],
					"texture": "#0"
				},
				"down": {
					"uv": [
						6.8125,
						6.25,
						6.1875,
						6.875
					],
					"texture": "#0"
				}
			}
		}
	],
	"display": {
		"head": {
			"rotation": [
				0,
				180,
				0
			]
		}
	}
}