{
	"textures": {
		"0": "expansion:vehicles/mech_legs/mech"
	},
	"elements": [
		{
			"from": [
				11.83722,
				-6.152699999999999,
				5.52056
			],
			"to": [
				13.83722,
				12.8473,
				12.02056
			],
			"rotation": {
				"angle": 0,
				"axis": "y",
				"origin": [
					-2.1627799999999997,
					7.8473299999999995,
					8.52056
				]
			},
			"faces": {
				"north": {
					"uv": [
						5.6875,
						10.25,
						5.5625,
						11.375
					],
					"texture": "#0"
				},
				"east": {
					"uv": [
						1.75,
						4.9375,
						1.3125,
						6.0625
					],
					"texture": "#0"
				},
				"south": {
					"uv": [
						1.5,
						10.3125,
						1.375,
						11.4375
					],
					"texture": "#0"
				},
				"west": {
					"uv": [
						1.25,
						4.9375,
						0.8125,
						6.0625
					],
					"texture": "#0"
				},
				"up": {
					"uv": [
						6.125,
						11.9375,
						6.25,
						11.5
					],
					"texture": "#0"
				},
				"down": {
					"uv": [
						6.3125,
						11.5,
						6.4375,
						11.9375
					],
					"texture": "#0"
				}
			}
		},
		{
			"from": [
				10.362350000000001,
				11.40796,
				5.52056
			],
			"to": [
				12.362350000000001,
				14.40796,
				12.02056
			],
			"rotation": {
				"angle": 45,
				"axis": "z",
				"origin": [
					11.362350000000001,
					13.90796,
					8.52056
				]
			},
			"faces": {
				"north": {
					"uv": [
						10.0625,
						7.5,
						9.9375,
						7.6875
					],
					"texture": "#0"
				},
				"east": {
					"uv": [
						11.5,
						8.75,
						11.0625,
						8.9375
					],
					"texture": "#0"
				},
				"south": {
					"uv": [
						11.3125,
						0.75,
						11.1875,
						0.9375
					],
					"texture": "#0"
				},
				"west": {
					"uv": [
						8.5625,
						6.75,
						8.125,
						6.9375
					],
					"texture": "#0"
				},
				"up": {
					"uv": [
						7.5,
						11.9375,
						7.625,
						11.5
					],
					"texture": "#0"
				},
				"down": {
					"uv": [
						7.6875,
						11.5,
						7.8125,
						11.9375
					],
					"texture": "#0"
				}
			}
		},
		{
			"from": [
				5.3120899999999995,
				11.40796,
				5.52056
			],
			"to": [
				7.3120899999999995,
				14.40796,
				12.02056
			],
			"rotation": {
				"angle": -45,
				"axis": "z",
				"origin": [
					6.3120899999999995,
					13.90796,
					8.52056
				]
			},
			"faces": {
				"north": {
					"uv": [
						11.3125,
						5.125,
						11.1875,
						5.3125
					],
					"texture": "#0"
				},
				"east": {
					"uv": [
						11.5625,
						6,
						11.125,
						6.1875
					],
					"texture": "#0"
				},
				"south": {
					"uv": [
						11.875,
						4.5625,
						11.75,
						4.75
					],
					"texture": "#0"
				},
				"west": {
					"uv": [
						11.5,
						9.75,
						11.0625,
						9.9375
					],
					"texture": "#0"
				},
				"up": {
					"uv": [
						8.5625,
						11.9375,
						8.6875,
						11.5
					],
					"texture": "#0"
				},
				"down": {
					"uv": [
						8.75,
						11.5,
						8.875,
						11.9375
					],
					"texture": "#0"
				}
			}
		},
		{
			"from": [
				5.83722,
				-0.1526999999999994,
				4.52056
			],
			"to": [
				11.83722,
				13.8473,
				14.02056
			],
			"rotation": {
				"angle": 0,
				"axis": "y",
				"origin": [
					-4.16278,
					7.8473299999999995,
					8.52056
				]
			},
			"faces": {
				"north": {
					"uv": [
						6.5625,
						6.9375,
						6.1875,
						7.8125
					],
					"texture": "#0"
				},
				"east": {
					"uv": [
						5.5,
						4.5,
						4.875,
						5.375
					],
					"texture": "#0"
				},
				"south": {
					"uv": [
						1.875,
						7,
						1.5,
						7.875
					],
					"texture": "#0"
				},
				"west": {
					"uv": [
						5.5,
						0.8125,
						4.875,
						1.6875
					],
					"texture": "#0"
				},
				"up": {
					"uv": [
						6.5,
						8.9375,
						6.875,
						8.3125
					],
					"texture": "#0"
				},
				"down": {
					"uv": [
						6.9375,
						8.3125,
						7.3125,
						8.9375
					],
					"texture": "#0"
				}
			}
		},
		{
			"from": [
				4.83722,
				-4.152699999999999,
				3.5205599999999997
			],
			"to": [
				12.83722,
				2.8472999999999997,
				5.52056
			],
			"rotation": {
				"angle": 0,
				"axis": "y",
				"origin": [
					-4.16278,
					7.8473299999999995,
					8.52056
				]
			},
			"faces": {
				"north": {
					"uv": [
						2.875,
						8.5625,
						2.375,
						9
					],
					"texture": "#0"
				},
				"east": {
					"uv": [
						1.625,
						11.5625,
						1.5,
						12
					],
					"texture": "#0"
				},
				"south": {
					"uv": [
						1.5,
						8.625,
						1,
						9.0625
					],
					"texture": "#0"
				},
				"west": {
					"uv": [
						0.125,
						11.5625,
						0,
						12
					],
					"texture": "#0"
				},
				"up": {
					"uv": [
						4.25,
						0.9375,
						4.75,
						0.8125
					],
					"texture": "#0"
				},
				"down": {
					"uv": [
						7.375,
						4.5625,
						7.875,
						4.6875
					],
					"texture": "#0"
				}
			}
		},
		{
			"from": [
				4.83722,
				-7.076609999999999,
				-1.0695700000000006
			],
			"to": [
				12.83722,
				-3.0766100000000005,
				0.9304299999999994
			],
			"rotation": {
				"angle": -22.5,
				"axis": "x",
				"origin": [
					-4.16278,
					7.92342,
					3.9304299999999994
				]
			},
			"faces": {
				"north": {
					"uv": [
						8.5625,
						4.875,
						8.0625,
						5.0625
					],
					"texture": "#0"
				},
				"east": {
					"uv": [
						11.875,
						5.5,
						11.75,
						5.6875
					],
					"texture": "#0"
				},
				"south": {
					"uv": [
						9.875,
						3.125,
						9.375,
						3.3125
					],
					"texture": "#0"
				},
				"west": {
					"uv": [
						5.5625,
						11.75,
						5.4375,
						11.9375
					],
					"texture": "#0"
				},
				"up": {
					"uv": [
						3.9375,
						8,
						4.4375,
						7.875
					],
					"texture": "#0"
				},
				"down": {
					"uv": [
						9.3125,
						1.5625,
						9.8125,
						1.6875
					],
					"texture": "#0"
				}
			}
		},
		{
			"from": [
				4.83722,
				-8.689700000000002,
				5.28174
			],
			"to": [
				12.83722,
				-6.689700000000002,
				9.28174
			],
			"rotation": {
				"angle": 22.5,
				"axis": "x",
				"origin": [
					8.83722,
					-7.689700000000002,
					7.28174
				]
			},
			"faces": {
				"north": {
					"uv": [
						3.9375,
						8,
						4.4375,
						7.875
					],
					"rotation": 180,
					"texture": "#0"
				},
				"east": {
					"uv": [
						11.75,
						5.6875,
						11.875,
						5.5
					],
					"rotation": 270,
					"texture": "#0"
				},
				"south": {
					"uv": [
						9.3125,
						1.5625,
						9.8125,
						1.6875
					],
					"texture": "#0"
				},
				"west": {
					"uv": [
						5.4375,
						11.9375,
						5.5625,
						11.75
					],
					"rotation": 90,
					"texture": "#0"
				},
				"up": {
					"uv": [
						9.875,
						3.125,
						9.375,
						3.3125
					],
					"texture": "#0"
				},
				"down": {
					"uv": [
						8.5625,
						4.875,
						8.0625,
						5.0625
					],
					"rotation": 180,
					"texture": "#0"
				}
			}
		},
		{
			"from": [
				3.8372200000000003,
				-5.152699999999999,
				5.52056
			],
			"to": [
				5.83722,
				12.8473,
				12.02056
			],
			"rotation": {
				"angle": 0,
				"axis": "y",
				"origin": [
					-4.16278,
					7.8473299999999995,
					8.52056
				]
			},
			"faces": {
				"north": {
					"uv": [
						4.4375,
						10.3125,
						4.3125,
						11.4375
					],
					"texture": "#0"
				},
				"east": {
					"uv": [
						2.75,
						4.9375,
						2.3125,
						6.0625
					],
					"texture": "#0"
				},
				"south": {
					"uv": [
						4.625,
						10.3125,
						4.5,
						11.4375
					],
					"texture": "#0"
				},
				"west": {
					"uv": [
						2.25,
						4.9375,
						1.8125,
						6.0625
					],
					"texture": "#0"
				},
				"up": {
					"uv": [
						1.6875,
						12,
						1.8125,
						11.5625
					],
					"texture": "#0"
				},
				"down": {
					"uv": [
						11.5625,
						1.75,
						11.6875,
						2.1875
					],
					"texture": "#0"
				}
			}
		}
	],
	"display": {
		"head": {
			"rotation": [
				0,
				180,
				0
			]
		}
	}
}