{
	"credit": "Made with Blockbench",
	"textures": {
		"0": "manic:block/potted_corpseplant/potted_corpsegourd",
		"particle": "manic:block/potted_corpseplant/potted_corpsegourd"
	},
	"elements": [
		{
			"name": "Stalk",
			"from": [8, 12, 2],
			"to": [8, 20, 10],
			"rotation": {"angle": 0, "axis": "y", "origin": [7, 12, 6]},
			"faces": {
				"east": {"uv": [8, 8, 16, 16], "texture": "#0"},
				"west": {"uv": [16, 8, 8, 16], "texture": "#0"}
			}
		},
		{
			"name": "Gourd",
			"from": [4, 4, 4],
			"to": [12, 12, 12],
			"rotation": {"angle": 0, "axis": "y", "origin": [7, 4, 8]},
			"faces": {
				"north": {"uv": [0, 0, 8, 8], "texture": "#0"},
				"east": {"uv": [0, 0, 8, 8], "texture": "#0"},
				"south": {"uv": [0, 0, 8, 8], "texture": "#0"},
				"west": {"uv": [0, 0, 8, 8], "texture": "#0"},
				"up": {"uv": [8, 0, 16, 8], "texture": "#0"},
				"down": {"uv": [0, 8, 8, 16], "texture": "#0"}
			}
		}
	]
}