{
	"credit": "Made with Blockbench",
	"textures": {
		"0": "manic:block/potted_corpseplant/potted_corpsethorn",
		"particle": "manic:block/potted_corpseplant/potted_corpsethorn"
	},
	"elements": [
		{
			"name": "Bottom",
			"from": [6, 4, 6],
			"to": [10, 8, 10],
			"rotation": {"angle": 0, "axis": "y", "origin": [8, 8, 8]},
			"faces": {
				"north": {"uv": [0, 12, 4, 16], "texture": "#0"},
				"east": {"uv": [0, 12, 4, 16], "texture": "#0"},
				"south": {"uv": [0, 12, 4, 16], "texture": "#0"},
				"west": {"uv": [0, 12, 4, 16], "texture": "#0"},
				"up": {"uv": [4, 12, 8, 16], "texture": "#0"},
				"down": {"uv": [4, 12, 8, 16], "texture": "#0"}
			}
		},
		{
			"name": "Bottom",
			"from": [5, 8, 5],
			"to": [11, 16, 11],
			"rotation": {"angle": 0, "axis": "y", "origin": [8, 12, 8]},
			"faces": {
				"north": {"uv": [4, 0, 10, 8], "texture": "#0"},
				"east": {"uv": [4, 0, 10, 8], "texture": "#0"},
				"south": {"uv": [4, 0, 10, 8], "texture": "#0"},
				"west": {"uv": [4, 0, 10, 8], "texture": "#0"},
				"up": {"uv": [10, 0, 16, 6], "texture": "#0"},
				"down": {"uv": [10, 6, 16, 12], "texture": "#0"}
			}
		}
	]
}