{
	"credit": "Made with Blockbench",
	"textures": {
		"0": "manic:block/potted_corpseplant/potted_corpseflute",
		"particle": "manic:block/potted_corpseplant/potted_corpseflute"
	},
	"elements": [
		{
			"name": "Stem",
			"from": [7, 4, 7],
			"to": [9, 12, 9],
			"rotation": {"angle": 0, "axis": "y", "origin": [8, 8, 8]},
			"faces": {
				"north": {"uv": [2, 2, 4, 10], "texture": "#0"},
				"east": {"uv": [0, 2, 2, 10], "texture": "#0"},
				"south": {"uv": [6, 2, 8, 10], "texture": "#0"},
				"west": {"uv": [4, 2, 6, 10], "texture": "#0"},
				"up": {"uv": [4, 2, 2, 0], "texture": "#0"},
				"down": {"uv": [6, 0, 4, 2], "texture": "#0"}
			}
		},
		{
			"name": "Bulbs0",
			"from": [8, 4, 4],
			"to": [8, 12, 12],
			"rotation": {"angle": 0, "axis": "y", "origin": [8, 8, 8]},
			"faces": {
				"east": {"uv": [8, 2, 16, 10], "texture": "#0"},
				"west": {"uv": [8, 2, 16, 10], "texture": "#0"}
			}
		},
		{
			"name": "Bulbs1",
			"from": [4, 4, 8],
			"to": [12, 12, 8],
			"rotation": {"angle": 0, "axis": "y", "origin": [8, 8, 8]},
			"faces": {
				"north": {"uv": [8, 2, 16, 10], "texture": "#0"},
				"south": {"uv": [8, 2, 16, 10], "texture": "#0"}
			}
		}
	]
}