{
	"credit": "Made with Blockbench",
	"texture_size": [32, 32],
	"textures": {
		"0": "manic:block/potted_corpseplant/potted_corpsebloom",
		"particle": "manic:block/potted_corpseplant/potted_corpsebloom"
	},
	"elements": [
		{
			"from": [8, 4, 4],
			"to": [8, 17, 12],
			"rotation": {"angle": 0, "axis": "y", "origin": [8, 4, 8]},
			"faces": {
				"east": {"uv": [7, 0, 11, 6.5], "texture": "#0"},
				"west": {"uv": [11, 0, 7, 6.5], "texture": "#0"}
			}
		},
		{
			"from": [4, 4, 8],
			"to": [12, 14, 8],
			"rotation": {"angle": 0, "axis": "y", "origin": [8, 4, 8]},
			"faces": {
				"north": {"uv": [7, 1.5, 11, 6.5], "texture": "#0"},
				"south": {"uv": [7, 1.5, 11, 6.5], "texture": "#0"}
			}
		},
		{
			"from": [1, 9, 4],
			"to": [15, 23, 4],
			"rotation": {"angle": 22.5, "axis": "x", "origin": [8, 16, 4]},
			"faces": {
				"north": {"uv": [0, 0, 7, 7], "texture": "#0"},
				"south": {"uv": [7, 0, 0, 7], "texture": "#0"}
			}
		},
		{
			"from": [6, 14, 3],
			"to": [10, 18, 5],
			"rotation": {"angle": 22.5, "axis": "x", "origin": [8, 16, 5]},
			"faces": {
				"north": {"uv": [2, 7, 4, 9], "texture": "#0"},
				"east": {"uv": [0, 9, 2, 10], "rotation": 90, "texture": "#0"},
				"south": {"uv": [4, 7, 6, 9], "texture": "#0"},
				"west": {"uv": [4, 9, 6, 10], "rotation": 90, "texture": "#0"},
				"up": {"uv": [6, 9, 8, 10], "texture": "#0"},
				"down": {"uv": [2, 9, 4, 10], "texture": "#0"}
			}
		}
	],
	"groups": [
		{
			"name": "stalk",
			"origin": [0, 0, 0],
			"color": 0,
			"children": [0, 1]
		},
		{
			"name": "flower",
			"origin": [0, 0, 0],
			"color": 0,
			"children": [2, 3]
		}
	]
}