{
	"credit": "Made with Blockbench",
	"texture_size": [32, 32],
	"textures": {
		"0": "manic:block/potted_corpseplant/potted_corpsebulb",
		"particle": "manic:block/potted_corpseplant/potted_corpsebulb"
	},
	"elements": [
		{
			"name": "Bulb",
			"from": [5, 8, 5],
			"to": [11, 14, 11],
			"rotation": {"angle": 0, "axis": "y", "origin": [6, 12, 6]},
			"faces": {
				"north": {"uv": [3, 3, 6, 6], "texture": "#0"},
				"east": {"uv": [0, 3, 3, 6], "texture": "#0"},
				"south": {"uv": [9, 3, 12, 6], "texture": "#0"},
				"west": {"uv": [6, 3, 9, 6], "texture": "#0"},
				"up": {"uv": [3, 0, 6, 3], "texture": "#0"},
				"down": {"uv": [6, 0, 9, 3], "texture": "#0"}
			}
		},
		{
			"name": "Stem0",
			"from": [5, 4, 8],
			"to": [11, 22, 8],
			"rotation": {"angle": -45, "axis": "y", "origin": [8, 13, 8], "rescale": true},
			"faces": {
				"north": {"uv": [12, 0, 16, 9], "texture": "#0"},
				"south": {"uv": [12, 0, 16, 9], "texture": "#0"}
			}
		},
		{
			"name": "Stem1",
			"from": [5, 4, 8],
			"to": [11, 22, 8],
			"rotation": {"angle": 45, "axis": "y", "origin": [8, 13, 8], "rescale": true},
			"faces": {
				"north": {"uv": [12, 0, 16, 9], "texture": "#0"},
				"south": {"uv": [12, 0, 16, 9], "texture": "#0"}
			}
		}
	]
}