{
	"textures": {
		"0": "expansion:vehicles/mech/mech"
	},
	"elements": [
		{
			"from": [
				6,
				2.451999999999998,
				7.906079999999999
			],
			"to": [
				12,
				10.451999999999998,
				9.90608
			],
			"rotation": {
				"angle": 22.5,
				"axis": "x",
				"origin": [
					8,
					-1.5480000000000018,
					8.40608
				]
			},
			"faces": {
				"north": {
					"uv": [
						0.375,
						9.25,
						0,
						9.75
					],
					"texture": "#0"
				},
				"east": {
					"uv": [
						5.125,
						9.5625,
						5,
						10.0625
					],
					"texture": "#0"
				},
				"south": {
					"uv": [
						9.625,
						6,
						9.25,
						6.5
					],
					"texture": "#0"
				},
				"west": {
					"uv": [
						5.8125,
						1.875,
						5.6875,
						2.375
					],
					"texture": "#0"
				},
				"up": {
					"uv": [
						4.875,
						2.5625,
						5.25,
						2.4375
					],
					"texture": "#0"
				},
				"down": {
					"uv": [
						8.5625,
						0.875,
						8.9375,
						1
					],
					"texture": "#0"
				}
			}
		},
		{
			"from": [
				6,
				8.964529241587803,
				12.384100487148007
			],
			"to": [
				12,
				13.964529241587803,
				14.384100487148007
			],
			"rotation": {
				"angle": 0,
				"axis": "y",
				"origin": [
					8,
					10.964529241587803,
					12.884100487148007
				]
			},
			"faces": {
				"north": {
					"uv": [
						10.875,
						3.5,
						10.5,
						3.8125
					],
					"texture": "#0"
				},
				"east": {
					"uv": [
						6.4375,
						4.75,
						6.3125,
						5.0625
					],
					"texture": "#0"
				},
				"south": {
					"uv": [
						10.875,
						3.875,
						10.5,
						4.1875
					],
					"texture": "#0"
				},
				"west": {
					"uv": [
						4.125,
						2.625,
						4,
						2.9375
					],
					"texture": "#0"
				},
				"up": {
					"uv": [
						9.6875,
						5.375,
						10.0625,
						5.25
					],
					"texture": "#0"
				},
				"down": {
					"uv": [
						11.5,
						6.75,
						11.875,
						6.875
					],
					"texture": "#0"
				}
			}
		},
		{
			"from": [
				5,
				-9.548000000000002,
				2.9060799999999993
			],
			"to": [
				13,
				11.451999999999998,
				8.90608
			],
			"rotation": {
				"angle": 22.5,
				"axis": "x",
				"origin": [
					8,
					-1.5480000000000018,
					8.40608
				]
			},
			"faces": {
				"north": {
					"uv": [
						5.8125,
						2.4375,
						5.3125,
						3.375
					],
					"texture": "#0"
				},
				"east": {
					"uv": [
						3.875,
						6.75,
						3.5,
						7.6875
					],
					"texture": "#0"
				},
				"south": {
					"uv": [
						5.8125,
						3.4375,
						5.3125,
						4.375
					],
					"texture": "#0"
				},
				"west": {
					"uv": [
						6.9375,
						4.75,
						6.5625,
						5.6875
					],
					"texture": "#0"
				},
				"up": {
					"uv": [
						9.25,
						6.9375,
						9.75,
						6.5625
					],
					"texture": "#0"
				},
				"down": {
					"uv": [
						9.3125,
						0.8125,
						9.8125,
						1.1875
					],
					"texture": "#0"
				}
			}
		},
		{
			"from": [
				6,
				5.451999999999998,
				3.9060799999999993
			],
			"to": [
				12,
				12.451999999999998,
				7.906079999999999
			],
			"rotation": {
				"angle": 22.5,
				"axis": "x",
				"origin": [
					8,
					-1.5480000000000018,
					8.40608
				]
			},
			"faces": {
				"north": {
					"uv": [
						11.875,
						7.9375,
						11.5,
						8.0625
					],
					"texture": "#0"
				},
				"east": {
					"uv": [
						12,
						1.9375,
						11.75,
						2.0625
					],
					"texture": "#0"
				},
				"south": {
					"uv": [
						11.9375,
						2.25,
						11.5625,
						2.375
					],
					"texture": "#0"
				},
				"west": {
					"uv": [
						12,
						1.75,
						11.75,
						1.875
					],
					"texture": "#0"
				},
				"up": {
					"uv": [
						5.125,
						0.75,
						5.5,
						0.5
					],
					"texture": "#0"
				},
				"down": {
					"uv": [
						6.1875,
						7.875,
						6.5625,
						8.125
					],
					"texture": "#0"
				}
			}
		},
		{
			"from": [
				6,
				-1.74146,
				-0.14871000000000123
			],
			"to": [
				12,
				6.258539999999996,
				1.8512900000000005
			],
			"rotation": {
				"angle": -22.5,
				"axis": "x",
				"origin": [
					8,
					4.258539999999996,
					1.8512900000000005
				]
			},
			"faces": {
				"north": {
					"uv": [
						9.6875,
						3.6875,
						9.3125,
						4.1875
					],
					"texture": "#0"
				},
				"east": {
					"uv": [
						8.5,
						11.3125,
						8.375,
						11.8125
					],
					"texture": "#0"
				},
				"south": {
					"uv": [
						9.6875,
						4.25,
						9.3125,
						4.75
					],
					"texture": "#0"
				},
				"west": {
					"uv": [
						2.625,
						11.25,
						2.5,
						11.75
					],
					"texture": "#0"
				},
				"up": {
					"uv": [
						11.5625,
						2.5625,
						11.9375,
						2.4375
					],
					"texture": "#0"
				},
				"down": {
					"uv": [
						11.5625,
						2.625,
						11.9375,
						2.75
					],
					"texture": "#0"
				}
			}
		}
	]
}