{
	"credit": "Made with Blockbench",
	"textures": {
		"0": "manic:block/malefactor_nest/base",
		"particle": "manic:block/malefactor_nest/particles"
	},
	"elements": [
		{
			"from": [6, 0, 6],
			"to": [10, 6, 10],
			"faces": {
				"north": {"uv": [7, 0, 8, 1.5], "texture": "#0"},
				"east": {"uv": [7, 0, 8, 1.5], "texture": "#0"},
				"south": {"uv": [7, 0, 8, 1.5], "texture": "#0"},
				"west": {"uv": [7, 0, 8, 1.5], "texture": "#0"},
				"up": {"uv": [8.25, 0, 9.25, 1], "texture": "#0"},
				"down": {"uv": [5.75, 0, 6.75, 1], "texture": "#0"}
			}
		},
		{
			"from": [-7, 0, 8],
			"to": [23, 16, 8],
			"rotation": {"angle": 45, "axis": "y", "origin": [8, 8, 8]},
			"faces": {
				"north": {"uv": [0, 8.5, 7.5, 12.5], "texture": "#0"},
				"east": {"uv": [0, 0, 0, 0], "texture": "#0"},
				"south": {"uv": [7.5, 8.5, 0, 12.5], "texture": "#0"},
				"west": {"uv": [0, 0, 0, 0], "texture": "#0"},
				"up": {"uv": [0, 0, 0, 0], "texture": "#0"},
				"down": {"uv": [0, 0, 0, 0], "texture": "#0"}
			}
		},
		{
			"from": [-7, 0, 8],
			"to": [23, 16, 8],
			"rotation": {"angle": -45, "axis": "y", "origin": [8, 8, 8]},
			"faces": {
				"north": {"uv": [0, 8.5, 7.5, 12.5], "texture": "#0"},
				"east": {"uv": [0, 0, 0, 0], "texture": "#0"},
				"south": {"uv": [7.5, 8.5, 0, 12.5], "texture": "#0"},
				"west": {"uv": [0, 0, 0, 0], "texture": "#0"},
				"up": {"uv": [0, 0, 0, 0], "texture": "#0"},
				"down": {"uv": [0, 0, 0, 0], "texture": "#0"}
			}
		}
	]
}