{
	"credit": "Made with Blockbench",
	"parent": "minecraft:block/cube",
	"textures": {
		"0": "manic:block/traps/side",
		"1": "manic:block/traps/bottom",
		"2": "manic:block/traps/gate_trap",
		"particle": "manic:block/traps/bottom"
	},
	"elements": [
		{
			"from": [6, -16, 6],
			"to": [10, -12, 10],
			"rotation": {"angle": 0, "axis": "y", "origin": [6, 0, 6]},
			"faces": {
				"north": {"uv": [0, 0, 16, 16], "texture": "#0"},
				"east": {"uv": [0, 0, 16, 16], "texture": "#0"},
				"south": {"uv": [0, 0, 16, 16], "texture": "#0"},
				"west": {"uv": [0, 0, 16, 16], "texture": "#0"},
				"up": {"uv": [0, 2, 2, 4], "texture": "#2"},
				"down": {"uv": [0, 0, 16, 16], "texture": "#1"}
			}
		},
		{
			"from": [7.25, -12, 7.25],
			"to": [8.75, 20, 8.75],
			"rotation": {"angle": 0, "axis": "y", "origin": [6, 0, 6]},
			"faces": {
				"north": {"uv": [2, 0, 2.75, 16], "texture": "#2"},
				"east": {"uv": [2, 0, 2.75, 16], "texture": "#2"},
				"south": {"uv": [2, 0, 2.75, 16], "texture": "#2"},
				"west": {"uv": [2, 0, 2.75, 16], "texture": "#2"},
				"up": {"uv": [2.75, 0, 3.5, 0.75], "texture": "#2"},
				"down": {"uv": [2.75, 0, 3.5, 0.75], "texture": "#2"}
			}
		}
	]
}