{
	"credit": "Made with Blockbench",
	"parent": "minecraft:block/cube",
	"textures": {
		"0": "manic:block/traps/side",
		"1": "manic:block/traps/bottom",
		"2": "manic:block/traps/spike_trap",
		"particle": "manic:block/traps/bottom"
	},
	"elements": [
		{
			"from": [0, 0, 0],
			"to": [16, 16, 16],
			"faces": {
				"north": {"uv": [0, 0, 16, 16], "texture": "#0"},
				"east": {"uv": [0, 0, 16, 16], "texture": "#0"},
				"south": {"uv": [0, 0, 16, 16], "texture": "#0"},
				"west": {"uv": [0, 0, 16, 16], "texture": "#0"},
				"up": {"uv": [0, 8, 8, 16], "texture": "#2"},
				"down": {"uv": [0, 0, 16, 16], "texture": "#1"}
			}
		},
		{
			"name": "spikes a",
			"from": [0, 16, 4],
			"to": [16, 24, 4],
			"rotation": {"angle": 0, "axis": "y", "origin": [8, 20, 8]},
			"faces": {
				"north": {"uv": [8, 0, 16, 4], "texture": "#2"},
				"east": {"uv": [0, 0, 0, 8], "texture": "#missing"},
				"south": {"uv": [16, 0, 8, 4], "texture": "#2"},
				"west": {"uv": [0, 0, 0, 8], "texture": "#missing"},
				"up": {"uv": [0, 0, 16, 0], "texture": "#missing"},
				"down": {"uv": [0, 0, 16, 0], "texture": "#missing"}
			}
		},
		{
			"name": "spikes b",
			"from": [0, 16, 8],
			"to": [16, 24, 8],
			"rotation": {"angle": 0, "axis": "y", "origin": [8, 20, 8]},
			"faces": {
				"north": {"uv": [8, 4, 16, 8], "texture": "#2"},
				"east": {"uv": [0, 0, 0, 8], "texture": "#missing"},
				"south": {"uv": [16, 4, 8, 8], "texture": "#2"},
				"west": {"uv": [0, 0, 0, 8], "texture": "#missing"},
				"up": {"uv": [0, 0, 16, 0], "texture": "#missing"},
				"down": {"uv": [0, 0, 16, 0], "texture": "#missing"}
			}
		},
		{
			"name": "spikes c",
			"from": [0, 16, 12],
			"to": [16, 24, 12],
			"rotation": {"angle": 0, "axis": "y", "origin": [8, 20, 8]},
			"faces": {
				"north": {"uv": [8, 4, 16, 8], "texture": "#2"},
				"east": {"uv": [0, 0, 0, 8], "texture": "#missing"},
				"south": {"uv": [16, 4, 8, 8], "texture": "#2"},
				"west": {"uv": [0, 0, 0, 8], "texture": "#missing"},
				"up": {"uv": [0, 0, 16, 0], "texture": "#missing"},
				"down": {"uv": [0, 0, 16, 0], "texture": "#missing"}
			}
		},
		{
			"name": "spikes a",
			"from": [4, 16, 0],
			"to": [4, 24, 16],
			"rotation": {"angle": 0, "axis": "y", "origin": [8, 20, 8]},
			"faces": {
				"north": {"uv": [0, 0, 0, 8], "texture": "#missing"},
				"east": {"uv": [16, 0, 8, 4], "texture": "#2"},
				"south": {"uv": [0, 0, 0, 8], "texture": "#missing"},
				"west": {"uv": [8, 0, 16, 4], "texture": "#2"},
				"up": {"uv": [0, 0, 16, 0], "rotation": 270, "texture": "#missing"},
				"down": {"uv": [0, 0, 16, 0], "rotation": 90, "texture": "#missing"}
			}
		},
		{
			"name": "spikes b",
			"from": [8, 16, 0],
			"to": [8, 24, 16],
			"rotation": {"angle": 0, "axis": "y", "origin": [8, 20, 8]},
			"faces": {
				"north": {"uv": [0, 0, 0, 8], "texture": "#missing"},
				"east": {"uv": [16, 4, 8, 8], "texture": "#2"},
				"south": {"uv": [0, 0, 0, 8], "texture": "#missing"},
				"west": {"uv": [8, 4, 16, 8], "texture": "#2"},
				"up": {"uv": [0, 0, 16, 0], "rotation": 270, "texture": "#missing"},
				"down": {"uv": [0, 0, 16, 0], "rotation": 90, "texture": "#missing"}
			}
		},
		{
			"name": "spikes c",
			"from": [12, 16, 0],
			"to": [12, 24, 16],
			"rotation": {"angle": 0, "axis": "y", "origin": [8, 20, 8]},
			"faces": {
				"north": {"uv": [0, 0, 0, 8], "texture": "#missing"},
				"east": {"uv": [16, 4, 8, 8], "texture": "#2"},
				"south": {"uv": [0, 0, 0, 8], "texture": "#missing"},
				"west": {"uv": [8, 4, 16, 8], "texture": "#2"},
				"up": {"uv": [0, 0, 16, 0], "rotation": 270, "texture": "#missing"},
				"down": {"uv": [0, 0, 16, 0], "rotation": 90, "texture": "#missing"}
			}
		}
	],
	"groups": [
		0,
		{
			"name": "front",
			"origin": [0, 0, 0],
			"color": 0,
			"nbt": "{}",
			"children": [1, 2, 3]
		},
		{
			"name": "side",
			"origin": [0, 0, 0],
			"color": 0,
			"nbt": "{}",
			"children": [4, 5, 6]
		}
	]
}