{
	"credit": "Made with Blockbench",
	"texture_size": [128, 128],
	"textures": {
		"0": "manic:block/grimstone_weaver/main",
		"1": "manic:block/grimstone_weaver/needles_still",
		"particle": "manic:block/grimstone_weaver/needles_still"
	},
	"elements": [
		{
			"name": "BaseMiddle",
			"from": [1, -16, 0],
			"to": [15, -2, 16],
			"rotation": {"angle": 0, "axis": "y", "origin": [7.5, -10, 8]},
			"faces": {
				"north": {"uv": [0, 1.5, 1.75, 3.25], "texture": "#0"},
				"east": {"uv": [1.75, 1.5, 3.75, 3.25], "texture": "#0"},
				"south": {"uv": [12.125, 14.25, 13.875, 16], "texture": "#0"},
				"west": {"uv": [1.75, 1.5, 3.75, 3.25], "texture": "#0"},
				"up": {"uv": [0, 0, 1.75, 2], "texture": "#missing"},
				"down": {"uv": [6.375, 14, 8.125, 16], "texture": "#0"}
			}
		},
		{
			"name": "BaseMiddle inverted",
			"from": [12, -6, 2],
			"to": [4, -14, 0],
			"rotation": {"angle": 0, "axis": "y", "origin": [7.5, -10, 8]},
			"faces": {
				"north": {"uv": [3.75, 3, 4.75, 2], "texture": "#0"},
				"east": {"uv": [5, 3, 4.75, 2], "texture": "#0"},
				"west": {"uv": [4.75, 3, 5, 2], "texture": "#0"},
				"up": {"uv": [4.75, 3, 5, 2], "rotation": 90, "texture": "#0"},
				"down": {"uv": [4.75, 3, 5, 2], "rotation": 270, "texture": "#0"}
			}
		},
		{
			"name": "Base1",
			"from": [-14, -16, 3],
			"to": [1, -4, 16],
			"rotation": {"angle": 0, "axis": "y", "origin": [-6.5, -10, 8]},
			"faces": {
				"north": {"uv": [1.875, 0, 3.75, 1.5], "texture": "#0"},
				"east": {"uv": [3.75, 0, 5.375, 1.5], "texture": "#0"},
				"south": {"uv": [10.25, 14.5, 12.125, 16], "texture": "#0"},
				"west": {"uv": [3.75, 0, 5.375, 1.5], "texture": "#0"},
				"down": {"uv": [4.5, 14, 6.375, 15.625], "texture": "#0"}
			}
		},
		{
			"name": "Base0",
			"from": [15, -16, 3],
			"to": [30, -4, 16],
			"rotation": {"angle": 0, "axis": "y", "origin": [22.5, -10, 8]},
			"faces": {
				"north": {"uv": [0, 0, 1.875, 1.5], "texture": "#0"},
				"east": {"uv": [3.75, 0, 5.375, 1.5], "texture": "#0"},
				"south": {"uv": [13.875, 14.5, 15.75, 16], "texture": "#0"},
				"west": {"uv": [3.75, 0, 5.375, 1.5], "texture": "#0"},
				"down": {"uv": [8.125, 14, 10, 15.625], "texture": "#0"}
			}
		},
		{
			"name": "MainSlot",
			"from": [-1, -2, -2],
			"to": [17, 16, 17],
			"rotation": {"angle": 0, "axis": "y", "origin": [7.5, 4, 8]},
			"faces": {
				"north": {"uv": [0, 3.25, 2.25, 5.5], "texture": "#0"},
				"east": {"uv": [2.25, 3.25, 4.625, 5.5], "texture": "#0"},
				"south": {"uv": [11.875, 12, 14.125, 14.25], "texture": "#0"},
				"west": {"uv": [4.625, 3.25, 2.25, 5.5], "texture": "#0"},
				"up": {"uv": [9.625, 0, 11.875, 2.375], "texture": "#0"},
				"down": {"uv": [9.625, 0, 11.875, 2.375], "texture": "#0"}
			}
		},
		{
			"name": "MainSlot inverted",
			"from": [14, 13, 10],
			"to": [2, 1, -2],
			"rotation": {"angle": 0, "axis": "y", "origin": [7.5, 4, 8]},
			"faces": {
				"north": {"uv": [4.625, 5.5, 6.125, 4], "texture": "#0"},
				"east": {"uv": [7.625, 4, 6.125, 5.5], "rotation": 90, "texture": "#0"},
				"west": {"uv": [7.625, 4, 6.125, 5.5], "rotation": 270, "texture": "#0"},
				"up": {"uv": [7.625, 4, 6.125, 5.5], "texture": "#0"},
				"down": {"uv": [7.625, 4, 6.125, 5.5], "rotation": 180, "texture": "#0"}
			}
		},
		{
			"name": "Slot0",
			"from": [15, -4, 1],
			"to": [32, 11, 16],
			"rotation": {"angle": 0, "axis": "y", "origin": [22.5, 2, 8]},
			"faces": {
				"north": {"uv": [0, 5.5, 2.125, 7.375], "texture": "#0"},
				"east": {"uv": [2.125, 5.5, 4, 7.375], "texture": "#0"},
				"south": {"uv": [13.875, 12.625, 16, 14.5], "texture": "#0"},
				"west": {"uv": [2.125, 5.5, 4, 7.375], "texture": "#0"},
				"up": {"uv": [4, 5.5, 6.125, 7.375], "texture": "#0"},
				"down": {"uv": [5.375, 0, 7.5, 1.875], "texture": "#0"}
			}
		},
		{
			"name": "Slot0 inverted",
			"from": [30, 11, 9],
			"to": [20, -1, 1],
			"rotation": {"angle": 0, "axis": "y", "origin": [22.5, 2, 8]},
			"faces": {
				"north": {"uv": [7.125, 7, 8.375, 5.5], "texture": "#0"},
				"east": {"uv": [7.125, 7, 6.125, 5.5], "texture": "#0"},
				"south": {"uv": [0.25, 7, 1.5, 5.5], "texture": "#0"},
				"west": {"uv": [6.125, 7, 7.125, 5.5], "texture": "#0"},
				"up": {"uv": [9.625, 5.5, 8.375, 6.5], "texture": "#0"}
			}
		},
		{
			"name": "Slot1",
			"from": [-16, -4, 1],
			"to": [1, 11, 16],
			"rotation": {"angle": 0, "axis": "y", "origin": [-8.5, 2, 8]},
			"faces": {
				"north": {"uv": [0, 7.375, 2.125, 9.25], "texture": "#0"},
				"east": {"uv": [2.125, 5.5, 4, 7.375], "texture": "#0"},
				"south": {"uv": [10, 12.625, 12.125, 14.5], "texture": "#0"},
				"west": {"uv": [2.125, 5.5, 4, 7.375], "texture": "#0"},
				"up": {"uv": [7.5, 0, 9.625, 1.875], "texture": "#0"},
				"down": {"uv": [7.5, 0, 9.625, 1.875], "texture": "#0"}
			}
		},
		{
			"name": "Slot1 inverted",
			"from": [-4, 8, 3],
			"to": [-13, -1, 1],
			"rotation": {"angle": 0, "axis": "y", "origin": [-8.5, 2, 8]},
			"faces": {
				"north": {"uv": [2.125, 8.5, 3.25, 7.375], "texture": "#0"},
				"east": {"uv": [3.25, 8.5, 3.5, 7.375], "texture": "#0"},
				"south": {"uv": [0.625, 8.875, 1.75, 7.75], "texture": "#0"},
				"west": {"uv": [3.5, 8.5, 3.25, 7.375], "texture": "#0"},
				"up": {"uv": [3.25, 8.5, 3.5, 7.375], "rotation": 270, "texture": "#0"},
				"down": {"uv": [3.5, 8.5, 3.25, 7.375], "rotation": 270, "texture": "#0"}
			}
		},
		{
			"name": "Sigil",
			"from": [-12, 0, 1.1],
			"to": [-5, 7, 3.1],
			"rotation": {"angle": 0, "axis": "y", "origin": [-8.5, 4, 9]},
			"faces": {
				"north": {"uv": [15.125, 1.625, 16, 2.5], "texture": "#0"},
				"east": {"uv": [14.875, 1.625, 15.125, 2.5], "texture": "#0"},
				"west": {"uv": [15.125, 1.625, 14.875, 2.5], "texture": "#0"},
				"up": {"uv": [14.875, 2.5, 15.125, 1.625], "rotation": 270, "texture": "#0"},
				"down": {"uv": [15.125, 2.5, 14.875, 1.625], "rotation": 270, "texture": "#0"}
			}
		},
		{
			"name": "Outer0",
			"from": [22, 11, 11],
			"to": [25, 32, 13],
			"rotation": {"angle": 0, "axis": "y", "origin": [22, 11, 11]},
			"faces": {
				"north": {"uv": [11.75, 9.375, 12.125, 12], "texture": "#0"},
				"east": {"uv": [11.5, 9.375, 11.75, 12], "texture": "#0"},
				"south": {"uv": [15.625, 9.375, 16, 12], "texture": "#0"},
				"west": {"uv": [11.5, 9.375, 11.75, 12], "texture": "#0"},
				"up": {"uv": [15.625, 9.375, 16, 9.625], "texture": "#0"},
				"down": {"uv": [15.625, 9.375, 16, 9.625], "texture": "#0"}
			}
		},
		{
			"name": "Outer1",
			"from": [-9, 11, 11],
			"to": [-6, 32, 13],
			"rotation": {"angle": 0, "axis": "y", "origin": [-9, 11, 11]},
			"faces": {
				"north": {"uv": [15.625, 9.375, 16, 12], "texture": "#0"},
				"east": {"uv": [11.5, 9.375, 11.75, 12], "texture": "#0"},
				"south": {"uv": [11.75, 9.375, 12.125, 12], "texture": "#0"},
				"west": {"uv": [11.5, 9.375, 11.75, 12], "texture": "#0"},
				"up": {"uv": [11.75, 9.375, 12.125, 9.625], "texture": "#0"},
				"down": {"uv": [11.75, 9.375, 12.125, 9.625], "texture": "#0"}
			}
		},
		{
			"name": "OuterMiddle",
			"from": [-6, 29, 11],
			"to": [22, 32, 13],
			"rotation": {"angle": 0, "axis": "y", "origin": [-9, 11, 11]},
			"faces": {
				"north": {"uv": [12.125, 9.375, 15.625, 9.75], "texture": "#0"},
				"east": {"uv": [11.5, 9.375, 11.75, 12], "texture": "#0"},
				"south": {"uv": [12.125, 9.375, 15.625, 9.75], "texture": "#0"},
				"west": {"uv": [11.5, 9.375, 11.75, 12], "texture": "#0"},
				"up": {"uv": [12.125, 9.375, 15.625, 9.625], "texture": "#0"},
				"down": {"uv": [12.125, 9.375, 15.625, 9.625], "texture": "#0"}
			}
		},
		{
			"name": "FrameMiddle",
			"from": [7, 14, 11],
			"to": [9, 29, 13],
			"rotation": {"angle": 0, "axis": "y", "origin": [6, 11, 11]},
			"faces": {
				"north": {"uv": [13.75, 9.75, 14, 11.625], "texture": "#0"},
				"east": {"uv": [13.75, 9.75, 14, 11.625], "texture": "#0"},
				"south": {"uv": [13.75, 9.75, 14, 11.625], "texture": "#0"},
				"west": {"uv": [13.75, 9.75, 14, 11.625], "texture": "#0"},
				"up": {"uv": [13.75, 9.75, 14, 10], "texture": "#0"},
				"down": {"uv": [13.75, 9.75, 14, 10], "texture": "#0"}
			}
		},
		{
			"name": "Inner0",
			"from": [14, 16, 11],
			"to": [17, 24, 13],
			"rotation": {"angle": 0, "axis": "y", "origin": [14, 11, 11]},
			"faces": {
				"north": {"uv": [12.75, 10.375, 13.125, 11.375], "texture": "#0"},
				"east": {"uv": [11.5, 11, 11.75, 12], "texture": "#0"},
				"south": {"uv": [14.625, 10.375, 15, 11.375], "texture": "#0"},
				"west": {"uv": [11.5, 11, 11.75, 12], "texture": "#0"},
				"up": {"uv": [14.625, 10.375, 15, 10.625], "texture": "#0"},
				"down": {"uv": [14.625, 10.375, 15, 10.625], "texture": "#0"}
			}
		},
		{
			"name": "Inner1",
			"from": [-1, 16, 11],
			"to": [2, 24, 13],
			"rotation": {"angle": 0, "axis": "y", "origin": [-1, 11, 11]},
			"faces": {
				"north": {"uv": [14.625, 10.375, 15, 11.375], "texture": "#0"},
				"east": {"uv": [11.5, 11, 11.75, 12], "texture": "#0"},
				"south": {"uv": [12.75, 10.375, 13.125, 11.375], "texture": "#0"},
				"west": {"uv": [11.5, 11, 11.75, 12], "texture": "#0"},
				"up": {"uv": [12.75, 10.375, 13.125, 10.625], "texture": "#0"},
				"down": {"uv": [12.75, 10.375, 13.125, 10.625], "texture": "#0"}
			}
		},
		{
			"name": "InnerMiddle",
			"from": [2, 21, 11],
			"to": [14, 24, 13],
			"rotation": {"angle": 0, "axis": "y", "origin": [-1, 11, 11]},
			"faces": {
				"north": {"uv": [13.125, 10.375, 14.625, 10.75], "texture": "#0"},
				"east": {"uv": [11.5, 11, 11.75, 12], "texture": "#0"},
				"south": {"uv": [13.125, 10.375, 14.625, 10.75], "texture": "#0"},
				"west": {"uv": [11.5, 11, 11.75, 12], "texture": "#0"},
				"up": {"uv": [13.125, 10.375, 14.625, 10.625], "texture": "#0"},
				"down": {"uv": [13.125, 10.375, 14.625, 10.625], "texture": "#0"}
			}
		},
		{
			"name": "InnerMiddle",
			"from": [-6, 14, 11],
			"to": [22, 16, 13],
			"rotation": {"angle": 0, "axis": "y", "origin": [7, 3, 11]},
			"faces": {
				"north": {"uv": [12.125, 11.375, 15.625, 11.625], "texture": "#0"},
				"east": {"uv": [12.125, 11.375, 12.375, 11.625], "texture": "#0"},
				"south": {"uv": [12.125, 11.375, 15.625, 11.625], "texture": "#0"},
				"west": {"uv": [12.125, 11.375, 12.375, 11.625], "texture": "#0"},
				"up": {"uv": [12.125, 11.375, 15.625, 11.625], "texture": "#0"},
				"down": {"uv": [13.125, 10.375, 14.625, 10.625], "texture": "#0"}
			}
		},
		{
			"name": "MainSlot",
			"from": [2, 1, 4],
			"to": [14, 13, 4],
			"rotation": {"angle": 0, "axis": "y", "origin": [7.5, 4, 8]},
			"faces": {
				"north": {"uv": [0, 0, 12, 12], "texture": "#1"},
				"south": {"uv": [12, 0, 0, 12], "texture": "#1"}
			}
		}
	],
	"groups": [
		{
			"name": "Base",
			"origin": [22.5, 6, 24],
			"color": 0,
			"children": [
				{
					"name": "Middle",
					"origin": [7.5, -10, 8],
					"color": 0,
					"children": [0, 1]
				},
				2,
				3
			]
		},
		{
			"name": "MainSlot",
			"origin": [7.5, 18, 24],
			"color": 0,
			"children": [4, 5]
		},
		{
			"name": "Slot0",
			"origin": [-8.5, 18, 23],
			"color": 0,
			"children": [6, 7]
		},
		{
			"name": "Slot1",
			"origin": [22.5, 18, 23],
			"color": 0,
			"children": [8, 9, 10]
		},
		{
			"name": "Ring",
			"origin": [22, 11, 28],
			"color": 0,
			"children": [11, 12, 13, 14, 15, 16, 17, 18]
		},
		19
	]
}