{
	"credit": "Made with Blockbench",
	"textures": {
		"2": "expansion:tools/steel_hoe",
		"particle": "expansion:tools/steel_hoe"
	},
	"elements": [
		{
			"name": "steel_hoe_0",
			"from": [7, 12, 7.5],
			"to": [11, 15, 8.5],
			"rotation": {"angle": 0, "axis": "y", "origin": [0, 0, 7.5]},
			"faces": {
				"north": {"uv": [11, 1, 7, 4], "texture": "#2"},
				"east": {"uv": [10, 1, 11, 4], "texture": "#2"},
				"south": {"uv": [7, 1, 11, 4], "texture": "#2"},
				"west": {"uv": [7, 1, 8, 4], "texture": "#2"},
				"up": {"uv": [7, 1, 11, 2], "texture": "#2"},
				"down": {"uv": [7, 3, 11, 4], "texture": "#2"}
			}
		},
		{
			"name": "steel_hoe_1",
			"from": [6, 13, 7.5],
			"to": [7, 14, 8.5],
			"rotation": {"angle": 0, "axis": "y", "origin": [0, 0, 7.5]},
			"faces": {
				"north": {"uv": [7, 2, 6, 3], "texture": "#2"},
				"east": {"uv": [6, 2, 7, 3], "texture": "#2"},
				"south": {"uv": [6, 2, 7, 3], "texture": "#2"},
				"west": {"uv": [6, 2, 7, 3], "texture": "#2"},
				"up": {"uv": [6, 2, 7, 3], "texture": "#2"},
				"down": {"uv": [6, 2, 7, 3], "texture": "#2"}
			}
		},
		{
			"name": "steel_hoe_2",
			"from": [11, 9, 7.5],
			"to": [12, 14, 8.5],
			"rotation": {"angle": 0, "axis": "y", "origin": [0, 0, 7.5]},
			"faces": {
				"north": {"uv": [12, 2, 11, 7], "texture": "#2"},
				"east": {"uv": [11, 2, 12, 7], "texture": "#2"},
				"south": {"uv": [11, 2, 12, 7], "texture": "#2"},
				"west": {"uv": [11, 2, 12, 7], "texture": "#2"},
				"up": {"uv": [11, 2, 12, 3], "texture": "#2"},
				"down": {"uv": [11, 6, 12, 7], "texture": "#2"}
			}
		},
		{
			"name": "steel_hoe_3",
			"from": [12, 9, 7.5],
			"to": [14, 13, 8.5],
			"rotation": {"angle": 0, "axis": "y", "origin": [0, 0, 7.5]},
			"faces": {
				"north": {"uv": [14, 3, 12, 7], "texture": "#2"},
				"east": {"uv": [13, 3, 14, 7], "texture": "#2"},
				"south": {"uv": [12, 3, 14, 7], "texture": "#2"},
				"west": {"uv": [12, 3, 13, 7], "texture": "#2"},
				"up": {"uv": [12, 3, 14, 4], "texture": "#2"},
				"down": {"uv": [12, 6, 14, 7], "texture": "#2"}
			}
		},
		{
			"name": "steel_hoe_4",
			"from": [9, 11, 7.5],
			"to": [11, 12, 8.5],
			"rotation": {"angle": 0, "axis": "y", "origin": [0, 0, 7.5]},
			"faces": {
				"north": {"uv": [11, 4, 9, 5], "texture": "#2"},
				"east": {"uv": [10, 4, 11, 5], "texture": "#2"},
				"south": {"uv": [9, 4, 11, 5], "texture": "#2"},
				"west": {"uv": [9, 4, 10, 5], "texture": "#2"},
				"up": {"uv": [9, 4, 11, 5], "texture": "#2"},
				"down": {"uv": [9, 4, 11, 5], "texture": "#2"}
			}
		},
		{
			"name": "steel_hoe_5",
			"from": [10, 8, 7.5],
			"to": [11, 11, 8.5],
			"rotation": {"angle": 0, "axis": "y", "origin": [0, 0, 7.5]},
			"faces": {
				"north": {"uv": [11, 5, 10, 8], "texture": "#2"},
				"east": {"uv": [10, 5, 11, 8], "texture": "#2"},
				"south": {"uv": [10, 5, 11, 8], "texture": "#2"},
				"west": {"uv": [10, 5, 11, 8], "texture": "#2"},
				"up": {"uv": [10, 5, 11, 6], "texture": "#2"},
				"down": {"uv": [10, 7, 11, 8], "texture": "#2"}
			}
		},
		{
			"name": "steel_hoe_6",
			"from": [9, 7, 7.5],
			"to": [10, 10, 8.5],
			"rotation": {"angle": 0, "axis": "y", "origin": [0, 0, 7.5]},
			"faces": {
				"north": {"uv": [10, 6, 9, 9], "texture": "#2"},
				"east": {"uv": [9, 6, 10, 9], "texture": "#2"},
				"south": {"uv": [9, 6, 10, 9], "texture": "#2"},
				"west": {"uv": [9, 6, 10, 9], "texture": "#2"},
				"up": {"uv": [9, 6, 10, 7], "texture": "#2"},
				"down": {"uv": [9, 8, 10, 9], "texture": "#2"}
			}
		},
		{
			"name": "steel_hoe_7",
			"from": [8, 6, 7.5],
			"to": [9, 9, 8.5],
			"rotation": {"angle": 0, "axis": "y", "origin": [0, 0, 7.5]},
			"faces": {
				"north": {"uv": [9, 7, 8, 10], "texture": "#2"},
				"east": {"uv": [8, 7, 9, 10], "texture": "#2"},
				"south": {"uv": [8, 7, 9, 10], "texture": "#2"},
				"west": {"uv": [8, 7, 9, 10], "texture": "#2"},
				"up": {"uv": [8, 7, 9, 8], "texture": "#2"},
				"down": {"uv": [8, 9, 9, 10], "texture": "#2"}
			}
		},
		{
			"name": "steel_hoe_8",
			"from": [7, 5, 7.5],
			"to": [8, 8, 8.5],
			"rotation": {"angle": 0, "axis": "y", "origin": [0, 0, 7.5]},
			"faces": {
				"north": {"uv": [8, 8, 7, 11], "texture": "#2"},
				"east": {"uv": [7, 8, 8, 11], "texture": "#2"},
				"south": {"uv": [7, 8, 8, 11], "texture": "#2"},
				"west": {"uv": [7, 8, 8, 11], "texture": "#2"},
				"up": {"uv": [7, 8, 8, 9], "texture": "#2"},
				"down": {"uv": [7, 10, 8, 11], "texture": "#2"}
			}
		},
		{
			"name": "steel_hoe_9",
			"from": [6, 4, 7.5],
			"to": [7, 7, 8.5],
			"rotation": {"angle": 0, "axis": "y", "origin": [0, 0, 7.5]},
			"faces": {
				"north": {"uv": [7, 9, 6, 12], "texture": "#2"},
				"east": {"uv": [6, 9, 7, 12], "texture": "#2"},
				"south": {"uv": [6, 9, 7, 12], "texture": "#2"},
				"west": {"uv": [6, 9, 7, 12], "texture": "#2"},
				"up": {"uv": [6, 9, 7, 10], "texture": "#2"},
				"down": {"uv": [6, 11, 7, 12], "texture": "#2"}
			}
		},
		{
			"name": "steel_hoe_10",
			"from": [5, 3, 7.5],
			"to": [6, 6, 8.5],
			"rotation": {"angle": 0, "axis": "y", "origin": [0, 0, 7.5]},
			"faces": {
				"north": {"uv": [6, 10, 5, 13], "texture": "#2"},
				"east": {"uv": [5, 10, 6, 13], "texture": "#2"},
				"south": {"uv": [5, 10, 6, 13], "texture": "#2"},
				"west": {"uv": [5, 10, 6, 13], "texture": "#2"},
				"up": {"uv": [5, 10, 6, 11], "texture": "#2"},
				"down": {"uv": [5, 12, 6, 13], "texture": "#2"}
			}
		},
		{
			"name": "steel_hoe_11",
			"from": [4, 1, 7.5],
			"to": [5, 5, 8.5],
			"rotation": {"angle": 0, "axis": "y", "origin": [0, 0, 7.5]},
			"faces": {
				"north": {"uv": [5, 11, 4, 15], "texture": "#2"},
				"east": {"uv": [4, 11, 5, 15], "texture": "#2"},
				"south": {"uv": [4, 11, 5, 15], "texture": "#2"},
				"west": {"uv": [4, 11, 5, 15], "texture": "#2"},
				"up": {"uv": [4, 11, 5, 12], "texture": "#2"},
				"down": {"uv": [4, 14, 5, 15], "texture": "#2"}
			}
		},
		{
			"name": "steel_hoe_12",
			"from": [2, 2, 7.5],
			"to": [4, 4, 8.5],
			"rotation": {"angle": 0, "axis": "y", "origin": [0, 0, 7.5]},
			"faces": {
				"north": {"uv": [4, 12, 2, 14], "texture": "#2"},
				"east": {"uv": [3, 12, 4, 14], "texture": "#2"},
				"south": {"uv": [2, 12, 4, 14], "texture": "#2"},
				"west": {"uv": [2, 12, 3, 14], "texture": "#2"},
				"up": {"uv": [2, 12, 4, 13], "texture": "#2"},
				"down": {"uv": [2, 13, 4, 14], "texture": "#2"}
			}
		},
		{
			"name": "steel_hoe_13",
			"from": [3, 1, 7.5],
			"to": [4, 2, 8.5],
			"rotation": {"angle": 0, "axis": "y", "origin": [0, 0, 7.5]},
			"faces": {
				"north": {"uv": [4, 14, 3, 15], "texture": "#2"},
				"east": {"uv": [3, 14, 4, 15], "texture": "#2"},
				"south": {"uv": [3, 14, 4, 15], "texture": "#2"},
				"west": {"uv": [3, 14, 4, 15], "texture": "#2"},
				"up": {"uv": [3, 14, 4, 15], "texture": "#2"},
				"down": {"uv": [3, 14, 4, 15], "texture": "#2"}
			}
		}
	],
	"gui_light": "front",
	"display": {
		"thirdperson_righthand": {
			"rotation": [0, -90, 55],
			"translation": [0, 4, 0.5],
			"scale": [0.85, 0.85, 0.85]
		},
		"thirdperson_lefthand": {
			"rotation": [0, 90, -55],
			"translation": [0, 4, 0.5],
			"scale": [0.85, 0.85, 0.85]
		},
		"firstperson_righthand": {
			"rotation": [0, -90, 25],
			"translation": [1.13, 3.2, 1.13],
			"scale": [0.68, 0.68, 0.68]
		},
		"firstperson_lefthand": {
			"rotation": [0, 90, -25],
			"translation": [1.13, 3.2, 1.13],
			"scale": [0.68, 0.68, 0.68]
		},
		"ground": {
			"translation": [0, 2, 0],
			"scale": [0.5, 0.5, 0.5]
		},
		"head": {
			"rotation": [90, 0, 0]
		}
	},
	"groups": [
		{
			"name": "steel_hoe",
			"origin": [8, 8, 8],
			"color": 0,
			"nbt": "{}",
			"armAnimationEnabled": false,
			"children": [0, 1, 2, 3, 4, 5, 6, 7, 8, 9, 10, 11, 12, 13]
		}
	]
}