{
	"credit": "Made with Blockbench",
	"texture_size": [64, 64],
	"textures": {
		"0": "expansion:mobs/mod_drone",
		"particle": "expansion:mobs/mod_drone"
	},
	"elements": [
		{
			"from": [6.5, 7, 5.10434],
			"to": [9.5, 8, 6.10434],
			"rotation": {"angle": 0, "axis": "y", "origin": [10.5, 0, 10.10434]},
			"faces": {
				"north": {"uv": [3.25, 4, 2.5, 4.25], "texture": "#0"},
				"east": {"uv": [3.25, 2.5, 3, 2.75], "texture": "#0"},
				"south": {"uv": [7, 5.75, 6.25, 6], "texture": "#0"},
				"west": {"uv": [5.25, 2, 5, 2.25], "texture": "#0"},
				"up": {"uv": [6.25, 7, 6.5, 6.25], "rotation": 90, "texture": "#0"},
				"down": {"uv": [1, 6.75, 1.25, 7.5], "rotation": 270, "texture": "#0"}
			}
		},
		{
			"from": [6.5, 5, 5.10434],
			"to": [9.5, 6, 6.10434],
			"rotation": {"angle": 0, "axis": "y", "origin": [10.5, -2, 10.10434]},
			"faces": {
				"north": {"uv": [7.5, 5, 6.75, 5.25], "texture": "#0"},
				"east": {"uv": [8.75, 1, 8.5, 1.25], "texture": "#0"},
				"south": {"uv": [7.5, 6.25, 6.75, 6.5], "texture": "#0"},
				"west": {"uv": [8.75, 1.5, 8.5, 1.75], "texture": "#0"},
				"up": {"uv": [4, 7.5, 4.25, 6.75], "rotation": 90, "texture": "#0"},
				"down": {"uv": [5.5, 6.75, 5.75, 7.5], "rotation": 270, "texture": "#0"}
			}
		},
		{
			"from": [6.5, 6, 5.10434],
			"to": [7.5, 7, 6.10434],
			"rotation": {"angle": 0, "axis": "y", "origin": [10.5, -1, 10.10434]},
			"faces": {
				"north": {"uv": [8.75, 2, 8.5, 2.25], "texture": "#0"},
				"east": {"uv": [2.25, 8.5, 2, 8.75], "texture": "#0"},
				"south": {"uv": [8.75, 2.5, 8.5, 2.75], "texture": "#0"},
				"west": {"uv": [2.75, 8.5, 2.5, 8.75], "texture": "#0"},
				"up": {"uv": [3, 8.75, 3.25, 8.5], "rotation": 90, "texture": "#0"},
				"down": {"uv": [8.5, 3, 8.75, 3.25], "rotation": 270, "texture": "#0"}
			}
		},
		{
			"from": [8.5, 6, 5.10434],
			"to": [9.5, 7, 6.10434],
			"rotation": {"angle": 0, "axis": "y", "origin": [12.5, -1, 10.10434]},
			"faces": {
				"north": {"uv": [4.5, 8.5, 4.25, 8.75], "texture": "#0"},
				"east": {"uv": [8.75, 4, 8.5, 4.25], "texture": "#0"},
				"south": {"uv": [8.75, 5, 8.5, 5.25], "texture": "#0"},
				"west": {"uv": [8.75, 4.5, 8.5, 4.75], "texture": "#0"},
				"up": {"uv": [8.5, 5.75, 8.75, 5.5], "rotation": 90, "texture": "#0"},
				"down": {"uv": [8.5, 6, 8.75, 6.25], "rotation": 270, "texture": "#0"}
			}
		},
		{
			"from": [5.5, 4, 6.10434],
			"to": [10.5, 9, 11.10434],
			"rotation": {"angle": 0, "axis": "y", "origin": [10.5, 0, 11.10434]},
			"faces": {
				"north": {"uv": [1.25, 1.5, 0, 2.75], "texture": "#0"},
				"east": {"uv": [1.25, 0, 0, 1.25], "texture": "#0"},
				"south": {"uv": [2.75, 1.5, 1.5, 2.75], "texture": "#0"},
				"west": {"uv": [2.75, 0, 1.5, 1.25], "texture": "#0"},
				"up": {"uv": [0, 4.25, 1.25, 3], "rotation": 90, "texture": "#0"},
				"down": {"uv": [3, 0, 4.25, 1.25], "rotation": 270, "texture": "#0"}
			}
		},
		{
			"from": [8.501, 3, 8.85434],
			"to": [10.501, 5, 10.85434],
			"rotation": {"angle": -22.5, "axis": "x", "origin": [8, 5.5, 10.35434]},
			"faces": {
				"north": {"uv": [1.5, 6, 1, 6.5], "texture": "#0"},
				"east": {"uv": [6.25, 3.5, 5.75, 4], "texture": "#0"},
				"south": {"uv": [6.5, 2, 6, 2.5], "texture": "#0"},
				"west": {"uv": [2.25, 6, 1.75, 6.5], "texture": "#0"},
				"up": {"uv": [6, 3.25, 6.5, 2.75], "rotation": 90, "texture": "#0"},
				"down": {"uv": [4, 6, 4.5, 6.5], "rotation": 270, "texture": "#0"}
			}
		},
		{
			"from": [5.499, 3, 8.85434],
			"to": [7.499, 5, 10.85434],
			"rotation": {"angle": -22.5, "axis": "x", "origin": [5, 5.5, 10.35434]},
			"faces": {
				"north": {"uv": [6.5, 5, 6, 5.5], "texture": "#0"},
				"east": {"uv": [6.5, 4.25, 6, 4.75], "texture": "#0"},
				"south": {"uv": [6.75, 0, 6.25, 0.5], "texture": "#0"},
				"west": {"uv": [6, 6, 5.5, 6.5], "texture": "#0"},
				"up": {"uv": [6.25, 1.25, 6.75, 0.75], "rotation": 90, "texture": "#0"},
				"down": {"uv": [4.75, 6.25, 5.25, 6.75], "rotation": 270, "texture": "#0"}
			}
		},
		{
			"from": [7.5, 9, 6.10434],
			"to": [8.5, 12, 12.10434],
			"rotation": {"angle": 0, "axis": "y", "origin": [10.5, 2, 11.10434]},
			"faces": {
				"north": {"uv": [7, 6.75, 6.75, 7.5], "texture": "#0"},
				"east": {"uv": [6, 0, 4.5, 0.75], "texture": "#0"},
				"south": {"uv": [0.25, 7, 0, 7.75], "texture": "#0"},
				"west": {"uv": [4, 4.5, 2.5, 5.25], "texture": "#0"},
				"up": {"uv": [4.5, 1.25, 6, 1], "rotation": 90, "texture": "#0"},
				"down": {"uv": [5, 1.5, 6.5, 1.75], "rotation": 270, "texture": "#0"}
			}
		},
		{
			"from": [7.5, 5, 11.10434],
			"to": [8.5, 9, 13.10434],
			"rotation": {"angle": 0, "axis": "y", "origin": [10.5, 0, 16.10434]},
			"faces": {
				"north": {"uv": [5.5, 3.5, 5.25, 4.5], "texture": "#0"},
				"east": {"uv": [5, 3.5, 4.5, 4.5], "texture": "#0"},
				"south": {"uv": [5.75, 4.75, 5.5, 5.75], "texture": "#0"},
				"west": {"uv": [4.75, 4.75, 4.25, 5.75], "texture": "#0"},
				"up": {"uv": [7.5, 8, 8, 7.75], "rotation": 90, "texture": "#0"},
				"down": {"uv": [2, 8, 2.5, 8.25], "rotation": 270, "texture": "#0"}
			}
		},
		{
			"from": [4.5, 5, 7.10434],
			"to": [11.5, 8, 10.10434],
			"rotation": {"angle": 0, "axis": "y", "origin": [10.5, 0, 11.10434]},
			"faces": {
				"north": {"uv": [3.25, 3, 1.5, 3.75], "texture": "#0"},
				"east": {"uv": [0.75, 4.5, 0, 5.25], "texture": "#0"},
				"south": {"uv": [4.75, 1.5, 3, 2.25], "texture": "#0"},
				"west": {"uv": [5.25, 2.5, 4.5, 3.25], "texture": "#0"},
				"up": {"uv": [3.5, 4.25, 4.25, 2.5], "rotation": 90, "texture": "#0"},
				"down": {"uv": [1.5, 4, 2.25, 5.75], "rotation": 270, "texture": "#0"}
			}
		},
		{
			"from": [11.5, 2, 8.10434],
			"to": [12.5, 7, 9.10434],
			"rotation": {"angle": 0, "axis": "y", "origin": [11.5, 0, 11.10434]},
			"faces": {
				"north": {"uv": [5.25, 4.75, 5, 6], "texture": "#0"},
				"east": {"uv": [1.25, 4.5, 1, 5.75], "texture": "#0"},
				"south": {"uv": [0.75, 5.5, 0.5, 6.75], "texture": "#0"},
				"west": {"uv": [0.25, 5.5, 0, 6.75], "texture": "#0"},
				"up": {"uv": [0.5, 7.25, 0.75, 7], "rotation": 90, "texture": "#0"},
				"down": {"uv": [0, 8, 0.25, 8.25], "rotation": 270, "texture": "#0"}
			}
		},
		{
			"from": [11.5, 2, 5.10434],
			"to": [12.5, 3, 8.10434],
			"rotation": {"angle": 0, "axis": "z", "origin": [11.5, 5, 10.10434]},
			"faces": {
				"north": {"uv": [4.75, 8, 4.5, 8.25], "texture": "#0"},
				"east": {"uv": [7.25, 3.5, 6.5, 3.75], "texture": "#0"},
				"south": {"uv": [8.25, 5.5, 8, 5.75], "texture": "#0"},
				"west": {"uv": [2.25, 6.75, 1.5, 7], "texture": "#0"},
				"up": {"uv": [6.75, 1.75, 7.5, 1.5], "rotation": 90, "texture": "#0"},
				"down": {"uv": [6.75, 2, 7.5, 2.25], "rotation": 270, "texture": "#0"}
			}
		},
		{
			"from": [11.5, 3.16421, 3.89723],
			"to": [12.5, 4.16421, 5.89723],
			"rotation": {"angle": 45, "axis": "x", "origin": [12, 3.66421, 4.39723]},
			"faces": {
				"north": {"uv": [8.25, 6.5, 8, 6.75], "texture": "#0"},
				"east": {"uv": [7.5, 0, 7, 0.25], "texture": "#0"},
				"south": {"uv": [8.25, 7, 8, 7.25], "texture": "#0"},
				"west": {"uv": [7.5, 0.5, 7, 0.75], "texture": "#0"},
				"up": {"uv": [7, 1.25, 7.5, 1], "rotation": 90, "texture": "#0"},
				"down": {"uv": [2.5, 7, 3, 7.25], "rotation": 270, "texture": "#0"}
			}
		},
		{
			"from": [11.5, 2.83536, 3.20275],
			"to": [12.5, 3.83536, 4.70275],
			"rotation": {"angle": -22.5, "axis": "x", "origin": [12, 3.33536, 3.20275]},
			"faces": {
				"north": {"uv": [1.75, 8.25, 1.5, 8.5], "texture": "#0"},
				"east": {"uv": [6.5, 7.25, 6, 7.5], "texture": "#0"},
				"south": {"uv": [8.5, 3.5, 8.25, 3.75], "texture": "#0"},
				"west": {"uv": [7.75, 6.75, 7.25, 7], "texture": "#0"},
				"up": {"uv": [7.25, 7.5, 7.75, 7.25], "rotation": 90, "texture": "#0"},
				"down": {"uv": [2.25, 7.5, 2.75, 7.75], "rotation": 270, "texture": "#0"}
			}
		},
		{
			"from": [11.5, 1.08579, 3.89723],
			"to": [12.5, 2.08579, 5.89723],
			"rotation": {"angle": -45, "axis": "x", "origin": [12, 1.58579, 4.39723]},
			"faces": {
				"north": {"uv": [0.75, 8.25, 0.5, 8.5], "texture": "#0"},
				"east": {"uv": [3.75, 7, 3.25, 7.25], "texture": "#0"},
				"south": {"uv": [1.25, 8.25, 1, 8.5], "texture": "#0"},
				"west": {"uv": [5, 7, 4.5, 7.25], "texture": "#0"},
				"up": {"uv": [1.5, 7.5, 2, 7.25], "rotation": 90, "texture": "#0"},
				"down": {"uv": [7.25, 5.5, 7.75, 5.75], "rotation": 270, "texture": "#0"}
			}
		},
		{
			"from": [11.5, 1.41464, 3.20275],
			"to": [12.5, 2.41464, 4.70275],
			"rotation": {"angle": 22.5, "axis": "x", "origin": [12, 1.91464, 3.20275]},
			"faces": {
				"north": {"uv": [4, 8.25, 3.75, 8.5], "texture": "#0"},
				"east": {"uv": [3.5, 7.5, 3, 7.75], "texture": "#0"},
				"south": {"uv": [5.25, 8.25, 5, 8.5], "texture": "#0"},
				"west": {"uv": [8, 3.5, 7.5, 3.75], "texture": "#0"},
				"up": {"uv": [4.5, 7.75, 5, 7.5], "rotation": 90, "texture": "#0"},
				"down": {"uv": [7.75, 0, 8.25, 0.25], "rotation": 270, "texture": "#0"}
			}
		},
		{
			"from": [3.5, 2, 5.10434],
			"to": [4.5, 3, 8.10434],
			"rotation": {"angle": 0, "axis": "z", "origin": [4.5, 5, 10.10434]},
			"faces": {
				"north": {"uv": [8.75, 0, 8.5, 0.25], "texture": "#0"},
				"east": {"uv": [7.5, 2.5, 6.75, 2.75], "texture": "#0"},
				"south": {"uv": [8.75, 0.5, 8.5, 0.75], "texture": "#0"},
				"west": {"uv": [7.5, 3, 6.75, 3.25], "texture": "#0"},
				"up": {"uv": [6.75, 4.25, 7.5, 4], "rotation": 90, "texture": "#0"},
				"down": {"uv": [6.75, 4.5, 7.5, 4.75], "rotation": 270, "texture": "#0"}
			}
		},
		{
			"from": [3.5, 3.16421, 3.89723],
			"to": [4.5, 4.16421, 5.89723],
			"rotation": {"angle": 45, "axis": "x", "origin": [4, 3.66421, 4.39723]},
			"faces": {
				"north": {"uv": [8.25, 8.25, 8, 8.5], "texture": "#0"},
				"east": {"uv": [5.75, 7.75, 5.25, 8], "texture": "#0"},
				"south": {"uv": [0.25, 8.5, 0, 8.75], "texture": "#0"},
				"west": {"uv": [6.5, 7.75, 6, 8], "texture": "#0"},
				"up": {"uv": [7.75, 6.25, 8.25, 6], "rotation": 90, "texture": "#0"},
				"down": {"uv": [6.75, 7.75, 7.25, 8], "rotation": 270, "texture": "#0"}
			}
		},
		{
			"from": [3.5, 2.83536, 3.20275],
			"to": [4.5, 3.83536, 4.70275],
			"rotation": {"angle": -22.5, "axis": "x", "origin": [4, 3.33536, 3.20275]},
			"faces": {
				"north": {"uv": [7.75, 8.25, 7.5, 8.5], "texture": "#0"},
				"east": {"uv": [4.25, 7.75, 3.75, 8], "texture": "#0"},
				"south": {"uv": [8.5, 7.5, 8.25, 7.75], "texture": "#0"},
				"west": {"uv": [8.25, 4, 7.75, 4.25], "texture": "#0"},
				"up": {"uv": [7.75, 4.75, 8.25, 4.5], "rotation": 90, "texture": "#0"},
				"down": {"uv": [7.75, 5, 8.25, 5.25], "rotation": 270, "texture": "#0"}
			}
		},
		{
			"from": [3.5, 1.08579, 3.89723],
			"to": [4.5, 2.08579, 5.89723],
			"rotation": {"angle": -45, "axis": "x", "origin": [4, 1.58579, 4.39723]},
			"faces": {
				"north": {"uv": [6.75, 8.25, 6.5, 8.5], "texture": "#0"},
				"east": {"uv": [8.25, 1.5, 7.75, 1.75], "texture": "#0"},
				"south": {"uv": [7.25, 8.25, 7, 8.5], "texture": "#0"},
				"west": {"uv": [8.25, 2, 7.75, 2.25], "texture": "#0"},
				"up": {"uv": [7.75, 2.75, 8.25, 2.5], "rotation": 90, "texture": "#0"},
				"down": {"uv": [7.75, 3, 8.25, 3.25], "rotation": 270, "texture": "#0"}
			}
		},
		{
			"from": [3.5, 1.41464, 3.20275],
			"to": [4.5, 2.41464, 4.70275],
			"rotation": {"angle": 22.5, "axis": "x", "origin": [4, 1.91464, 3.20275]},
			"faces": {
				"north": {"uv": [5.75, 8.25, 5.5, 8.5], "texture": "#0"},
				"east": {"uv": [1, 7.75, 0.5, 8], "texture": "#0"},
				"south": {"uv": [6.25, 8.25, 6, 8.5], "texture": "#0"},
				"west": {"uv": [8.25, 0.5, 7.75, 0.75], "texture": "#0"},
				"up": {"uv": [7.75, 1.25, 8.25, 1], "rotation": 90, "texture": "#0"},
				"down": {"uv": [1.25, 7.75, 1.75, 8], "rotation": 270, "texture": "#0"}
			}
		},
		{
			"from": [3.5, 2, 8.10434],
			"to": [4.5, 7, 9.10434],
			"rotation": {"angle": 0, "axis": "y", "origin": [3.5, 0, 11.10434]},
			"faces": {
				"north": {"uv": [2.75, 5.5, 2.5, 6.75], "texture": "#0"},
				"east": {"uv": [5.75, 2, 5.5, 3.25], "texture": "#0"},
				"south": {"uv": [3.75, 5.5, 3.5, 6.75], "texture": "#0"},
				"west": {"uv": [3.25, 5.5, 3, 6.75], "texture": "#0"},
				"up": {"uv": [2.75, 8.25, 3, 8], "rotation": 90, "texture": "#0"},
				"down": {"uv": [3.25, 8, 3.5, 8.25], "rotation": 270, "texture": "#0"}
			}
		}
	],
	"display": {
		"head": {
			"translation": [0, 1.25, 0],
			"scale": [1.5, 1.5, 1.5]
		}
	}
}