{
  "providers": [
    {
      "type": "space",
      "advances": {
        " ": 4
      }
    },
    {
      "type": "bitmap",
      "file": "manic:gui/grimoire/icons/podium.png",
      "ascent": -8,
      "height": 13,
      "chars": [
        "aA"
      ]
    },
    {
      "type": "bitmap",
      "file": "manic:gui/grimoire/icons/altar.png",
      "ascent": -8,
      "height": 13,
      "chars": [
        "bB"
      ]
    },
    {
      "type": "bitmap",
      "file": "manic:gui/grimoire/icons/sanity.png",
      "ascent": -8,
      "height": 13,
      "chars": [
        "cC"
      ]
    },
    {
      "type": "bitmap",
      "file": "manic:gui/grimoire/icons/insomniac.png",
      "ascent": -8,
      "height": 13,
      "chars": [
        "dD"
      ]
    },
    {
      "type": "bitmap",
      "file": "manic:gui/grimoire/icons/nightmare_pendant.png",
      "ascent": -8,
      "height": 13,
      "chars": [
        "fF"
      ]
    },
    {
      "type": "bitmap",
      "file": "manic:gui/grimoire/icons/grim_chasm.png",
      "ascent": -8,
      "height": 13,
      "chars": [
        "gG"
      ]
    },
    {
      "type": "bitmap",
      "file": "manic:gui/grimoire/return.png",
      "ascent": -8,
      "height": 13,
      "chars": [
        "zZ"
      ]
    }
  ]
}
