{
  "providers": [
    {
      "type": "space",
      "advances": {
        " ": 4
      }
    },
    {
      "type": "bitmap",
      "file": "manic:gui/grimoire/icons/elderskin.png",
      "ascent": -8,
      "height": 13,
      "chars": [
        "aA"
      ]
    },
    {
      "type": "bitmap",
      "file": "manic:gui/grimoire/icons/anirrum_lantern.png",
      "ascent": -8,
      "height": 13,
      "chars": [
        "cC"
      ]
    },
    {
      "type": "bitmap",
      "file": "manic:gui/grimoire/icons/grim_rune.png",
      "ascent": -8,
      "height": 13,
      "chars": [
        "dD"
      ]
    },
    {
      "type": "bitmap",
      "file": "manic:gui/grimoire/icons/eldritch_sigil.png",
      "ascent": -8,
      "height": 13,
      "chars": [
        "eE"
      ]
    },
    {
      "type": "bitmap",
      "file": "manic:gui/grimoire/icons/occult_refuge.png",
      "ascent": -8,
      "height": 13,
      "chars": [
        "fF"
      ]
    },
    {
      "type": "bitmap",
      "file": "manic:gui/grimoire/icons/occult_veil.png",
      "ascent": -8,
      "height": 13,
      "chars": [
        "gG"
      ]
    },
    {
      "type": "bitmap",
      "file": "manic:gui/grimoire/icons/grimstone_weaver.png",
      "ascent": -8,
      "height": 13,
      "chars": [
        "hH"
      ]
    },
    {
      "type": "bitmap",
      "file": "manic:gui/grimoire/icons/horror_page.png",
      "ascent": -8,
      "height": 13,
      "chars": [
        "iI"
      ]
    },
    {
      "type": "bitmap",
      "file": "manic:gui/grimoire/return.png",
      "ascent": -8,
      "height": 13,
      "chars": [
        "zZ"
      ]
    }
  ]
}
