{
  "providers": [
    {
      "type": "space",
      "advances": {
        " ": 4
      }
    },
    {
      "type": "bitmap",
      "file": "manic:gui/grimoire/icons/blight_mold.png",
      "ascent": -8,
      "height": 13,
      "chars": [
        "aA"
      ]
    },
    {
      "type": "bitmap",
      "file": "manic:gui/grimoire/icons/corpsebloom.png",
      "ascent": -8,
      "height": 13,
      "chars": [
        "bB"
      ]
    },
    {
      "type": "bitmap",
      "file": "manic:gui/grimoire/icons/corpsepitcher.png",
      "ascent": -8,
      "height": 13,
      "chars": [
        "cC"
      ]
    },
    {
      "type": "bitmap",
      "file": "manic:gui/grimoire/icons/corpsegourd.png",
      "ascent": -8,
      "height": 13,
      "chars": [
        "dD"
      ]
    },
    {
      "type": "bitmap",
      "file": "manic:gui/grimoire/icons/corpsebulb.png",
      "ascent": -8,
      "height": 13,
      "chars": [
        "eE"
      ]
    },
    {
      "type": "bitmap",
      "file": "manic:gui/grimoire/icons/zombee.png",
      "ascent": -8,
      "height": 13,
      "chars": [
        "fF"
      ]
    },
    {
      "type": "bitmap",
      "file": "manic:gui/grimoire/icons/corpsethorn.png",
      "ascent": -8,
      "height": 13,
      "chars": [
        "gG"
      ]
    },
    {
      "type": "bitmap",
      "file": "manic:gui/grimoire/return.png",
      "ascent": -8,
      "height": 13,
      "chars": [
        "zZ"
      ]
    }
  ]
}
