{
	"textures": {
		"0": "expansion:structures/assembler/assembler"
	},
	"elements": [
		{
			"from": [
				7.5,
				0.6204300000000007,
				17.68414
			],
			"to": [
				10.5,
				3.6204300000000007,
				18.92678
			],
			"rotation": {
				"angle": 45,
				"axis": "x",
				"origin": [
					-6.25,
					17.5,
					20.25
				]
			},
			"faces": {
				"north": {
					"uv": [
						5.125,
						10.625,
						5.3125,
						10.8125
					],
					"texture": "#0"
				},
				"east": {
					"uv": [
						9.0625,
						11.6875,
						9.125,
						11.875
					],
					"texture": "#0"
				},
				"south": {
					"uv": [
						5.375,
						10.625,
						5.5625,
						10.8125
					],
					"texture": "#0"
				},
				"west": {
					"uv": [
						9.8125,
						11.6875,
						9.875,
						11.875
					],
					"texture": "#0"
				},
				"up": {
					"uv": [
						11.9375,
						0.8125,
						11.75,
						0.75
					],
					"texture": "#0"
				},
				"down": {
					"uv": [
						11.9375,
						1.5,
						11.75,
						1.5625
					],
					"texture": "#0"
				}
			}
		},
		{
			"from": [
				7.5,
				7.37868,
				6.5
			],
			"to": [
				10.5,
				8.62132,
				9.5
			],
			"rotation": {
				"angle": 0,
				"axis": "y",
				"origin": [
					-6.25,
					17.5,
					20.25
				]
			},
			"faces": {
				"north": {
					"uv": [
						11.75,
						1.625,
						11.9375,
						1.6875
					],
					"texture": "#0"
				},
				"east": {
					"uv": [
						11.75,
						1.75,
						11.9375,
						1.8125
					],
					"texture": "#0"
				},
				"south": {
					"uv": [
						11.75,
						1.875,
						11.9375,
						1.9375
					],
					"texture": "#0"
				},
				"west": {
					"uv": [
						11.75,
						2,
						11.9375,
						2.0625
					],
					"texture": "#0"
				},
				"up": {
					"uv": [
						5.8125,
						10.8125,
						5.625,
						10.625
					],
					"texture": "#0"
				},
				"down": {
					"uv": [
						6.0625,
						10.625,
						5.875,
						10.8125
					],
					"texture": "#0"
				}
			}
		},
		{
			"from": [
				7.5,
				0.6204300000000007,
				9.19885
			],
			"to": [
				10.5,
				3.6204300000000007,
				10.4415
			],
			"rotation": {
				"angle": 45,
				"axis": "x",
				"origin": [
					-6.25,
					17.5,
					20.25
				]
			},
			"faces": {
				"north": {
					"uv": [
						10.625,
						5.9375,
						10.8125,
						6.125
					],
					"texture": "#0"
				},
				"east": {
					"uv": [
						11.75,
						2.125,
						11.8125,
						2.3125
					],
					"texture": "#0"
				},
				"south": {
					"uv": [
						6.125,
						10.625,
						6.3125,
						10.8125
					],
					"texture": "#0"
				},
				"west": {
					"uv": [
						11.75,
						2.375,
						11.8125,
						2.5625
					],
					"texture": "#0"
				},
				"up": {
					"uv": [
						2.8125,
						11.8125,
						2.625,
						11.75
					],
					"texture": "#0"
				},
				"down": {
					"uv": [
						11.9375,
						2.625,
						11.75,
						2.6875
					],
					"texture": "#0"
				}
			}
		},
		{
			"from": [
				7.5,
				13.37868,
				0.5
			],
			"to": [
				10.5,
				14.62132,
				3.5
			],
			"rotation": {
				"angle": 0,
				"axis": "y",
				"origin": [
					-6.25,
					17.5,
					20.25
				]
			},
			"faces": {
				"north": {
					"uv": [
						11.75,
						2.75,
						11.9375,
						2.8125
					],
					"texture": "#0"
				},
				"east": {
					"uv": [
						11.75,
						3.1875,
						11.9375,
						3.25
					],
					"texture": "#0"
				},
				"south": {
					"uv": [
						11.75,
						3.3125,
						11.9375,
						3.375
					],
					"texture": "#0"
				},
				"west": {
					"uv": [
						11.75,
						3.4375,
						11.9375,
						3.5
					],
					"texture": "#0"
				},
				"up": {
					"uv": [
						10.8125,
						6.75,
						10.625,
						6.5625
					],
					"texture": "#0"
				},
				"down": {
					"uv": [
						6.8125,
						10.625,
						6.625,
						10.8125
					],
					"texture": "#0"
				}
			}
		},
		{
			"from": [
				7.5,
				1.49911,
				8.320170000000001
			],
			"to": [
				10.5,
				2.7417499999999997,
				11.320170000000001
			],
			"rotation": {
				"angle": 45,
				"axis": "x",
				"origin": [
					-6.25,
					17.5,
					20.25
				]
			},
			"faces": {
				"north": {
					"uv": [
						11.75,
						3.5625,
						11.9375,
						3.625
					],
					"texture": "#0"
				},
				"east": {
					"uv": [
						11.75,
						3.6875,
						11.9375,
						3.75
					],
					"texture": "#0"
				},
				"south": {
					"uv": [
						11.75,
						3.8125,
						11.9375,
						3.875
					],
					"texture": "#0"
				},
				"west": {
					"uv": [
						11.75,
						3.9375,
						11.9375,
						4
					],
					"texture": "#0"
				},
				"up": {
					"uv": [
						10.875,
						0.75,
						10.6875,
						0.5625
					],
					"texture": "#0"
				},
				"down": {
					"uv": [
						3.25,
						10.6875,
						3.0625,
						10.875
					],
					"texture": "#0"
				}
			}
		},
		{
			"from": [
				7.5,
				12.5,
				1.3786800000000001
			],
			"to": [
				10.5,
				15.5,
				2.62132
			],
			"rotation": {
				"angle": 0,
				"axis": "y",
				"origin": [
					-6.25,
					17.5,
					20.25
				]
			},
			"faces": {
				"north": {
					"uv": [
						10.6875,
						7.5,
						10.875,
						7.6875
					],
					"texture": "#0"
				},
				"east": {
					"uv": [
						2.875,
						11.75,
						2.9375,
						11.9375
					],
					"texture": "#0"
				},
				"south": {
					"uv": [
						10.6875,
						7.75,
						10.875,
						7.9375
					],
					"texture": "#0"
				},
				"west": {
					"uv": [
						11.75,
						4.0625,
						11.8125,
						4.25
					],
					"texture": "#0"
				},
				"up": {
					"uv": [
						4.6875,
						11.8125,
						4.5,
						11.75
					],
					"texture": "#0"
				},
				"down": {
					"uv": [
						11.9375,
						4.875,
						11.75,
						4.9375
					],
					"texture": "#0"
				}
			}
		},
		{
			"from": [
				7.5,
				1.49911,
				16.80546
			],
			"to": [
				10.5,
				2.7417499999999997,
				19.80546
			],
			"rotation": {
				"angle": 45,
				"axis": "x",
				"origin": [
					-6.25,
					17.5,
					20.25
				]
			},
			"faces": {
				"north": {
					"uv": [
						11.75,
						5,
						11.9375,
						5.0625
					],
					"texture": "#0"
				},
				"east": {
					"uv": [
						5.125,
						11.75,
						5.3125,
						11.8125
					],
					"texture": "#0"
				},
				"south": {
					"uv": [
						11.75,
						5.125,
						11.9375,
						5.1875
					],
					"texture": "#0"
				},
				"west": {
					"uv": [
						11.75,
						5.25,
						11.9375,
						5.3125
					],
					"texture": "#0"
				},
				"up": {
					"uv": [
						10.875,
						8.1875,
						10.6875,
						8
					],
					"texture": "#0"
				},
				"down": {
					"uv": [
						10.875,
						8.25,
						10.6875,
						8.4375
					],
					"texture": "#0"
				}
			}
		},
		{
			"from": [
				7.5,
				6.5,
				7.37868
			],
			"to": [
				10.5,
				9.5,
				8.62132
			],
			"rotation": {
				"angle": 0,
				"axis": "y",
				"origin": [
					-6.25,
					17.5,
					20.25
				]
			},
			"faces": {
				"north": {
					"uv": [
						10.6875,
						8.5,
						10.875,
						8.6875
					],
					"texture": "#0"
				},
				"east": {
					"uv": [
						5.75,
						11.75,
						5.8125,
						11.9375
					],
					"texture": "#0"
				},
				"south": {
					"uv": [
						10.6875,
						8.75,
						10.875,
						8.9375
					],
					"texture": "#0"
				},
				"west": {
					"uv": [
						11.75,
						5.75,
						11.8125,
						5.9375
					],
					"texture": "#0"
				},
				"up": {
					"uv": [
						6.0625,
						11.8125,
						5.875,
						11.75
					],
					"texture": "#0"
				},
				"down": {
					"uv": [
						6.4375,
						11.75,
						6.25,
						11.8125
					],
					"texture": "#0"
				}
			}
		},
		{
			"from": [
				8,
				1.0991099999999996,
				10.80546
			],
			"to": [
				10,
				3.0991099999999996,
				17.80546
			],
			"rotation": {
				"angle": 45,
				"axis": "x",
				"origin": [
					-6.25,
					17.5,
					20.25
				]
			},
			"faces": {
				"north": {
					"uv": [
						8.625,
						11.3125,
						8.75,
						11.4375
					],
					"texture": "#0"
				},
				"east": {
					"uv": [
						9.6875,
						6.375,
						10.125,
						6.5
					],
					"texture": "#0"
				},
				"south": {
					"uv": [
						9.0625,
						11.3125,
						9.1875,
						11.4375
					],
					"texture": "#0"
				},
				"west": {
					"uv": [
						9.6875,
						6.5625,
						10.125,
						6.6875
					],
					"texture": "#0"
				},
				"up": {
					"uv": [
						1.8125,
						10.125,
						1.6875,
						9.6875
					],
					"texture": "#0"
				},
				"down": {
					"uv": [
						2,
						9.75,
						1.875,
						10.1875
					],
					"texture": "#0"
				}
			}
		}
	],
	"display": {
		"head": {
			"rotation": [
				0,
				180,
				0
			]
		}
	}
}