{
	"textures": {
		"0": "expansion:structures/assembler/assembler"
	},
	"elements": [
		{
			"from": [
				7.38279,
				25.82873,
				-2.5
			],
			"to": [
				10.33929,
				27.82873,
				7.5
			],
			"rotation": {
				"angle": 22.5,
				"axis": "z",
				"origin": [
					8,
					5.75,
					-3.5
				]
			},
			"faces": {
				"north": {
					"uv": [
						11,
						3.625,
						11.1875,
						3.75
					],
					"texture": "#0"
				},
				"east": {
					"uv": [
						8.6875,
						3.6875,
						9.3125,
						3.8125
					],
					"texture": "#0"
				},
				"south": {
					"uv": [
						11,
						3.8125,
						11.1875,
						3.9375
					],
					"texture": "#0"
				},
				"west": {
					"uv": [
						8.6875,
						3.875,
						9.3125,
						4
					],
					"texture": "#0"
				},
				"up": {
					"uv": [
						2.6875,
						7.4375,
						2.5,
						6.8125
					],
					"texture": "#0"
				},
				"down": {
					"uv": [
						7.125,
						0,
						6.9375,
						0.625
					],
					"texture": "#0"
				}
			}
		}
	],
	"display": {
		"head": {
			"rotation": [
				0,
				180,
				0
			]
		}
	}
}