{
	"textures": {
		"0": "expansion:structures/assembler/assembler"
	},
	"elements": [
		{
			"from": [
				7,
				17.855710000000002,
				15.793790000000001
			],
			"to": [
				9,
				18.68414,
				17.79379
			],
			"rotation": {
				"angle": 45,
				"axis": "x",
				"origin": [
					-9,
					23.75,
					0
				]
			},
			"faces": {
				"north": {
					"uv": [
						10.375,
						12.125,
						10.5,
						12.1875
					],
					"texture": "#0"
				},
				"east": {
					"uv": [
						10.5625,
						12.125,
						10.6875,
						12.1875
					],
					"texture": "#0"
				},
				"south": {
					"uv": [
						10.75,
						12.125,
						10.875,
						12.1875
					],
					"texture": "#0"
				},
				"west": {
					"uv": [
						10.9375,
						12.125,
						11.0625,
						12.1875
					],
					"texture": "#0"
				},
				"up": {
					"uv": [
						11.4375,
						6.625,
						11.3125,
						6.5
					],
					"texture": "#0"
				},
				"down": {
					"uv": [
						11.4375,
						7.4375,
						11.3125,
						7.5625
					],
					"texture": "#0"
				}
			}
		},
		{
			"from": [
				7,
				7.585789999999999,
				7
			],
			"to": [
				9,
				8.41421,
				9
			],
			"rotation": {
				"angle": 0,
				"axis": "y",
				"origin": [
					-9,
					23.75,
					0
				]
			},
			"faces": {
				"north": {
					"uv": [
						11.125,
						12.125,
						11.25,
						12.1875
					],
					"texture": "#0"
				},
				"east": {
					"uv": [
						11.3125,
						12.125,
						11.4375,
						12.1875
					],
					"texture": "#0"
				},
				"south": {
					"uv": [
						11.5,
						12.125,
						11.625,
						12.1875
					],
					"texture": "#0"
				},
				"west": {
					"uv": [
						11.9375,
						12.125,
						12.0625,
						12.1875
					],
					"texture": "#0"
				},
				"up": {
					"uv": [
						11.4375,
						7.75,
						11.3125,
						7.625
					],
					"texture": "#0"
				},
				"down": {
					"uv": [
						11.4375,
						7.8125,
						11.3125,
						7.9375
					],
					"texture": "#0"
				}
			}
		},
		{
			"from": [
				7,
				17.26992,
				16.37957
			],
			"to": [
				9,
				19.26992,
				17.208
			],
			"rotation": {
				"angle": 45,
				"axis": "x",
				"origin": [
					-9,
					23.75,
					0
				]
			},
			"faces": {
				"north": {
					"uv": [
						7.9375,
						11.3125,
						8.0625,
						11.4375
					],
					"texture": "#0"
				},
				"east": {
					"uv": [
						11.6875,
						12.125,
						11.75,
						12.25
					],
					"texture": "#0"
				},
				"south": {
					"uv": [
						11.3125,
						8,
						11.4375,
						8.125
					],
					"texture": "#0"
				},
				"west": {
					"uv": [
						12.125,
						12.125,
						12.1875,
						12.25
					],
					"texture": "#0"
				},
				"up": {
					"uv": [
						0.25,
						12.25,
						0.125,
						12.1875
					],
					"texture": "#0"
				},
				"down": {
					"uv": [
						0.4375,
						12.1875,
						0.3125,
						12.25
					],
					"texture": "#0"
				}
			}
		},
		{
			"from": [
				7,
				7,
				7.585789999999999
			],
			"to": [
				9,
				9,
				8.41421
			],
			"rotation": {
				"angle": 0,
				"axis": "y",
				"origin": [
					-9,
					23.75,
					0
				]
			},
			"faces": {
				"north": {
					"uv": [
						11.3125,
						8.1875,
						11.4375,
						8.3125
					],
					"texture": "#0"
				},
				"east": {
					"uv": [
						0.5,
						12.1875,
						0.5625,
						12.3125
					],
					"texture": "#0"
				},
				"south": {
					"uv": [
						11.3125,
						8.375,
						11.4375,
						8.5
					],
					"texture": "#0"
				},
				"west": {
					"uv": [
						0.625,
						12.1875,
						0.6875,
						12.3125
					],
					"texture": "#0"
				},
				"up": {
					"uv": [
						0.875,
						12.25,
						0.75,
						12.1875
					],
					"texture": "#0"
				},
				"down": {
					"uv": [
						12.3125,
						0.875,
						12.1875,
						0.9375
					],
					"texture": "#0"
				}
			}
		}
	],
	"display": {
		"head": {
			"rotation": [
				0,
				180,
				0
			]
		}
	}
}