{
	"credit": "Made with Blockbench",
	"textures": {
		"0": "expansion:items/ai_core",
		"particle": "expansion:items/ai_core"
	},
	"elements": [
		{
			"name": "ai_core_0",
			"from": [5, 4, 7.5],
			"to": [12, 15, 8.5],
			"rotation": {"angle": 0, "axis": "y", "origin": [0, 0, 7.5]},
			"faces": {
				"north": {"uv": [12, 1, 5, 12], "texture": "#0"},
				"east": {"uv": [11, 1, 12, 12], "texture": "#0"},
				"south": {"uv": [5, 1, 12, 12], "texture": "#0"},
				"west": {"uv": [5, 1, 6, 12], "texture": "#0"},
				"up": {"uv": [5, 1, 12, 2], "texture": "#0"},
				"down": {"uv": [5, 11, 12, 12], "texture": "#0"}
			}
		},
		{
			"name": "ai_core_1",
			"from": [3, 4, 7.5],
			"to": [5, 14, 8.5],
			"rotation": {"angle": 0, "axis": "y", "origin": [0, 0, 7.5]},
			"faces": {
				"north": {"uv": [5, 2, 3, 12], "texture": "#0"},
				"east": {"uv": [4, 2, 5, 12], "texture": "#0"},
				"south": {"uv": [3, 2, 5, 12], "texture": "#0"},
				"west": {"uv": [3, 2, 4, 12], "texture": "#0"},
				"up": {"uv": [3, 2, 5, 3], "texture": "#0"},
				"down": {"uv": [3, 11, 5, 12], "texture": "#0"}
			}
		},
		{
			"name": "ai_core_2",
			"from": [12, 2, 7.5],
			"to": [13, 14, 8.5],
			"rotation": {"angle": 0, "axis": "y", "origin": [0, 0, 7.5]},
			"faces": {
				"north": {"uv": [13, 2, 12, 14], "texture": "#0"},
				"east": {"uv": [12, 2, 13, 14], "texture": "#0"},
				"south": {"uv": [12, 2, 13, 14], "texture": "#0"},
				"west": {"uv": [12, 2, 13, 14], "texture": "#0"},
				"up": {"uv": [12, 2, 13, 3], "texture": "#0"},
				"down": {"uv": [12, 13, 13, 14], "texture": "#0"}
			}
		},
		{
			"name": "ai_core_3",
			"from": [2, 5, 7.5],
			"to": [3, 13, 8.5],
			"rotation": {"angle": 0, "axis": "y", "origin": [0, 0, 7.5]},
			"faces": {
				"north": {"uv": [3, 3, 2, 11], "texture": "#0"},
				"east": {"uv": [2, 3, 3, 11], "texture": "#0"},
				"south": {"uv": [2, 3, 3, 11], "texture": "#0"},
				"west": {"uv": [2, 3, 3, 11], "texture": "#0"},
				"up": {"uv": [2, 3, 3, 4], "texture": "#0"},
				"down": {"uv": [2, 10, 3, 11], "texture": "#0"}
			}
		},
		{
			"name": "ai_core_4",
			"from": [13, 4, 7.5],
			"to": [14, 13, 8.5],
			"rotation": {"angle": 0, "axis": "y", "origin": [0, 0, 7.5]},
			"faces": {
				"north": {"uv": [14, 3, 13, 12], "texture": "#0"},
				"east": {"uv": [13, 3, 14, 12], "texture": "#0"},
				"south": {"uv": [13, 3, 14, 12], "texture": "#0"},
				"west": {"uv": [13, 3, 14, 12], "texture": "#0"},
				"up": {"uv": [13, 3, 14, 4], "texture": "#0"},
				"down": {"uv": [13, 11, 14, 12], "texture": "#0"}
			}
		},
		{
			"name": "ai_core_5",
			"from": [1, 6, 7.5],
			"to": [2, 12, 8.5],
			"rotation": {"angle": 0, "axis": "y", "origin": [0, 0, 7.5]},
			"faces": {
				"north": {"uv": [2, 4, 1, 10], "texture": "#0"},
				"east": {"uv": [1, 4, 2, 10], "texture": "#0"},
				"south": {"uv": [1, 4, 2, 10], "texture": "#0"},
				"west": {"uv": [1, 4, 2, 10], "texture": "#0"},
				"up": {"uv": [1, 4, 2, 5], "texture": "#0"},
				"down": {"uv": [1, 9, 2, 10], "texture": "#0"}
			}
		},
		{
			"name": "ai_core_6",
			"from": [14, 6, 7.5],
			"to": [15, 12, 8.5],
			"rotation": {"angle": 0, "axis": "y", "origin": [0, 0, 7.5]},
			"faces": {
				"north": {"uv": [15, 4, 14, 10], "texture": "#0"},
				"east": {"uv": [14, 4, 15, 10], "texture": "#0"},
				"south": {"uv": [14, 4, 15, 10], "texture": "#0"},
				"west": {"uv": [14, 4, 15, 10], "texture": "#0"},
				"up": {"uv": [14, 4, 15, 5], "texture": "#0"},
				"down": {"uv": [14, 9, 15, 10], "texture": "#0"}
			}
		},
		{
			"name": "ai_core_7",
			"from": [15, 7, 7.5],
			"to": [16, 11, 8.5],
			"rotation": {"angle": 0, "axis": "y", "origin": [0, 0, 7.5]},
			"faces": {
				"north": {"uv": [16, 5, 15, 9], "texture": "#0"},
				"east": {"uv": [15, 5, 16, 9], "texture": "#0"},
				"south": {"uv": [15, 5, 16, 9], "texture": "#0"},
				"west": {"uv": [15, 5, 16, 9], "texture": "#0"},
				"up": {"uv": [15, 5, 16, 6], "texture": "#0"},
				"down": {"uv": [15, 8, 16, 9], "texture": "#0"}
			}
		},
		{
			"name": "ai_core_8",
			"from": [0, 7, 7.5],
			"to": [1, 10, 8.5],
			"rotation": {"angle": 0, "axis": "y", "origin": [0, 0, 7.5]},
			"faces": {
				"north": {"uv": [1, 6, 0, 9], "texture": "#0"},
				"east": {"uv": [0, 6, 1, 9], "texture": "#0"},
				"south": {"uv": [0, 6, 1, 9], "texture": "#0"},
				"west": {"uv": [0, 6, 1, 9], "texture": "#0"},
				"up": {"uv": [0, 6, 1, 7], "texture": "#0"},
				"down": {"uv": [0, 8, 1, 9], "texture": "#0"}
			}
		},
		{
			"name": "ai_core_9",
			"from": [4, 3, 7.5],
			"to": [7, 4, 8.5],
			"rotation": {"angle": 0, "axis": "y", "origin": [0, 0, 7.5]},
			"faces": {
				"north": {"uv": [7, 12, 4, 13], "texture": "#0"},
				"east": {"uv": [6, 12, 7, 13], "texture": "#0"},
				"south": {"uv": [4, 12, 7, 13], "texture": "#0"},
				"west": {"uv": [4, 12, 5, 13], "texture": "#0"},
				"up": {"uv": [4, 12, 7, 13], "texture": "#0"},
				"down": {"uv": [4, 12, 7, 13], "texture": "#0"}
			}
		},
		{
			"name": "ai_core_10",
			"from": [9, 3, 7.5],
			"to": [12, 4, 8.5],
			"rotation": {"angle": 0, "axis": "y", "origin": [0, 0, 7.5]},
			"faces": {
				"north": {"uv": [12, 12, 9, 13], "texture": "#0"},
				"east": {"uv": [11, 12, 12, 13], "texture": "#0"},
				"south": {"uv": [9, 12, 12, 13], "texture": "#0"},
				"west": {"uv": [9, 12, 10, 13], "texture": "#0"},
				"up": {"uv": [9, 12, 12, 13], "texture": "#0"},
				"down": {"uv": [9, 12, 12, 13], "texture": "#0"}
			}
		},
		{
			"name": "ai_core_11",
			"from": [10, 2, 7.5],
			"to": [12, 3, 8.5],
			"rotation": {"angle": 0, "axis": "y", "origin": [0, 0, 7.5]},
			"faces": {
				"north": {"uv": [12, 13, 10, 14], "texture": "#0"},
				"east": {"uv": [11, 13, 12, 14], "texture": "#0"},
				"south": {"uv": [10, 13, 12, 14], "texture": "#0"},
				"west": {"uv": [10, 13, 11, 14], "texture": "#0"},
				"up": {"uv": [10, 13, 12, 14], "texture": "#0"},
				"down": {"uv": [10, 13, 12, 14], "texture": "#0"}
			}
		},
		{
			"name": "ai_core_12",
			"from": [11, 1, 7.5],
			"to": [12, 2, 8.5],
			"rotation": {"angle": 0, "axis": "y", "origin": [0, 0, 7.5]},
			"faces": {
				"north": {"uv": [12, 14, 11, 15], "texture": "#0"},
				"east": {"uv": [11, 14, 12, 15], "texture": "#0"},
				"south": {"uv": [11, 14, 12, 15], "texture": "#0"},
				"west": {"uv": [11, 14, 12, 15], "texture": "#0"},
				"up": {"uv": [11, 14, 12, 15], "texture": "#0"},
				"down": {"uv": [11, 14, 12, 15], "texture": "#0"}
			}
		}
	],
	"gui_light": "front",
	"display": {
		"thirdperson_righthand": {
			"translation": [0, 3, 1],
			"scale": [0.55, 0.55, 0.55]
		},
		"thirdperson_lefthand": {
			"translation": [0, 3, 1],
			"scale": [0.55, 0.55, 0.55]
		},
		"firstperson_righthand": {
			"rotation": [0, -90, 25],
			"translation": [1.13, 3.2, 1.13],
			"scale": [0.68, 0.68, 0.68]
		},
		"firstperson_lefthand": {
			"rotation": [0, -90, 25],
			"translation": [1.13, 3.2, 1.13],
			"scale": [0.68, 0.68, 0.68]
		},
		"ground": {
			"translation": [0, 2, 0],
			"scale": [0.5, 0.5, 0.5]
		},
		"head": {
			"rotation": [90, 0, 0],
			"translation": [0, -42.4, 0],
			"scale": [1.6, 1.6, 1.6]
		},
		"fixed": {
			"rotation": [0, 180, 0]
		}
	},
	"groups": [
		{
			"name": "ai_core",
			"origin": [8, 8, 8],
			"color": 0,
			"nbt": "{}",
			"armAnimationEnabled": false,
			"children": [0, 1, 2, 3, 4, 5, 6, 7, 8, 9, 10, 11, 12]
		}
	]
}