{
	"credit": "Made with Blockbench",
	"textures": {
		"0": "expansion:items/amethonium_plate",
		"particle": "expansion:items/amethonium_plate"
	},
	"elements": [
		{
			"name": "amethonium_plate_0",
			"from": [1, 1, 7.5],
			"to": [15, 15, 8.5],
			"rotation": {"angle": 0, "axis": "z", "origin": [8, 8, 7.5]},
			"faces": {
				"north": {"uv": [1, 1, 15, 15], "rotation": 90, "texture": "#0"},
				"east": {"uv": [1, 14, 15, 15], "rotation": 90, "texture": "#0"},
				"south": {"uv": [1, 15, 15, 1], "rotation": 90, "texture": "#0"},
				"west": {"uv": [15, 1, 1, 2], "rotation": 270, "texture": "#0"},
				"up": {"uv": [1, 1, 2, 15], "rotation": 270, "texture": "#0"},
				"down": {"uv": [14, 1, 15, 15], "rotation": 270, "texture": "#0"}
			}
		}
	],
	"gui_light": "front",
	"display": {
		"thirdperson_righthand": {
			"translation": [0, 3, 1],
			"scale": [0.55, 0.55, 0.55]
		},
		"thirdperson_lefthand": {
			"translation": [0, 3, 1],
			"scale": [0.55, 0.55, 0.55]
		},
		"firstperson_righthand": {
			"rotation": [0, -90, 25],
			"translation": [1.13, 3.2, 1.13],
			"scale": [0.68, 0.68, 0.68]
		},
		"firstperson_lefthand": {
			"rotation": [0, -90, 25],
			"translation": [1.13, 3.2, 1.13],
			"scale": [0.68, 0.68, 0.68]
		},
		"ground": {
			"translation": [0, 2, 0],
			"scale": [0.5, 0.5, 0.5]
		},
		"head": {
			"rotation": [90, 0, 0],
			"translation": [0, -42.4, 0],
			"scale": [1.6, 1.6, 1.6]
		},
		"fixed": {
			"rotation": [0, 180, 0]
		}
	},
	"groups": [
		{
			"name": "amethonium_plate",
			"origin": [8, 8, 8],
			"color": 0,
			"nbt": "{}",
			"armAnimationEnabled": false,
			"children": [0]
		}
	]
}