{
	"credit": "Made with Blockbench",
	"textures": {
		"0": "expansion:items/cpu",
		"particle": "expansion:items/cpu"
	},
	"elements": [
		{
			"name": "cpu_0",
			"from": [1, 4, 7.5],
			"to": [14, 5, 8.5],
			"rotation": {"angle": 0, "axis": "y", "origin": [-1, 0, 8.5]},
			"faces": {
				"north": {"uv": [4, 14, 5, 1], "rotation": 270, "texture": "#0"},
				"east": {"uv": [4, 14, 5, 13], "rotation": 270, "texture": "#0"},
				"south": {"uv": [4, 1, 5, 14], "rotation": 270, "texture": "#0"},
				"west": {"uv": [5, 2, 4, 1], "rotation": 90, "texture": "#0"},
				"up": {"uv": [4, 14, 5, 1], "rotation": 90, "texture": "#0"},
				"down": {"uv": [4, 14, 5, 1], "rotation": 90, "texture": "#0"}
			}
		},
		{
			"name": "cpu_1",
			"from": [1, 6, 7.5],
			"to": [14, 7, 8.5],
			"rotation": {"angle": 0, "axis": "y", "origin": [-1, 0, 8.5]},
			"faces": {
				"north": {"uv": [6, 14, 7, 1], "rotation": 270, "texture": "#0"},
				"east": {"uv": [6, 14, 7, 13], "rotation": 270, "texture": "#0"},
				"south": {"uv": [6, 1, 7, 14], "rotation": 270, "texture": "#0"},
				"west": {"uv": [7, 2, 6, 1], "rotation": 90, "texture": "#0"},
				"up": {"uv": [6, 14, 7, 1], "rotation": 90, "texture": "#0"},
				"down": {"uv": [6, 14, 7, 1], "rotation": 90, "texture": "#0"}
			}
		},
		{
			"name": "cpu_2",
			"from": [1, 8, 7.5],
			"to": [14, 9, 8.5],
			"rotation": {"angle": 0, "axis": "y", "origin": [-1, 0, 8.5]},
			"faces": {
				"north": {"uv": [8, 14, 9, 1], "rotation": 270, "texture": "#0"},
				"east": {"uv": [8, 14, 9, 13], "rotation": 270, "texture": "#0"},
				"south": {"uv": [8, 1, 9, 14], "rotation": 270, "texture": "#0"},
				"west": {"uv": [9, 2, 8, 1], "rotation": 90, "texture": "#0"},
				"up": {"uv": [8, 14, 9, 1], "rotation": 90, "texture": "#0"},
				"down": {"uv": [8, 14, 9, 1], "rotation": 90, "texture": "#0"}
			}
		},
		{
			"name": "cpu_3",
			"from": [1, 10, 7.5],
			"to": [14, 11, 8.5],
			"rotation": {"angle": 0, "axis": "y", "origin": [-1, 0, 8.5]},
			"faces": {
				"north": {"uv": [10, 14, 11, 1], "rotation": 270, "texture": "#0"},
				"east": {"uv": [10, 14, 11, 13], "rotation": 270, "texture": "#0"},
				"south": {"uv": [10, 1, 11, 14], "rotation": 270, "texture": "#0"},
				"west": {"uv": [11, 2, 10, 1], "rotation": 90, "texture": "#0"},
				"up": {"uv": [10, 14, 11, 1], "rotation": 90, "texture": "#0"},
				"down": {"uv": [10, 14, 11, 1], "rotation": 90, "texture": "#0"}
			}
		},
		{
			"name": "cpu_4",
			"from": [1, 12, 7.5],
			"to": [14, 13, 8.5],
			"rotation": {"angle": 0, "axis": "y", "origin": [-1, 0, 8.5]},
			"faces": {
				"north": {"uv": [12, 14, 13, 1], "rotation": 270, "texture": "#0"},
				"east": {"uv": [12, 14, 13, 13], "rotation": 270, "texture": "#0"},
				"south": {"uv": [12, 1, 13, 14], "rotation": 270, "texture": "#0"},
				"west": {"uv": [13, 2, 12, 1], "rotation": 90, "texture": "#0"},
				"up": {"uv": [12, 14, 13, 1], "rotation": 90, "texture": "#0"},
				"down": {"uv": [12, 14, 13, 1], "rotation": 90, "texture": "#0"}
			}
		},
		{
			"name": "cpu_5",
			"from": [2, 2, 7.5],
			"to": [14, 4, 8.5],
			"rotation": {"angle": 0, "axis": "y", "origin": [-1, 0, 8.5]},
			"faces": {
				"north": {"uv": [2, 14, 4, 2], "rotation": 270, "texture": "#0"},
				"east": {"uv": [2, 14, 4, 13], "rotation": 270, "texture": "#0"},
				"south": {"uv": [2, 2, 4, 14], "rotation": 270, "texture": "#0"},
				"west": {"uv": [4, 3, 2, 2], "rotation": 90, "texture": "#0"},
				"up": {"uv": [3, 14, 4, 2], "rotation": 90, "texture": "#0"},
				"down": {"uv": [2, 14, 3, 2], "rotation": 90, "texture": "#0"}
			}
		},
		{
			"name": "cpu_6",
			"from": [2, 5, 7.5],
			"to": [15, 6, 8.5],
			"rotation": {"angle": 0, "axis": "y", "origin": [-1, 0, 8.5]},
			"faces": {
				"north": {"uv": [5, 15, 6, 2], "rotation": 270, "texture": "#0"},
				"east": {"uv": [5, 15, 6, 14], "rotation": 270, "texture": "#0"},
				"south": {"uv": [5, 2, 6, 15], "rotation": 270, "texture": "#0"},
				"west": {"uv": [6, 3, 5, 2], "rotation": 90, "texture": "#0"},
				"up": {"uv": [5, 15, 6, 2], "rotation": 90, "texture": "#0"},
				"down": {"uv": [5, 15, 6, 2], "rotation": 90, "texture": "#0"}
			}
		},
		{
			"name": "cpu_7",
			"from": [2, 7, 7.5],
			"to": [15, 8, 8.5],
			"rotation": {"angle": 0, "axis": "y", "origin": [-1, 0, 8.5]},
			"faces": {
				"north": {"uv": [7, 15, 8, 2], "rotation": 270, "texture": "#0"},
				"east": {"uv": [7, 15, 8, 14], "rotation": 270, "texture": "#0"},
				"south": {"uv": [7, 2, 8, 15], "rotation": 270, "texture": "#0"},
				"west": {"uv": [8, 3, 7, 2], "rotation": 90, "texture": "#0"},
				"up": {"uv": [7, 15, 8, 2], "rotation": 90, "texture": "#0"},
				"down": {"uv": [7, 15, 8, 2], "rotation": 90, "texture": "#0"}
			}
		},
		{
			"name": "cpu_8",
			"from": [2, 9, 7.5],
			"to": [15, 10, 8.5],
			"rotation": {"angle": 0, "axis": "y", "origin": [-1, 0, 8.5]},
			"faces": {
				"north": {"uv": [9, 15, 10, 2], "rotation": 270, "texture": "#0"},
				"east": {"uv": [9, 15, 10, 14], "rotation": 270, "texture": "#0"},
				"south": {"uv": [9, 2, 10, 15], "rotation": 270, "texture": "#0"},
				"west": {"uv": [10, 3, 9, 2], "rotation": 90, "texture": "#0"},
				"up": {"uv": [9, 15, 10, 2], "rotation": 90, "texture": "#0"},
				"down": {"uv": [9, 15, 10, 2], "rotation": 90, "texture": "#0"}
			}
		},
		{
			"name": "cpu_9",
			"from": [2, 11, 7.5],
			"to": [15, 12, 8.5],
			"rotation": {"angle": 0, "axis": "y", "origin": [-1, 0, 8.5]},
			"faces": {
				"north": {"uv": [11, 15, 12, 2], "rotation": 270, "texture": "#0"},
				"east": {"uv": [11, 15, 12, 14], "rotation": 270, "texture": "#0"},
				"south": {"uv": [11, 2, 12, 15], "rotation": 270, "texture": "#0"},
				"west": {"uv": [12, 3, 11, 2], "rotation": 90, "texture": "#0"},
				"up": {"uv": [11, 15, 12, 2], "rotation": 90, "texture": "#0"},
				"down": {"uv": [11, 15, 12, 2], "rotation": 90, "texture": "#0"}
			}
		},
		{
			"name": "cpu_10",
			"from": [2, 13, 7.5],
			"to": [14, 14, 8.5],
			"rotation": {"angle": 0, "axis": "y", "origin": [-1, 0, 8.5]},
			"faces": {
				"north": {"uv": [13, 14, 14, 2], "rotation": 270, "texture": "#0"},
				"east": {"uv": [13, 14, 14, 13], "rotation": 270, "texture": "#0"},
				"south": {"uv": [13, 2, 14, 14], "rotation": 270, "texture": "#0"},
				"west": {"uv": [14, 3, 13, 2], "rotation": 90, "texture": "#0"},
				"up": {"uv": [13, 14, 14, 2], "rotation": 90, "texture": "#0"},
				"down": {"uv": [13, 14, 14, 2], "rotation": 90, "texture": "#0"}
			}
		},
		{
			"name": "cpu_11",
			"from": [3, 1, 7.5],
			"to": [4, 2, 8.5],
			"rotation": {"angle": 0, "axis": "y", "origin": [-1, 0, 8.5]},
			"faces": {
				"north": {"uv": [1, 4, 2, 3], "rotation": 270, "texture": "#0"},
				"east": {"uv": [1, 4, 2, 3], "rotation": 270, "texture": "#0"},
				"south": {"uv": [1, 3, 2, 4], "rotation": 270, "texture": "#0"},
				"west": {"uv": [2, 4, 1, 3], "rotation": 90, "texture": "#0"},
				"up": {"uv": [1, 4, 2, 3], "rotation": 90, "texture": "#0"},
				"down": {"uv": [1, 4, 2, 3], "rotation": 90, "texture": "#0"}
			}
		},
		{
			"name": "cpu_12",
			"from": [4, 14, 7.5],
			"to": [5, 15, 8.5],
			"rotation": {"angle": 0, "axis": "y", "origin": [-1, 0, 8.5]},
			"faces": {
				"north": {"uv": [14, 5, 15, 4], "rotation": 270, "texture": "#0"},
				"east": {"uv": [14, 5, 15, 4], "rotation": 270, "texture": "#0"},
				"south": {"uv": [14, 4, 15, 5], "rotation": 270, "texture": "#0"},
				"west": {"uv": [15, 5, 14, 4], "rotation": 90, "texture": "#0"},
				"up": {"uv": [14, 5, 15, 4], "rotation": 90, "texture": "#0"},
				"down": {"uv": [14, 5, 15, 4], "rotation": 90, "texture": "#0"}
			}
		},
		{
			"name": "cpu_13",
			"from": [5, 1, 7.5],
			"to": [6, 2, 8.5],
			"rotation": {"angle": 0, "axis": "y", "origin": [-1, 0, 8.5]},
			"faces": {
				"north": {"uv": [1, 6, 2, 5], "rotation": 270, "texture": "#0"},
				"east": {"uv": [1, 6, 2, 5], "rotation": 270, "texture": "#0"},
				"south": {"uv": [1, 5, 2, 6], "rotation": 270, "texture": "#0"},
				"west": {"uv": [2, 6, 1, 5], "rotation": 90, "texture": "#0"},
				"up": {"uv": [1, 6, 2, 5], "rotation": 90, "texture": "#0"},
				"down": {"uv": [1, 6, 2, 5], "rotation": 90, "texture": "#0"}
			}
		},
		{
			"name": "cpu_14",
			"from": [6, 14, 7.5],
			"to": [7, 15, 8.5],
			"rotation": {"angle": 0, "axis": "y", "origin": [-1, 0, 8.5]},
			"faces": {
				"north": {"uv": [14, 7, 15, 6], "rotation": 270, "texture": "#0"},
				"east": {"uv": [14, 7, 15, 6], "rotation": 270, "texture": "#0"},
				"south": {"uv": [14, 6, 15, 7], "rotation": 270, "texture": "#0"},
				"west": {"uv": [15, 7, 14, 6], "rotation": 90, "texture": "#0"},
				"up": {"uv": [14, 7, 15, 6], "rotation": 90, "texture": "#0"},
				"down": {"uv": [14, 7, 15, 6], "rotation": 90, "texture": "#0"}
			}
		},
		{
			"name": "cpu_15",
			"from": [7, 1, 7.5],
			"to": [8, 2, 8.5],
			"rotation": {"angle": 0, "axis": "y", "origin": [-1, 0, 8.5]},
			"faces": {
				"north": {"uv": [1, 8, 2, 7], "rotation": 270, "texture": "#0"},
				"east": {"uv": [1, 8, 2, 7], "rotation": 270, "texture": "#0"},
				"south": {"uv": [1, 7, 2, 8], "rotation": 270, "texture": "#0"},
				"west": {"uv": [2, 8, 1, 7], "rotation": 90, "texture": "#0"},
				"up": {"uv": [1, 8, 2, 7], "rotation": 90, "texture": "#0"},
				"down": {"uv": [1, 8, 2, 7], "rotation": 90, "texture": "#0"}
			}
		},
		{
			"name": "cpu_16",
			"from": [8, 14, 7.5],
			"to": [9, 15, 8.5],
			"rotation": {"angle": 0, "axis": "y", "origin": [-1, 0, 8.5]},
			"faces": {
				"north": {"uv": [14, 9, 15, 8], "rotation": 270, "texture": "#0"},
				"east": {"uv": [14, 9, 15, 8], "rotation": 270, "texture": "#0"},
				"south": {"uv": [14, 8, 15, 9], "rotation": 270, "texture": "#0"},
				"west": {"uv": [15, 9, 14, 8], "rotation": 90, "texture": "#0"},
				"up": {"uv": [14, 9, 15, 8], "rotation": 90, "texture": "#0"},
				"down": {"uv": [14, 9, 15, 8], "rotation": 90, "texture": "#0"}
			}
		},
		{
			"name": "cpu_17",
			"from": [9, 1, 7.5],
			"to": [10, 2, 8.5],
			"rotation": {"angle": 0, "axis": "y", "origin": [-1, 0, 8.5]},
			"faces": {
				"north": {"uv": [1, 10, 2, 9], "rotation": 270, "texture": "#0"},
				"east": {"uv": [1, 10, 2, 9], "rotation": 270, "texture": "#0"},
				"south": {"uv": [1, 9, 2, 10], "rotation": 270, "texture": "#0"},
				"west": {"uv": [2, 10, 1, 9], "rotation": 90, "texture": "#0"},
				"up": {"uv": [1, 10, 2, 9], "rotation": 90, "texture": "#0"},
				"down": {"uv": [1, 10, 2, 9], "rotation": 90, "texture": "#0"}
			}
		},
		{
			"name": "cpu_18",
			"from": [10, 14, 7.5],
			"to": [11, 15, 8.5],
			"rotation": {"angle": 0, "axis": "y", "origin": [-1, 0, 8.5]},
			"faces": {
				"north": {"uv": [14, 11, 15, 10], "rotation": 270, "texture": "#0"},
				"east": {"uv": [14, 11, 15, 10], "rotation": 270, "texture": "#0"},
				"south": {"uv": [14, 10, 15, 11], "rotation": 270, "texture": "#0"},
				"west": {"uv": [15, 11, 14, 10], "rotation": 90, "texture": "#0"},
				"up": {"uv": [14, 11, 15, 10], "rotation": 90, "texture": "#0"},
				"down": {"uv": [14, 11, 15, 10], "rotation": 90, "texture": "#0"}
			}
		},
		{
			"name": "cpu_19",
			"from": [11, 1, 7.5],
			"to": [12, 2, 8.5],
			"rotation": {"angle": 0, "axis": "y", "origin": [-1, 0, 8.5]},
			"faces": {
				"north": {"uv": [1, 12, 2, 11], "rotation": 270, "texture": "#0"},
				"east": {"uv": [1, 12, 2, 11], "rotation": 270, "texture": "#0"},
				"south": {"uv": [1, 11, 2, 12], "rotation": 270, "texture": "#0"},
				"west": {"uv": [2, 12, 1, 11], "rotation": 90, "texture": "#0"},
				"up": {"uv": [1, 12, 2, 11], "rotation": 90, "texture": "#0"},
				"down": {"uv": [1, 12, 2, 11], "rotation": 90, "texture": "#0"}
			}
		},
		{
			"name": "cpu_20",
			"from": [12, 14, 7.5],
			"to": [13, 15, 8.5],
			"rotation": {"angle": 0, "axis": "y", "origin": [-1, 0, 8.5]},
			"faces": {
				"north": {"uv": [14, 13, 15, 12], "rotation": 270, "texture": "#0"},
				"east": {"uv": [14, 13, 15, 12], "rotation": 270, "texture": "#0"},
				"south": {"uv": [14, 12, 15, 13], "rotation": 270, "texture": "#0"},
				"west": {"uv": [15, 13, 14, 12], "rotation": 90, "texture": "#0"},
				"up": {"uv": [14, 13, 15, 12], "rotation": 90, "texture": "#0"},
				"down": {"uv": [14, 13, 15, 12], "rotation": 90, "texture": "#0"}
			}
		},
		{
			"name": "cpu_21",
			"from": [14, 3, 7.5],
			"to": [15, 4, 8.5],
			"rotation": {"angle": 0, "axis": "y", "origin": [-1, 0, 8.5]},
			"faces": {
				"north": {"uv": [3, 15, 4, 14], "rotation": 270, "texture": "#0"},
				"east": {"uv": [3, 15, 4, 14], "rotation": 270, "texture": "#0"},
				"south": {"uv": [3, 14, 4, 15], "rotation": 270, "texture": "#0"},
				"west": {"uv": [4, 15, 3, 14], "rotation": 90, "texture": "#0"},
				"up": {"uv": [3, 15, 4, 14], "rotation": 90, "texture": "#0"},
				"down": {"uv": [3, 15, 4, 14], "rotation": 90, "texture": "#0"}
			}
		}
	],
	"gui_light": "front",
	"display": {
		"thirdperson_righthand": {
			"translation": [0, 3, 1],
			"scale": [0.55, 0.55, 0.55]
		},
		"thirdperson_lefthand": {
			"translation": [0, 3, 1],
			"scale": [0.55, 0.55, 0.55]
		},
		"firstperson_righthand": {
			"rotation": [0, -90, 25],
			"translation": [1.13, 3.2, 1.13],
			"scale": [0.68, 0.68, 0.68]
		},
		"firstperson_lefthand": {
			"rotation": [0, -90, 25],
			"translation": [1.13, 3.2, 1.13],
			"scale": [0.68, 0.68, 0.68]
		},
		"ground": {
			"translation": [0, 2, 0],
			"scale": [0.5, 0.5, 0.5]
		},
		"head": {
			"rotation": [90, 0, 0],
			"translation": [0, -42.4, 0],
			"scale": [1.6, 1.6, 1.6]
		},
		"fixed": {
			"rotation": [0, 180, 0]
		}
	},
	"groups": [
		{
			"name": "cpu",
			"origin": [25, 8, 16.5],
			"color": 0,
			"nbt": "{}",
			"armAnimationEnabled": false,
			"children": [0, 1, 2, 3, 4, 5, 6, 7, 8, 9, 10, 11, 12, 13, 14, 15, 16, 17, 18, 19, 20, 21]
		}
	]
}