{
	"credit": "Made with Blockbench",
	"textures": {
		"0": "expansion:items/elektromagnet",
		"particle": "expansion:items/elektromagnet"
	},
	"elements": [
		{
			"name": "elektromagnet_0",
			"from": [1, 2, 7.5],
			"to": [2, 3, 8.5],
			"rotation": {"angle": 0, "axis": "y", "origin": [0.75, 16, 8.5]},
			"faces": {
				"north": {"uv": [2, 2, 3, 1], "rotation": 270, "texture": "#0"},
				"east": {"uv": [2, 2, 3, 1], "rotation": 270, "texture": "#0"},
				"south": {"uv": [2, 1, 3, 2], "rotation": 270, "texture": "#0"},
				"west": {"uv": [3, 2, 2, 1], "rotation": 90, "texture": "#0"},
				"up": {"uv": [2, 2, 3, 1], "rotation": 90, "texture": "#0"},
				"down": {"uv": [2, 2, 3, 1], "rotation": 90, "texture": "#0"}
			}
		},
		{
			"name": "elektromagnet_1",
			"from": [1, 6, 7.5],
			"to": [5, 10, 8.5],
			"rotation": {"angle": 0, "axis": "y", "origin": [0.75, 16, 8.5]},
			"faces": {
				"north": {"uv": [6, 5, 10, 1], "rotation": 270, "texture": "#0"},
				"east": {"uv": [6, 5, 10, 4], "rotation": 270, "texture": "#0"},
				"south": {"uv": [6, 1, 10, 5], "rotation": 270, "texture": "#0"},
				"west": {"uv": [10, 2, 6, 1], "rotation": 90, "texture": "#0"},
				"up": {"uv": [9, 5, 10, 1], "rotation": 90, "texture": "#0"},
				"down": {"uv": [6, 5, 7, 1], "rotation": 90, "texture": "#0"}
			}
		},
		{
			"name": "elektromagnet_2",
			"from": [2, 1, 7.5],
			"to": [5, 2, 8.5],
			"rotation": {"angle": 0, "axis": "y", "origin": [0.75, 16, 8.5]},
			"faces": {
				"north": {"uv": [1, 5, 2, 2], "rotation": 270, "texture": "#0"},
				"east": {"uv": [1, 5, 2, 4], "rotation": 270, "texture": "#0"},
				"south": {"uv": [1, 2, 2, 5], "rotation": 270, "texture": "#0"},
				"west": {"uv": [2, 3, 1, 2], "rotation": 90, "texture": "#0"},
				"up": {"uv": [1, 5, 2, 2], "rotation": 90, "texture": "#0"},
				"down": {"uv": [1, 5, 2, 2], "rotation": 90, "texture": "#0"}
			}
		},
		{
			"name": "elektromagnet_3",
			"from": [2, 4, 7.5],
			"to": [6, 6, 8.5],
			"rotation": {"angle": 0, "axis": "y", "origin": [0.75, 16, 8.5]},
			"faces": {
				"north": {"uv": [4, 6, 6, 2], "rotation": 270, "texture": "#0"},
				"east": {"uv": [4, 6, 6, 5], "rotation": 270, "texture": "#0"},
				"south": {"uv": [4, 2, 6, 6], "rotation": 270, "texture": "#0"},
				"west": {"uv": [6, 3, 4, 2], "rotation": 90, "texture": "#0"},
				"up": {"uv": [5, 6, 6, 2], "rotation": 90, "texture": "#0"},
				"down": {"uv": [4, 6, 5, 2], "rotation": 90, "texture": "#0"}
			}
		},
		{
			"name": "elektromagnet_4",
			"from": [2, 10, 7.5],
			"to": [7, 12, 8.5],
			"rotation": {"angle": 0, "axis": "y", "origin": [0.75, 16, 8.5]},
			"faces": {
				"north": {"uv": [10, 7, 12, 2], "rotation": 270, "texture": "#0"},
				"east": {"uv": [10, 7, 12, 6], "rotation": 270, "texture": "#0"},
				"south": {"uv": [10, 2, 12, 7], "rotation": 270, "texture": "#0"},
				"west": {"uv": [12, 3, 10, 2], "rotation": 90, "texture": "#0"},
				"up": {"uv": [11, 7, 12, 2], "rotation": 90, "texture": "#0"},
				"down": {"uv": [10, 7, 11, 2], "rotation": 90, "texture": "#0"}
			}
		},
		{
			"name": "elektromagnet_5",
			"from": [3, 3, 7.5],
			"to": [13, 4, 8.5],
			"rotation": {"angle": 0, "axis": "y", "origin": [0.75, 16, 8.5]},
			"faces": {
				"north": {"uv": [3, 13, 4, 3], "rotation": 270, "texture": "#0"},
				"east": {"uv": [3, 13, 4, 12], "rotation": 270, "texture": "#0"},
				"south": {"uv": [3, 3, 4, 13], "rotation": 270, "texture": "#0"},
				"west": {"uv": [4, 4, 3, 3], "rotation": 90, "texture": "#0"},
				"up": {"uv": [3, 13, 4, 3], "rotation": 90, "texture": "#0"},
				"down": {"uv": [3, 13, 4, 3], "rotation": 90, "texture": "#0"}
			}
		},
		{
			"name": "elektromagnet_6",
			"from": [3, 12, 7.5],
			"to": [13, 13, 8.5],
			"rotation": {"angle": 0, "axis": "y", "origin": [0.75, 16, 8.5]},
			"faces": {
				"north": {"uv": [12, 13, 13, 3], "rotation": 270, "texture": "#0"},
				"east": {"uv": [12, 13, 13, 12], "rotation": 270, "texture": "#0"},
				"south": {"uv": [12, 3, 13, 13], "rotation": 270, "texture": "#0"},
				"west": {"uv": [13, 4, 12, 3], "rotation": 90, "texture": "#0"},
				"up": {"uv": [12, 13, 13, 3], "rotation": 90, "texture": "#0"},
				"down": {"uv": [12, 13, 13, 3], "rotation": 90, "texture": "#0"}
			}
		},
		{
			"name": "elektromagnet_7",
			"from": [4, 2, 7.5],
			"to": [12, 3, 8.5],
			"rotation": {"angle": 0, "axis": "y", "origin": [0.75, 16, 8.5]},
			"faces": {
				"north": {"uv": [2, 12, 3, 4], "rotation": 270, "texture": "#0"},
				"east": {"uv": [2, 12, 3, 11], "rotation": 270, "texture": "#0"},
				"south": {"uv": [2, 4, 3, 12], "rotation": 270, "texture": "#0"},
				"west": {"uv": [3, 5, 2, 4], "rotation": 90, "texture": "#0"},
				"up": {"uv": [2, 12, 3, 4], "rotation": 90, "texture": "#0"},
				"down": {"uv": [2, 12, 3, 4], "rotation": 90, "texture": "#0"}
			}
		},
		{
			"name": "elektromagnet_8",
			"from": [4, 13, 7.5],
			"to": [12, 14, 8.5],
			"rotation": {"angle": 0, "axis": "y", "origin": [0.75, 16, 8.5]},
			"faces": {
				"north": {"uv": [13, 12, 14, 4], "rotation": 270, "texture": "#0"},
				"east": {"uv": [13, 12, 14, 11], "rotation": 270, "texture": "#0"},
				"south": {"uv": [13, 4, 14, 12], "rotation": 270, "texture": "#0"},
				"west": {"uv": [14, 5, 13, 4], "rotation": 90, "texture": "#0"},
				"up": {"uv": [13, 12, 14, 4], "rotation": 90, "texture": "#0"},
				"down": {"uv": [13, 12, 14, 4], "rotation": 90, "texture": "#0"}
			}
		},
		{
			"name": "elektromagnet_9",
			"from": [5, 6, 7.5],
			"to": [6, 7, 8.5],
			"rotation": {"angle": 0, "axis": "y", "origin": [0.75, 16, 8.5]},
			"faces": {
				"north": {"uv": [6, 6, 7, 5], "rotation": 270, "texture": "#0"},
				"east": {"uv": [6, 6, 7, 5], "rotation": 270, "texture": "#0"},
				"south": {"uv": [6, 5, 7, 6], "rotation": 270, "texture": "#0"},
				"west": {"uv": [7, 6, 6, 5], "rotation": 90, "texture": "#0"},
				"up": {"uv": [6, 6, 7, 5], "rotation": 90, "texture": "#0"},
				"down": {"uv": [6, 6, 7, 5], "rotation": 90, "texture": "#0"}
			}
		},
		{
			"name": "elektromagnet_10",
			"from": [6, 1, 7.5],
			"to": [10, 2, 8.5],
			"rotation": {"angle": 0, "axis": "y", "origin": [0.75, 16, 8.5]},
			"faces": {
				"north": {"uv": [1, 10, 2, 6], "rotation": 270, "texture": "#0"},
				"east": {"uv": [1, 10, 2, 9], "rotation": 270, "texture": "#0"},
				"south": {"uv": [1, 6, 2, 10], "rotation": 270, "texture": "#0"},
				"west": {"uv": [2, 7, 1, 6], "rotation": 90, "texture": "#0"},
				"up": {"uv": [1, 10, 2, 6], "rotation": 90, "texture": "#0"},
				"down": {"uv": [1, 10, 2, 6], "rotation": 90, "texture": "#0"}
			}
		},
		{
			"name": "elektromagnet_11",
			"from": [6, 4, 7.5],
			"to": [14, 5, 8.5],
			"rotation": {"angle": 0, "axis": "y", "origin": [0.75, 16, 8.5]},
			"faces": {
				"north": {"uv": [4, 14, 5, 6], "rotation": 270, "texture": "#0"},
				"east": {"uv": [4, 14, 5, 13], "rotation": 270, "texture": "#0"},
				"south": {"uv": [4, 6, 5, 14], "rotation": 270, "texture": "#0"},
				"west": {"uv": [5, 7, 4, 6], "rotation": 90, "texture": "#0"},
				"up": {"uv": [4, 14, 5, 6], "rotation": 90, "texture": "#0"},
				"down": {"uv": [4, 14, 5, 6], "rotation": 90, "texture": "#0"}
			}
		},
		{
			"name": "elektromagnet_12",
			"from": [6, 14, 7.5],
			"to": [10, 15, 8.5],
			"rotation": {"angle": 0, "axis": "y", "origin": [0.75, 16, 8.5]},
			"faces": {
				"north": {"uv": [14, 10, 15, 6], "rotation": 270, "texture": "#0"},
				"east": {"uv": [14, 10, 15, 9], "rotation": 270, "texture": "#0"},
				"south": {"uv": [14, 6, 15, 10], "rotation": 270, "texture": "#0"},
				"west": {"uv": [15, 7, 14, 6], "rotation": 90, "texture": "#0"},
				"up": {"uv": [14, 10, 15, 6], "rotation": 90, "texture": "#0"},
				"down": {"uv": [14, 10, 15, 6], "rotation": 90, "texture": "#0"}
			}
		},
		{
			"name": "elektromagnet_13",
			"from": [7, 9, 7.5],
			"to": [9, 10, 8.5],
			"rotation": {"angle": 0, "axis": "y", "origin": [0.75, 16, 8.5]},
			"faces": {
				"north": {"uv": [9, 9, 10, 7], "rotation": 270, "texture": "#0"},
				"east": {"uv": [9, 9, 10, 8], "rotation": 270, "texture": "#0"},
				"south": {"uv": [9, 7, 10, 9], "rotation": 270, "texture": "#0"},
				"west": {"uv": [10, 8, 9, 7], "rotation": 90, "texture": "#0"},
				"up": {"uv": [9, 9, 10, 7], "rotation": 90, "texture": "#0"},
				"down": {"uv": [9, 9, 10, 7], "rotation": 90, "texture": "#0"}
			}
		},
		{
			"name": "elektromagnet_14",
			"from": [7, 11, 7.5],
			"to": [14, 12, 8.5],
			"rotation": {"angle": 0, "axis": "y", "origin": [0.75, 16, 8.5]},
			"faces": {
				"north": {"uv": [11, 14, 12, 7], "rotation": 270, "texture": "#0"},
				"east": {"uv": [11, 14, 12, 13], "rotation": 270, "texture": "#0"},
				"south": {"uv": [11, 7, 12, 14], "rotation": 270, "texture": "#0"},
				"west": {"uv": [12, 8, 11, 7], "rotation": 90, "texture": "#0"},
				"up": {"uv": [11, 14, 12, 7], "rotation": 90, "texture": "#0"},
				"down": {"uv": [11, 14, 12, 7], "rotation": 90, "texture": "#0"}
			}
		},
		{
			"name": "elektromagnet_15",
			"from": [8, 7, 7.5],
			"to": [9, 8, 8.5],
			"rotation": {"angle": 0, "axis": "y", "origin": [0.75, 16, 8.5]},
			"faces": {
				"north": {"uv": [7, 9, 8, 8], "rotation": 270, "texture": "#0"},
				"east": {"uv": [7, 9, 8, 8], "rotation": 270, "texture": "#0"},
				"south": {"uv": [7, 8, 8, 9], "rotation": 270, "texture": "#0"},
				"west": {"uv": [8, 9, 7, 8], "rotation": 90, "texture": "#0"},
				"up": {"uv": [7, 9, 8, 8], "rotation": 90, "texture": "#0"},
				"down": {"uv": [7, 9, 8, 8], "rotation": 90, "texture": "#0"}
			}
		},
		{
			"name": "elektromagnet_16",
			"from": [9, 8, 7.5],
			"to": [10, 9, 8.5],
			"rotation": {"angle": 0, "axis": "y", "origin": [0.75, 16, 8.5]},
			"faces": {
				"north": {"uv": [8, 10, 9, 9], "rotation": 270, "texture": "#0"},
				"east": {"uv": [8, 10, 9, 9], "rotation": 270, "texture": "#0"},
				"south": {"uv": [8, 9, 9, 10], "rotation": 270, "texture": "#0"},
				"west": {"uv": [9, 10, 8, 9], "rotation": 90, "texture": "#0"},
				"up": {"uv": [8, 10, 9, 9], "rotation": 90, "texture": "#0"},
				"down": {"uv": [8, 10, 9, 9], "rotation": 90, "texture": "#0"}
			}
		},
		{
			"name": "elektromagnet_17",
			"from": [10, 5, 7.5],
			"to": [14, 6, 8.5],
			"rotation": {"angle": 0, "axis": "y", "origin": [0.75, 16, 8.5]},
			"faces": {
				"north": {"uv": [5, 14, 6, 10], "rotation": 270, "texture": "#0"},
				"east": {"uv": [5, 14, 6, 13], "rotation": 270, "texture": "#0"},
				"south": {"uv": [5, 10, 6, 14], "rotation": 270, "texture": "#0"},
				"west": {"uv": [6, 11, 5, 10], "rotation": 90, "texture": "#0"},
				"up": {"uv": [5, 14, 6, 10], "rotation": 90, "texture": "#0"},
				"down": {"uv": [5, 14, 6, 10], "rotation": 90, "texture": "#0"}
			}
		},
		{
			"name": "elektromagnet_18",
			"from": [10, 10, 7.5],
			"to": [14, 11, 8.5],
			"rotation": {"angle": 0, "axis": "y", "origin": [0.75, 16, 8.5]},
			"faces": {
				"north": {"uv": [10, 14, 11, 10], "rotation": 270, "texture": "#0"},
				"east": {"uv": [10, 14, 11, 13], "rotation": 270, "texture": "#0"},
				"south": {"uv": [10, 10, 11, 14], "rotation": 270, "texture": "#0"},
				"west": {"uv": [11, 11, 10, 10], "rotation": 90, "texture": "#0"},
				"up": {"uv": [10, 14, 11, 10], "rotation": 90, "texture": "#0"},
				"down": {"uv": [10, 14, 11, 10], "rotation": 90, "texture": "#0"}
			}
		},
		{
			"name": "elektromagnet_19",
			"from": [11, 6, 7.5],
			"to": [15, 10, 8.5],
			"rotation": {"angle": 0, "axis": "y", "origin": [0.75, 16, 8.5]},
			"faces": {
				"north": {"uv": [6, 15, 10, 11], "rotation": 270, "texture": "#0"},
				"east": {"uv": [6, 15, 10, 14], "rotation": 270, "texture": "#0"},
				"south": {"uv": [6, 11, 10, 15], "rotation": 270, "texture": "#0"},
				"west": {"uv": [10, 12, 6, 11], "rotation": 90, "texture": "#0"},
				"up": {"uv": [9, 15, 10, 11], "rotation": 90, "texture": "#0"},
				"down": {"uv": [6, 15, 7, 11], "rotation": 90, "texture": "#0"}
			}
		}
	],
	"gui_light": "front",
	"display": {
		"thirdperson_righthand": {
			"translation": [0, 3, 1],
			"scale": [0.55, 0.55, 0.55]
		},
		"thirdperson_lefthand": {
			"translation": [0, 3, 1],
			"scale": [0.55, 0.55, 0.55]
		},
		"firstperson_righthand": {
			"rotation": [0, -90, 25],
			"translation": [1.13, 3.2, 1.13],
			"scale": [0.68, 0.68, 0.68]
		},
		"firstperson_lefthand": {
			"rotation": [0, -90, 25],
			"translation": [1.13, 3.2, 1.13],
			"scale": [0.68, 0.68, 0.68]
		},
		"ground": {
			"translation": [0, 2, 0],
			"scale": [0.5, 0.5, 0.5]
		},
		"head": {
			"rotation": [90, 0, 0],
			"translation": [0, -42.4, 0],
			"scale": [1.6, 1.6, 1.6]
		},
		"fixed": {
			"rotation": [0, 180, 0]
		}
	},
	"groups": [
		{
			"name": "elektromagnet",
			"origin": [8.75, 9.5, 16.5],
			"color": 0,
			"nbt": "{}",
			"armAnimationEnabled": false,
			"children": [0, 1, 2, 3, 4, 5, 6, 7, 8, 9, 10, 11, 12, 13, 14, 15, 16, 17, 18, 19]
		}
	]
}