{
	"credit": "Made with Blockbench",
	"textures": {
		"1": "expansion:items/elektromotor",
		"particle": "expansion:items/elektromotor"
	},
	"elements": [
		{
			"name": "elektromotor_0",
			"from": [7.5, 0, 7.5],
			"to": [8.5, 16, 8.5],
			"faces": {
				"north": {"uv": [8, 0, 9, 16], "rotation": 180, "texture": "#1"},
				"east": {"uv": [8, 0, 9, 16], "rotation": 180, "texture": "#1"},
				"south": {"uv": [8, 16, 9, 0], "texture": "#1"},
				"west": {"uv": [8, 0, 9, 16], "rotation": 180, "texture": "#1"},
				"up": {"uv": [8, 15, 9, 16], "texture": "#1"},
				"down": {"uv": [9, 0, 8, 1], "rotation": 180, "texture": "#1"}
			}
		},
		{
			"name": "elektromotor_1",
			"from": [5.5, 1, 7.5],
			"to": [7.5, 15, 8.5],
			"faces": {
				"north": {"uv": [6, 1, 8, 15], "rotation": 180, "texture": "#1"},
				"east": {"uv": [7, 1, 8, 15], "rotation": 180, "texture": "#1"},
				"south": {"uv": [6, 15, 8, 1], "texture": "#1"},
				"west": {"uv": [6, 1, 7, 15], "rotation": 180, "texture": "#1"},
				"up": {"uv": [6, 14, 8, 15], "texture": "#1"},
				"down": {"uv": [8, 1, 6, 2], "rotation": 180, "texture": "#1"}
			}
		},
		{
			"name": "elektromotor_2",
			"from": [8.5, 1, 7.5],
			"to": [10.5, 15, 8.5],
			"faces": {
				"north": {"uv": [9, 1, 11, 15], "rotation": 180, "texture": "#1"},
				"east": {"uv": [10, 1, 11, 15], "rotation": 180, "texture": "#1"},
				"south": {"uv": [9, 15, 11, 1], "texture": "#1"},
				"west": {"uv": [9, 1, 10, 15], "rotation": 180, "texture": "#1"},
				"up": {"uv": [9, 14, 11, 15], "texture": "#1"},
				"down": {"uv": [11, 1, 9, 2], "rotation": 180, "texture": "#1"}
			}
		},
		{
			"name": "elektromotor_3",
			"from": [4.5, 2, 7.5],
			"to": [5.5, 14, 8.5],
			"faces": {
				"north": {"uv": [5, 2, 6, 14], "rotation": 180, "texture": "#1"},
				"east": {"uv": [5, 2, 6, 14], "rotation": 180, "texture": "#1"},
				"south": {"uv": [5, 14, 6, 2], "texture": "#1"},
				"west": {"uv": [5, 2, 6, 14], "rotation": 180, "texture": "#1"},
				"up": {"uv": [5, 13, 6, 14], "texture": "#1"},
				"down": {"uv": [6, 2, 5, 3], "rotation": 180, "texture": "#1"}
			}
		},
		{
			"name": "elektromotor_4",
			"from": [10.5, 2, 7.5],
			"to": [11.5, 14, 8.5],
			"faces": {
				"north": {"uv": [11, 2, 12, 14], "rotation": 180, "texture": "#1"},
				"east": {"uv": [11, 2, 12, 14], "rotation": 180, "texture": "#1"},
				"south": {"uv": [11, 14, 12, 2], "texture": "#1"},
				"west": {"uv": [11, 2, 12, 14], "rotation": 180, "texture": "#1"},
				"up": {"uv": [11, 13, 12, 14], "texture": "#1"},
				"down": {"uv": [12, 2, 11, 3], "rotation": 180, "texture": "#1"}
			}
		},
		{
			"name": "elektromotor_5",
			"from": [3.5, 3, 7.5],
			"to": [4.5, 4, 8.5],
			"faces": {
				"north": {"uv": [4, 3, 5, 4], "rotation": 180, "texture": "#1"},
				"east": {"uv": [4, 3, 5, 4], "rotation": 180, "texture": "#1"},
				"south": {"uv": [4, 4, 5, 3], "texture": "#1"},
				"west": {"uv": [4, 3, 5, 4], "rotation": 180, "texture": "#1"},
				"up": {"uv": [4, 3, 5, 4], "texture": "#1"},
				"down": {"uv": [5, 3, 4, 4], "rotation": 180, "texture": "#1"}
			}
		},
		{
			"name": "elektromotor_6",
			"from": [11.5, 3, 7.5],
			"to": [12.5, 4, 8.5],
			"faces": {
				"north": {"uv": [12, 3, 13, 4], "rotation": 180, "texture": "#1"},
				"east": {"uv": [12, 3, 13, 4], "rotation": 180, "texture": "#1"},
				"south": {"uv": [12, 4, 13, 3], "texture": "#1"},
				"west": {"uv": [12, 3, 13, 4], "rotation": 180, "texture": "#1"},
				"up": {"uv": [12, 3, 13, 4], "texture": "#1"},
				"down": {"uv": [13, 3, 12, 4], "rotation": 180, "texture": "#1"}
			}
		},
		{
			"name": "elektromotor_7",
			"from": [3.5, 5, 7.5],
			"to": [4.5, 11, 8.5],
			"faces": {
				"north": {"uv": [4, 5, 5, 11], "rotation": 180, "texture": "#1"},
				"east": {"uv": [4, 5, 5, 11], "rotation": 180, "texture": "#1"},
				"south": {"uv": [4, 11, 5, 5], "texture": "#1"},
				"west": {"uv": [4, 5, 5, 11], "rotation": 180, "texture": "#1"},
				"up": {"uv": [4, 10, 5, 11], "texture": "#1"},
				"down": {"uv": [5, 5, 4, 6], "rotation": 180, "texture": "#1"}
			}
		},
		{
			"name": "elektromotor_8",
			"from": [11.5, 5, 7.5],
			"to": [12.5, 11, 8.5],
			"faces": {
				"north": {"uv": [12, 5, 13, 11], "rotation": 180, "texture": "#1"},
				"east": {"uv": [12, 5, 13, 11], "rotation": 180, "texture": "#1"},
				"south": {"uv": [12, 11, 13, 5], "texture": "#1"},
				"west": {"uv": [12, 5, 13, 11], "rotation": 180, "texture": "#1"},
				"up": {"uv": [12, 10, 13, 11], "texture": "#1"},
				"down": {"uv": [13, 5, 12, 6], "rotation": 180, "texture": "#1"}
			}
		},
		{
			"name": "elektromotor_9",
			"from": [3.5, 12, 7.5],
			"to": [4.5, 13, 8.5],
			"faces": {
				"north": {"uv": [4, 12, 5, 13], "rotation": 180, "texture": "#1"},
				"east": {"uv": [4, 12, 5, 13], "rotation": 180, "texture": "#1"},
				"south": {"uv": [4, 13, 5, 12], "texture": "#1"},
				"west": {"uv": [4, 12, 5, 13], "rotation": 180, "texture": "#1"},
				"up": {"uv": [4, 12, 5, 13], "texture": "#1"},
				"down": {"uv": [5, 12, 4, 13], "rotation": 180, "texture": "#1"}
			}
		},
		{
			"name": "elektromotor_10",
			"from": [11.5, 12, 7.5],
			"to": [12.5, 13, 8.5],
			"faces": {
				"north": {"uv": [12, 12, 13, 13], "rotation": 180, "texture": "#1"},
				"east": {"uv": [12, 12, 13, 13], "rotation": 180, "texture": "#1"},
				"south": {"uv": [12, 13, 13, 12], "texture": "#1"},
				"west": {"uv": [12, 12, 13, 13], "rotation": 180, "texture": "#1"},
				"up": {"uv": [12, 12, 13, 13], "texture": "#1"},
				"down": {"uv": [13, 12, 12, 13], "rotation": 180, "texture": "#1"}
			}
		}
	],
	"gui_light": "front",
	"display": {
		"thirdperson_righthand": {
			"translation": [0, 3, 1],
			"scale": [0.55, 0.55, 0.55]
		},
		"thirdperson_lefthand": {
			"translation": [0, 3, 1],
			"scale": [0.55, 0.55, 0.55]
		},
		"firstperson_righthand": {
			"rotation": [0, -90, 25],
			"translation": [1.13, 3.2, 1.13],
			"scale": [0.68, 0.68, 0.68]
		},
		"firstperson_lefthand": {
			"rotation": [0, -90, 25],
			"translation": [1.13, 3.2, 1.13],
			"scale": [0.68, 0.68, 0.68]
		},
		"ground": {
			"translation": [0, 2, 0],
			"scale": [0.5, 0.5, 0.5]
		},
		"head": {
			"rotation": [90, 0, 0],
			"translation": [0, -42.4, 0],
			"scale": [1.6, 1.6, 1.6]
		},
		"fixed": {
			"rotation": [0, 180, 0]
		}
	},
	"groups": [
		{
			"name": "elektromotor",
			"origin": [8, 8, 8],
			"color": 0,
			"nbt": "{}",
			"armAnimationEnabled": false,
			"children": [0, 1, 2, 3, 4, 5, 6, 7, 8, 9, 10]
		}
	]
}