{
	"credit": "Made with Blockbench",
	"textures": {
		"0": "expansion:items/fan",
		"particle": "expansion:items/fan"
	},
	"elements": [
		{
			"name": "fan_0",
			"from": [4, 0, 7.5],
			"to": [7, 12, 8.5],
			"rotation": {"angle": 0, "axis": "y", "origin": [0, 0, 8.5]},
			"faces": {
				"north": {"uv": [4, 0, 7, 12], "rotation": 180, "texture": "#0"},
				"east": {"uv": [6, 0, 7, 12], "rotation": 180, "texture": "#0"},
				"south": {"uv": [4, 12, 7, 0], "texture": "#0"},
				"west": {"uv": [4, 0, 5, 12], "rotation": 180, "texture": "#0"},
				"up": {"uv": [4, 11, 7, 12], "texture": "#0"},
				"down": {"uv": [7, 0, 4, 1], "rotation": 180, "texture": "#0"}
			}
		},
		{
			"name": "fan_1",
			"from": [3, 1, 7.5],
			"to": [4, 5, 8.5],
			"rotation": {"angle": 0, "axis": "y", "origin": [0, 0, 8.5]},
			"faces": {
				"north": {"uv": [3, 1, 4, 5], "rotation": 180, "texture": "#0"},
				"east": {"uv": [3, 1, 4, 5], "rotation": 180, "texture": "#0"},
				"south": {"uv": [3, 5, 4, 1], "texture": "#0"},
				"west": {"uv": [3, 1, 4, 5], "rotation": 180, "texture": "#0"},
				"up": {"uv": [3, 4, 4, 5], "texture": "#0"},
				"down": {"uv": [4, 1, 3, 2], "rotation": 180, "texture": "#0"}
			}
		},
		{
			"name": "fan_2",
			"from": [7, 1, 7.5],
			"to": [8, 14, 8.5],
			"rotation": {"angle": 0, "axis": "y", "origin": [0, 0, 8.5]},
			"faces": {
				"north": {"uv": [7, 1, 8, 14], "rotation": 180, "texture": "#0"},
				"east": {"uv": [7, 1, 8, 14], "rotation": 180, "texture": "#0"},
				"south": {"uv": [7, 14, 8, 1], "texture": "#0"},
				"west": {"uv": [7, 1, 8, 14], "rotation": 180, "texture": "#0"},
				"up": {"uv": [7, 13, 8, 14], "texture": "#0"},
				"down": {"uv": [8, 1, 7, 2], "rotation": 180, "texture": "#0"}
			}
		},
		{
			"name": "fan_3",
			"from": [2, 2, 7.5],
			"to": [3, 4, 8.5],
			"rotation": {"angle": 0, "axis": "y", "origin": [0, 0, 8.5]},
			"faces": {
				"north": {"uv": [2, 2, 3, 4], "rotation": 180, "texture": "#0"},
				"east": {"uv": [2, 2, 3, 4], "rotation": 180, "texture": "#0"},
				"south": {"uv": [2, 4, 3, 2], "texture": "#0"},
				"west": {"uv": [2, 2, 3, 4], "rotation": 180, "texture": "#0"},
				"up": {"uv": [2, 3, 3, 4], "texture": "#0"},
				"down": {"uv": [3, 2, 2, 3], "rotation": 180, "texture": "#0"}
			}
		},
		{
			"name": "fan_4",
			"from": [8, 2, 7.5],
			"to": [9, 15, 8.5],
			"rotation": {"angle": 0, "axis": "y", "origin": [0, 0, 8.5]},
			"faces": {
				"north": {"uv": [8, 2, 9, 15], "rotation": 180, "texture": "#0"},
				"east": {"uv": [8, 2, 9, 15], "rotation": 180, "texture": "#0"},
				"south": {"uv": [8, 15, 9, 2], "texture": "#0"},
				"west": {"uv": [8, 2, 9, 15], "rotation": 180, "texture": "#0"},
				"up": {"uv": [8, 14, 9, 15], "texture": "#0"},
				"down": {"uv": [9, 2, 8, 3], "rotation": 180, "texture": "#0"}
			}
		},
		{
			"name": "fan_5",
			"from": [12, 2, 7.5],
			"to": [14, 9, 8.5],
			"rotation": {"angle": 0, "axis": "y", "origin": [0, 0, 8.5]},
			"faces": {
				"north": {"uv": [12, 2, 14, 9], "rotation": 180, "texture": "#0"},
				"east": {"uv": [13, 2, 14, 9], "rotation": 180, "texture": "#0"},
				"south": {"uv": [12, 9, 14, 2], "texture": "#0"},
				"west": {"uv": [12, 2, 13, 9], "rotation": 180, "texture": "#0"},
				"up": {"uv": [12, 8, 14, 9], "texture": "#0"},
				"down": {"uv": [14, 2, 12, 3], "rotation": 180, "texture": "#0"}
			}
		},
		{
			"name": "fan_6",
			"from": [9, 3, 7.5],
			"to": [10, 16, 8.5],
			"rotation": {"angle": 0, "axis": "y", "origin": [0, 0, 8.5]},
			"faces": {
				"north": {"uv": [9, 3, 10, 16], "rotation": 180, "texture": "#0"},
				"east": {"uv": [9, 3, 10, 16], "rotation": 180, "texture": "#0"},
				"south": {"uv": [9, 16, 10, 3], "texture": "#0"},
				"west": {"uv": [9, 3, 10, 16], "rotation": 180, "texture": "#0"},
				"up": {"uv": [9, 15, 10, 16], "texture": "#0"},
				"down": {"uv": [10, 3, 9, 4], "rotation": 180, "texture": "#0"}
			}
		},
		{
			"name": "fan_7",
			"from": [11, 3, 7.5],
			"to": [12, 16, 8.5],
			"rotation": {"angle": 0, "axis": "y", "origin": [0, 0, 8.5]},
			"faces": {
				"north": {"uv": [11, 3, 12, 16], "rotation": 180, "texture": "#0"},
				"east": {"uv": [11, 3, 12, 16], "rotation": 180, "texture": "#0"},
				"south": {"uv": [11, 16, 12, 3], "texture": "#0"},
				"west": {"uv": [11, 3, 12, 16], "rotation": 180, "texture": "#0"},
				"up": {"uv": [11, 15, 12, 16], "texture": "#0"},
				"down": {"uv": [12, 3, 11, 4], "rotation": 180, "texture": "#0"}
			}
		},
		{
			"name": "fan_8",
			"from": [14, 3, 7.5],
			"to": [15, 8, 8.5],
			"rotation": {"angle": 0, "axis": "y", "origin": [0, 0, 8.5]},
			"faces": {
				"north": {"uv": [14, 3, 15, 8], "rotation": 180, "texture": "#0"},
				"east": {"uv": [14, 3, 15, 8], "rotation": 180, "texture": "#0"},
				"south": {"uv": [14, 8, 15, 3], "texture": "#0"},
				"west": {"uv": [14, 3, 15, 8], "rotation": 180, "texture": "#0"},
				"up": {"uv": [14, 7, 15, 8], "texture": "#0"},
				"down": {"uv": [15, 3, 14, 4], "rotation": 180, "texture": "#0"}
			}
		},
		{
			"name": "fan_9",
			"from": [10, 4, 7.5],
			"to": [11, 16, 8.5],
			"rotation": {"angle": 0, "axis": "y", "origin": [0, 0, 8.5]},
			"faces": {
				"north": {"uv": [10, 4, 11, 16], "rotation": 180, "texture": "#0"},
				"east": {"uv": [10, 4, 11, 16], "rotation": 180, "texture": "#0"},
				"south": {"uv": [10, 16, 11, 4], "texture": "#0"},
				"west": {"uv": [10, 4, 11, 16], "rotation": 180, "texture": "#0"},
				"up": {"uv": [10, 15, 11, 16], "texture": "#0"},
				"down": {"uv": [11, 4, 10, 5], "rotation": 180, "texture": "#0"}
			}
		},
		{
			"name": "fan_10",
			"from": [15, 4, 7.5],
			"to": [16, 7, 8.5],
			"rotation": {"angle": 0, "axis": "y", "origin": [0, 0, 8.5]},
			"faces": {
				"north": {"uv": [15, 4, 16, 7], "rotation": 180, "texture": "#0"},
				"east": {"uv": [15, 4, 16, 7], "rotation": 180, "texture": "#0"},
				"south": {"uv": [15, 7, 16, 4], "texture": "#0"},
				"west": {"uv": [15, 4, 16, 7], "rotation": 180, "texture": "#0"},
				"up": {"uv": [15, 6, 16, 7], "texture": "#0"},
				"down": {"uv": [16, 4, 15, 5], "rotation": 180, "texture": "#0"}
			}
		},
		{
			"name": "fan_11",
			"from": [3, 6, 7.5],
			"to": [4, 14, 8.5],
			"rotation": {"angle": 0, "axis": "y", "origin": [0, 0, 8.5]},
			"faces": {
				"north": {"uv": [3, 6, 4, 14], "rotation": 180, "texture": "#0"},
				"east": {"uv": [3, 6, 4, 14], "rotation": 180, "texture": "#0"},
				"south": {"uv": [3, 14, 4, 6], "texture": "#0"},
				"west": {"uv": [3, 6, 4, 14], "rotation": 180, "texture": "#0"},
				"up": {"uv": [3, 13, 4, 14], "texture": "#0"},
				"down": {"uv": [4, 6, 3, 7], "rotation": 180, "texture": "#0"}
			}
		},
		{
			"name": "fan_12",
			"from": [2, 7, 7.5],
			"to": [3, 14, 8.5],
			"rotation": {"angle": 0, "axis": "y", "origin": [0, 0, 8.5]},
			"faces": {
				"north": {"uv": [2, 7, 3, 14], "rotation": 180, "texture": "#0"},
				"east": {"uv": [2, 7, 3, 14], "rotation": 180, "texture": "#0"},
				"south": {"uv": [2, 14, 3, 7], "texture": "#0"},
				"west": {"uv": [2, 7, 3, 14], "rotation": 180, "texture": "#0"},
				"up": {"uv": [2, 13, 3, 14], "texture": "#0"},
				"down": {"uv": [3, 7, 2, 8], "rotation": 180, "texture": "#0"}
			}
		},
		{
			"name": "fan_13",
			"from": [1, 8, 7.5],
			"to": [2, 13, 8.5],
			"rotation": {"angle": 0, "axis": "y", "origin": [0, 0, 8.5]},
			"faces": {
				"north": {"uv": [1, 8, 2, 13], "rotation": 180, "texture": "#0"},
				"east": {"uv": [1, 8, 2, 13], "rotation": 180, "texture": "#0"},
				"south": {"uv": [1, 13, 2, 8], "texture": "#0"},
				"west": {"uv": [1, 8, 2, 13], "rotation": 180, "texture": "#0"},
				"up": {"uv": [1, 12, 2, 13], "texture": "#0"},
				"down": {"uv": [2, 8, 1, 9], "rotation": 180, "texture": "#0"}
			}
		},
		{
			"name": "fan_14",
			"from": [0, 9, 7.5],
			"to": [1, 12, 8.5],
			"rotation": {"angle": 0, "axis": "y", "origin": [0, 0, 8.5]},
			"faces": {
				"north": {"uv": [0, 9, 1, 12], "rotation": 180, "texture": "#0"},
				"east": {"uv": [0, 9, 1, 12], "rotation": 180, "texture": "#0"},
				"south": {"uv": [0, 12, 1, 9], "texture": "#0"},
				"west": {"uv": [0, 9, 1, 12], "rotation": 180, "texture": "#0"},
				"up": {"uv": [0, 11, 1, 12], "texture": "#0"},
				"down": {"uv": [1, 9, 0, 10], "rotation": 180, "texture": "#0"}
			}
		},
		{
			"name": "fan_15",
			"from": [12, 9, 7.5],
			"to": [13, 10, 8.5],
			"rotation": {"angle": 0, "axis": "y", "origin": [0, 0, 8.5]},
			"faces": {
				"north": {"uv": [12, 9, 13, 10], "rotation": 180, "texture": "#0"},
				"east": {"uv": [12, 9, 13, 10], "rotation": 180, "texture": "#0"},
				"south": {"uv": [12, 10, 13, 9], "texture": "#0"},
				"west": {"uv": [12, 9, 13, 10], "rotation": 180, "texture": "#0"},
				"up": {"uv": [12, 9, 13, 10], "texture": "#0"},
				"down": {"uv": [13, 9, 12, 10], "rotation": 180, "texture": "#0"}
			}
		},
		{
			"name": "fan_16",
			"from": [12, 11, 7.5],
			"to": [13, 15, 8.5],
			"rotation": {"angle": 0, "axis": "y", "origin": [0, 0, 8.5]},
			"faces": {
				"north": {"uv": [12, 11, 13, 15], "rotation": 180, "texture": "#0"},
				"east": {"uv": [12, 11, 13, 15], "rotation": 180, "texture": "#0"},
				"south": {"uv": [12, 15, 13, 11], "texture": "#0"},
				"west": {"uv": [12, 11, 13, 15], "rotation": 180, "texture": "#0"},
				"up": {"uv": [12, 14, 13, 15], "texture": "#0"},
				"down": {"uv": [13, 11, 12, 12], "rotation": 180, "texture": "#0"}
			}
		},
		{
			"name": "fan_17",
			"from": [4, 12, 7.5],
			"to": [5, 13, 8.5],
			"rotation": {"angle": 0, "axis": "y", "origin": [0, 0, 8.5]},
			"faces": {
				"north": {"uv": [4, 12, 5, 13], "rotation": 180, "texture": "#0"},
				"east": {"uv": [4, 12, 5, 13], "rotation": 180, "texture": "#0"},
				"south": {"uv": [4, 13, 5, 12], "texture": "#0"},
				"west": {"uv": [4, 12, 5, 13], "rotation": 180, "texture": "#0"},
				"up": {"uv": [4, 12, 5, 13], "texture": "#0"},
				"down": {"uv": [5, 12, 4, 13], "rotation": 180, "texture": "#0"}
			}
		},
		{
			"name": "fan_18",
			"from": [6, 12, 7.5],
			"to": [7, 13, 8.5],
			"rotation": {"angle": 0, "axis": "y", "origin": [0, 0, 8.5]},
			"faces": {
				"north": {"uv": [6, 12, 7, 13], "rotation": 180, "texture": "#0"},
				"east": {"uv": [6, 12, 7, 13], "rotation": 180, "texture": "#0"},
				"south": {"uv": [6, 13, 7, 12], "texture": "#0"},
				"west": {"uv": [6, 12, 7, 13], "rotation": 180, "texture": "#0"},
				"up": {"uv": [6, 12, 7, 13], "texture": "#0"},
				"down": {"uv": [7, 12, 6, 13], "rotation": 180, "texture": "#0"}
			}
		},
		{
			"name": "fan_19",
			"from": [13, 12, 7.5],
			"to": [14, 14, 8.5],
			"rotation": {"angle": 0, "axis": "y", "origin": [0, 0, 8.5]},
			"faces": {
				"north": {"uv": [13, 12, 14, 14], "rotation": 180, "texture": "#0"},
				"east": {"uv": [13, 12, 14, 14], "rotation": 180, "texture": "#0"},
				"south": {"uv": [13, 14, 14, 12], "texture": "#0"},
				"west": {"uv": [13, 12, 14, 14], "rotation": 180, "texture": "#0"},
				"up": {"uv": [13, 13, 14, 14], "texture": "#0"},
				"down": {"uv": [14, 12, 13, 13], "rotation": 180, "texture": "#0"}
			}
		}
	],
	"gui_light": "front",
	"display": {
		"thirdperson_righthand": {
			"translation": [0, 3, 1],
			"scale": [0.55, 0.55, 0.55]
		},
		"thirdperson_lefthand": {
			"translation": [0, 3, 1],
			"scale": [0.55, 0.55, 0.55]
		},
		"firstperson_righthand": {
			"rotation": [0, -90, 25],
			"translation": [1.13, 3.2, 1.13],
			"scale": [0.68, 0.68, 0.68]
		},
		"firstperson_lefthand": {
			"rotation": [0, -90, 25],
			"translation": [1.13, 3.2, 1.13],
			"scale": [0.68, 0.68, 0.68]
		},
		"ground": {
			"translation": [0, 2, 0],
			"scale": [0.5, 0.5, 0.5]
		},
		"head": {
			"rotation": [90, 0, 0],
			"translation": [0, -42.4, 0],
			"scale": [1.6, 1.6, 1.6]
		},
		"fixed": {
			"rotation": [0, 180, 0]
		}
	},
	"groups": [
		{
			"name": "fan",
			"origin": [8, 8, 16.5],
			"color": 0,
			"nbt": "{}",
			"armAnimationEnabled": false,
			"children": [0, 1, 2, 3, 4, 5, 6, 7, 8, 9, 10, 11, 12, 13, 14, 15, 16, 17, 18, 19]
		}
	]
}