{
	"credit": "Made with Blockbench",
	"textures": {
		"1": "expansion:items/raw_titanium",
		"particle": "expansion:items/raw_titanium"
	},
	"elements": [
		{
			"name": "raw_titanium_0",
			"from": [7, 3, 7],
			"to": [10, 14, 8],
			"faces": {
				"north": {"uv": [8, 13, 11, 2], "rotation": 180, "texture": "#1"},
				"east": {"uv": [10, 2, 11, 13], "texture": "#1"},
				"south": {"uv": [8, 2, 11, 13], "texture": "#1"},
				"west": {"uv": [8, 2, 9, 13], "texture": "#1"},
				"up": {"uv": [11, 2, 8, 3], "rotation": 180, "texture": "#1"},
				"down": {"uv": [8, 12, 11, 13], "texture": "#1"}
			}
		},
		{
			"name": "raw_titanium_1",
			"from": [6, 3, 7],
			"to": [7, 13, 8],
			"faces": {
				"north": {"uv": [7, 13, 8, 3], "rotation": 180, "texture": "#1"},
				"east": {"uv": [7, 3, 8, 13], "texture": "#1"},
				"south": {"uv": [7, 3, 8, 13], "texture": "#1"},
				"west": {"uv": [7, 3, 8, 13], "texture": "#1"},
				"up": {"uv": [8, 3, 7, 4], "rotation": 180, "texture": "#1"},
				"down": {"uv": [7, 12, 8, 13], "texture": "#1"}
			}
		},
		{
			"name": "raw_titanium_2",
			"from": [10, 2, 7],
			"to": [11, 13, 8],
			"faces": {
				"north": {"uv": [11, 14, 12, 3], "rotation": 180, "texture": "#1"},
				"east": {"uv": [11, 3, 12, 14], "texture": "#1"},
				"south": {"uv": [11, 3, 12, 14], "texture": "#1"},
				"west": {"uv": [11, 3, 12, 14], "texture": "#1"},
				"up": {"uv": [12, 3, 11, 4], "rotation": 180, "texture": "#1"},
				"down": {"uv": [11, 13, 12, 14], "texture": "#1"}
			}
		},
		{
			"name": "raw_titanium_3",
			"from": [4, 3, 7],
			"to": [6, 12, 8],
			"faces": {
				"north": {"uv": [5, 13, 7, 4], "rotation": 180, "texture": "#1"},
				"east": {"uv": [6, 4, 7, 13], "texture": "#1"},
				"south": {"uv": [5, 4, 7, 13], "texture": "#1"},
				"west": {"uv": [5, 4, 6, 13], "texture": "#1"},
				"up": {"uv": [7, 4, 5, 5], "rotation": 180, "texture": "#1"},
				"down": {"uv": [5, 12, 7, 13], "texture": "#1"}
			}
		},
		{
			"name": "raw_titanium_4",
			"from": [11, 2, 7],
			"to": [12, 12, 8],
			"faces": {
				"north": {"uv": [12, 14, 13, 4], "rotation": 180, "texture": "#1"},
				"east": {"uv": [12, 4, 13, 14], "texture": "#1"},
				"south": {"uv": [12, 4, 13, 14], "texture": "#1"},
				"west": {"uv": [12, 4, 13, 14], "texture": "#1"},
				"up": {"uv": [13, 4, 12, 5], "rotation": 180, "texture": "#1"},
				"down": {"uv": [12, 13, 13, 14], "texture": "#1"}
			}
		},
		{
			"name": "raw_titanium_5",
			"from": [3, 2, 7],
			"to": [4, 11, 8],
			"faces": {
				"north": {"uv": [4, 14, 5, 5], "rotation": 180, "texture": "#1"},
				"east": {"uv": [4, 5, 5, 14], "texture": "#1"},
				"south": {"uv": [4, 5, 5, 14], "texture": "#1"},
				"west": {"uv": [4, 5, 5, 14], "texture": "#1"},
				"up": {"uv": [5, 5, 4, 6], "rotation": 180, "texture": "#1"},
				"down": {"uv": [4, 13, 5, 14], "texture": "#1"}
			}
		},
		{
			"name": "raw_titanium_6",
			"from": [2, 2, 7],
			"to": [3, 10, 8],
			"faces": {
				"north": {"uv": [3, 14, 4, 6], "rotation": 180, "texture": "#1"},
				"east": {"uv": [3, 6, 4, 14], "texture": "#1"},
				"south": {"uv": [3, 6, 4, 14], "texture": "#1"},
				"west": {"uv": [3, 6, 4, 14], "texture": "#1"},
				"up": {"uv": [4, 6, 3, 7], "rotation": 180, "texture": "#1"},
				"down": {"uv": [3, 13, 4, 14], "texture": "#1"}
			}
		},
		{
			"name": "raw_titanium_7",
			"from": [12, 2, 7],
			"to": [13, 9, 8],
			"faces": {
				"north": {"uv": [13, 14, 14, 7], "rotation": 180, "texture": "#1"},
				"east": {"uv": [13, 7, 14, 14], "texture": "#1"},
				"south": {"uv": [13, 7, 14, 14], "texture": "#1"},
				"west": {"uv": [13, 7, 14, 14], "texture": "#1"},
				"up": {"uv": [14, 7, 13, 8], "rotation": 180, "texture": "#1"},
				"down": {"uv": [13, 13, 14, 14], "texture": "#1"}
			}
		},
		{
			"name": "raw_titanium_8",
			"from": [1, 3, 7],
			"to": [2, 8, 8],
			"faces": {
				"north": {"uv": [2, 13, 3, 8], "rotation": 180, "texture": "#1"},
				"east": {"uv": [2, 8, 3, 13], "texture": "#1"},
				"south": {"uv": [2, 8, 3, 13], "texture": "#1"},
				"west": {"uv": [2, 8, 3, 13], "texture": "#1"},
				"up": {"uv": [3, 8, 2, 9], "rotation": 180, "texture": "#1"},
				"down": {"uv": [2, 12, 3, 13], "texture": "#1"}
			}
		},
		{
			"name": "raw_titanium_9",
			"from": [13, 3, 7],
			"to": [14, 8, 8],
			"faces": {
				"north": {"uv": [14, 13, 15, 8], "rotation": 180, "texture": "#1"},
				"east": {"uv": [14, 8, 15, 13], "texture": "#1"},
				"south": {"uv": [14, 8, 15, 13], "texture": "#1"},
				"west": {"uv": [14, 8, 15, 13], "texture": "#1"},
				"up": {"uv": [15, 8, 14, 9], "rotation": 180, "texture": "#1"},
				"down": {"uv": [14, 12, 15, 13], "texture": "#1"}
			}
		},
		{
			"name": "raw_titanium_10",
			"from": [0, 5, 7],
			"to": [1, 7, 8],
			"faces": {
				"north": {"uv": [1, 11, 2, 9], "rotation": 180, "texture": "#1"},
				"east": {"uv": [1, 9, 2, 11], "texture": "#1"},
				"south": {"uv": [1, 9, 2, 11], "texture": "#1"},
				"west": {"uv": [1, 9, 2, 11], "texture": "#1"},
				"up": {"uv": [2, 9, 1, 10], "rotation": 180, "texture": "#1"},
				"down": {"uv": [1, 10, 2, 11], "texture": "#1"}
			}
		},
		{
			"name": "raw_titanium_11",
			"from": [14, 4, 7],
			"to": [15, 7, 8],
			"faces": {
				"north": {"uv": [15, 12, 16, 9], "rotation": 180, "texture": "#1"},
				"east": {"uv": [15, 9, 16, 12], "texture": "#1"},
				"south": {"uv": [15, 9, 16, 12], "texture": "#1"},
				"west": {"uv": [15, 9, 16, 12], "texture": "#1"},
				"up": {"uv": [16, 9, 15, 10], "rotation": 180, "texture": "#1"},
				"down": {"uv": [15, 11, 16, 12], "texture": "#1"}
			}
		},
		{
			"name": "raw_titanium_12",
			"from": [4, 2, 7],
			"to": [5, 3, 8],
			"faces": {
				"north": {"uv": [5, 14, 6, 13], "rotation": 180, "texture": "#1"},
				"east": {"uv": [5, 13, 6, 14], "texture": "#1"},
				"south": {"uv": [5, 13, 6, 14], "texture": "#1"},
				"west": {"uv": [5, 13, 6, 14], "texture": "#1"},
				"up": {"uv": [6, 13, 5, 14], "rotation": 180, "texture": "#1"},
				"down": {"uv": [5, 13, 6, 14], "texture": "#1"}
			}
		},
		{
			"name": "raw_titanium_13",
			"from": [8, 2, 7],
			"to": [10, 3, 8],
			"faces": {
				"north": {"uv": [9, 14, 11, 13], "rotation": 180, "texture": "#1"},
				"east": {"uv": [10, 13, 11, 14], "texture": "#1"},
				"south": {"uv": [9, 13, 11, 14], "texture": "#1"},
				"west": {"uv": [9, 13, 10, 14], "texture": "#1"},
				"up": {"uv": [11, 13, 9, 14], "rotation": 180, "texture": "#1"},
				"down": {"uv": [9, 13, 11, 14], "texture": "#1"}
			}
		}
	],
	"gui_light": "front",
	"display": {
		"thirdperson_righthand": {
			"translation": [0, 3, 1],
			"scale": [0.55, 0.55, 0.55]
		},
		"thirdperson_lefthand": {
			"translation": [0, 3, 1],
			"scale": [0.55, 0.55, 0.55]
		},
		"firstperson_righthand": {
			"rotation": [0, -90, 25],
			"translation": [1.13, 3.2, 1.13],
			"scale": [0.68, 0.68, 0.68]
		},
		"firstperson_lefthand": {
			"rotation": [0, -90, 25],
			"translation": [1.13, 3.2, 1.13],
			"scale": [0.68, 0.68, 0.68]
		},
		"ground": {
			"translation": [0, 2, 0],
			"scale": [0.5, 0.5, 0.5]
		},
		"head": {
			"rotation": [0, 180, 0],
			"translation": [0, 13, 7]
		},
		"fixed": {
			"rotation": [0, 180, 0]
		}
	},
	"groups": [
		{
			"name": "raw_titanium",
			"origin": [8, 8, 8],
			"color": 0,
			"nbt": "{}",
			"armAnimationEnabled": false,
			"children": [0, 1, 2, 3, 4, 5, 6, 7, 8, 9, 10, 11, 12, 13]
		}
	]
}