{
	"credit": "Made with Blockbench",
	"textures": {
		"1": "expansion:guides/basic_guide/rocket_cockpit_displayitem",
		"particle": "expansion:guides/basic_guide/rocket_cockpit_displayitem"
	},
	"elements": [
		{
			"name": "rocket_cockpit_displayitem_0",
			"from": [5, 0, 7.5],
			"to": [11, 16, 8.5],
			"rotation": {"angle": 0, "axis": "y", "origin": [0, 0, 7.5]},
			"faces": {
				"north": {"uv": [11, 0, 5, 16], "texture": "#1"},
				"east": {"uv": [10, 0, 11, 16], "texture": "#1"},
				"south": {"uv": [5, 0, 11, 16], "texture": "#1"},
				"west": {"uv": [5, 0, 6, 16], "texture": "#1"},
				"up": {"uv": [5, 0, 11, 1], "texture": "#1"},
				"down": {"uv": [5, 15, 11, 16], "texture": "#1"}
			}
		},
		{
			"name": "rocket_cockpit_displayitem_1",
			"from": [3, 1, 7.5],
			"to": [5, 15, 8.5],
			"rotation": {"angle": 0, "axis": "y", "origin": [0, 0, 7.5]},
			"faces": {
				"north": {"uv": [5, 1, 3, 15], "texture": "#1"},
				"east": {"uv": [4, 1, 5, 15], "texture": "#1"},
				"south": {"uv": [3, 1, 5, 15], "texture": "#1"},
				"west": {"uv": [3, 1, 4, 15], "texture": "#1"},
				"up": {"uv": [3, 1, 5, 2], "texture": "#1"},
				"down": {"uv": [3, 14, 5, 15], "texture": "#1"}
			}
		},
		{
			"name": "rocket_cockpit_displayitem_2",
			"from": [11, 1, 7.5],
			"to": [13, 15, 8.5],
			"rotation": {"angle": 0, "axis": "y", "origin": [0, 0, 7.5]},
			"faces": {
				"north": {"uv": [13, 1, 11, 15], "texture": "#1"},
				"east": {"uv": [12, 1, 13, 15], "texture": "#1"},
				"south": {"uv": [11, 1, 13, 15], "texture": "#1"},
				"west": {"uv": [11, 1, 12, 15], "texture": "#1"},
				"up": {"uv": [11, 1, 13, 2], "texture": "#1"},
				"down": {"uv": [11, 14, 13, 15], "texture": "#1"}
			}
		},
		{
			"name": "rocket_cockpit_displayitem_3",
			"from": [2, 2, 7.5],
			"to": [3, 14, 8.5],
			"rotation": {"angle": 0, "axis": "y", "origin": [0, 0, 7.5]},
			"faces": {
				"north": {"uv": [3, 2, 2, 14], "texture": "#1"},
				"east": {"uv": [2, 2, 3, 14], "texture": "#1"},
				"south": {"uv": [2, 2, 3, 14], "texture": "#1"},
				"west": {"uv": [2, 2, 3, 14], "texture": "#1"},
				"up": {"uv": [2, 2, 3, 3], "texture": "#1"},
				"down": {"uv": [2, 13, 3, 14], "texture": "#1"}
			}
		},
		{
			"name": "rocket_cockpit_displayitem_4",
			"from": [13, 2, 7.5],
			"to": [14, 14, 8.5],
			"rotation": {"angle": 0, "axis": "y", "origin": [0, 0, 7.5]},
			"faces": {
				"north": {"uv": [14, 2, 13, 14], "texture": "#1"},
				"east": {"uv": [13, 2, 14, 14], "texture": "#1"},
				"south": {"uv": [13, 2, 14, 14], "texture": "#1"},
				"west": {"uv": [13, 2, 14, 14], "texture": "#1"},
				"up": {"uv": [13, 2, 14, 3], "texture": "#1"},
				"down": {"uv": [13, 13, 14, 14], "texture": "#1"}
			}
		},
		{
			"name": "rocket_cockpit_displayitem_5",
			"from": [1, 2, 7.5],
			"to": [2, 5, 8.5],
			"rotation": {"angle": 0, "axis": "y", "origin": [0, 0, 7.5]},
			"faces": {
				"north": {"uv": [2, 11, 1, 14], "texture": "#1"},
				"east": {"uv": [1, 11, 2, 14], "texture": "#1"},
				"south": {"uv": [1, 11, 2, 14], "texture": "#1"},
				"west": {"uv": [1, 11, 2, 14], "texture": "#1"},
				"up": {"uv": [1, 11, 2, 12], "texture": "#1"},
				"down": {"uv": [1, 13, 2, 14], "texture": "#1"}
			}
		},
		{
			"name": "rocket_cockpit_displayitem_6",
			"from": [14, 2, 7.5],
			"to": [15, 5, 8.5],
			"rotation": {"angle": 0, "axis": "y", "origin": [0, 0, 7.5]},
			"faces": {
				"north": {"uv": [15, 11, 14, 14], "texture": "#1"},
				"east": {"uv": [14, 11, 15, 14], "texture": "#1"},
				"south": {"uv": [14, 11, 15, 14], "texture": "#1"},
				"west": {"uv": [14, 11, 15, 14], "texture": "#1"},
				"up": {"uv": [14, 11, 15, 12], "texture": "#1"},
				"down": {"uv": [14, 13, 15, 14], "texture": "#1"}
			}
		}
	],
	"gui_light": "front",
	"display": {
		"thirdperson_righthand": {
			"translation": [0, 3, 1],
			"scale": [0.55, 0.55, 0.55]
		},
		"thirdperson_lefthand": {
			"translation": [0, 3, 1],
			"scale": [0.55, 0.55, 0.55]
		},
		"firstperson_righthand": {
			"rotation": [0, -90, 25],
			"translation": [1.13, 3.2, 1.13],
			"scale": [0.68, 0.68, 0.68]
		},
		"firstperson_lefthand": {
			"rotation": [0, -90, 25],
			"translation": [1.13, 3.2, 1.13],
			"scale": [0.68, 0.68, 0.68]
		},
		"ground": {
			"translation": [0, 2, 0],
			"scale": [0.5, 0.5, 0.5]
		},
		"head": {
			"rotation": [90, 0, 0],
			"translation": [0, -42.4, 0],
			"scale": [1.6, 1.6, 1.6]
		},
		"fixed": {
			"rotation": [0, 180, 0]
		}
	},
	"groups": [
		{
			"name": "rocket_cockpit_displayitem",
			"origin": [8, 8, 8],
			"color": 0,
			"nbt": "{}",
			"armAnimationEnabled": false,
			"children": [0, 1, 2, 3, 4, 5, 6]
		}
	]
}