{
	"credit": "Made with Blockbench",
	"textures": {
		"1": "expansion:guides/basic_guide/spaceship_nose_displayitem",
		"particle": "expansion:guides/basic_guide/spaceship_nose_displayitem"
	},
	"elements": [
		{
			"name": "spaceship_nose_displayitem_0",
			"from": [7, 0, 7.5],
			"to": [9, 16, 8.5],
			"faces": {
				"north": {"uv": [9, 0, 7, 16], "texture": "#1"},
				"east": {"uv": [8, 0, 9, 16], "texture": "#1"},
				"south": {"uv": [7, 0, 9, 16], "texture": "#1"},
				"west": {"uv": [7, 0, 8, 16], "texture": "#1"},
				"up": {"uv": [7, 0, 9, 1], "texture": "#1"},
				"down": {"uv": [7, 15, 9, 16], "texture": "#1"}
			}
		},
		{
			"name": "spaceship_nose_displayitem_1",
			"from": [6, 0, 7.5],
			"to": [7, 15, 8.5],
			"faces": {
				"north": {"uv": [7, 1, 6, 16], "texture": "#1"},
				"east": {"uv": [6, 1, 7, 16], "texture": "#1"},
				"south": {"uv": [6, 1, 7, 16], "texture": "#1"},
				"west": {"uv": [6, 1, 7, 16], "texture": "#1"},
				"up": {"uv": [6, 1, 7, 2], "texture": "#1"},
				"down": {"uv": [6, 15, 7, 16], "texture": "#1"}
			}
		},
		{
			"name": "spaceship_nose_displayitem_2",
			"from": [9, 0, 7.5],
			"to": [10, 15, 8.5],
			"faces": {
				"north": {"uv": [10, 1, 9, 16], "texture": "#1"},
				"east": {"uv": [9, 1, 10, 16], "texture": "#1"},
				"south": {"uv": [9, 1, 10, 16], "texture": "#1"},
				"west": {"uv": [9, 1, 10, 16], "texture": "#1"},
				"up": {"uv": [9, 1, 10, 2], "texture": "#1"},
				"down": {"uv": [9, 15, 10, 16], "texture": "#1"}
			}
		},
		{
			"name": "spaceship_nose_displayitem_3",
			"from": [5, 0, 7.5],
			"to": [6, 13, 8.5],
			"faces": {
				"north": {"uv": [6, 3, 5, 16], "texture": "#1"},
				"east": {"uv": [5, 3, 6, 16], "texture": "#1"},
				"south": {"uv": [5, 3, 6, 16], "texture": "#1"},
				"west": {"uv": [5, 3, 6, 16], "texture": "#1"},
				"up": {"uv": [5, 3, 6, 4], "texture": "#1"},
				"down": {"uv": [5, 15, 6, 16], "texture": "#1"}
			}
		},
		{
			"name": "spaceship_nose_displayitem_4",
			"from": [10, 0, 7.5],
			"to": [11, 13, 8.5],
			"faces": {
				"north": {"uv": [11, 3, 10, 16], "texture": "#1"},
				"east": {"uv": [10, 3, 11, 16], "texture": "#1"},
				"south": {"uv": [10, 3, 11, 16], "texture": "#1"},
				"west": {"uv": [10, 3, 11, 16], "texture": "#1"},
				"up": {"uv": [10, 3, 11, 4], "texture": "#1"},
				"down": {"uv": [10, 15, 11, 16], "texture": "#1"}
			}
		},
		{
			"name": "spaceship_nose_displayitem_5",
			"from": [0, 0, 7.5],
			"to": [5, 12, 8.5],
			"faces": {
				"north": {"uv": [5, 4, 0, 16], "texture": "#1"},
				"east": {"uv": [4, 4, 5, 16], "texture": "#1"},
				"south": {"uv": [0, 4, 5, 16], "texture": "#1"},
				"west": {"uv": [0, 4, 1, 16], "texture": "#1"},
				"up": {"uv": [0, 4, 5, 5], "texture": "#1"},
				"down": {"uv": [0, 15, 5, 16], "texture": "#1"}
			}
		},
		{
			"name": "spaceship_nose_displayitem_6",
			"from": [11, 0, 7.5],
			"to": [16, 12, 8.5],
			"faces": {
				"north": {"uv": [16, 4, 11, 16], "texture": "#1"},
				"east": {"uv": [15, 4, 16, 16], "texture": "#1"},
				"south": {"uv": [11, 4, 16, 16], "texture": "#1"},
				"west": {"uv": [11, 4, 12, 16], "texture": "#1"},
				"up": {"uv": [11, 4, 16, 5], "texture": "#1"},
				"down": {"uv": [11, 15, 16, 16], "texture": "#1"}
			}
		}
	],
	"gui_light": "front",
	"display": {
		"thirdperson_righthand": {
			"translation": [0, 3, 1],
			"scale": [0.55, 0.55, 0.55]
		},
		"thirdperson_lefthand": {
			"translation": [0, 3, 1],
			"scale": [0.55, 0.55, 0.55]
		},
		"firstperson_righthand": {
			"rotation": [0, -90, 25],
			"translation": [1.13, 3.2, 1.13],
			"scale": [0.68, 0.68, 0.68]
		},
		"firstperson_lefthand": {
			"rotation": [0, -90, 25],
			"translation": [1.13, 3.2, 1.13],
			"scale": [0.68, 0.68, 0.68]
		},
		"ground": {
			"translation": [0, 2, 0],
			"scale": [0.5, 0.5, 0.5]
		},
		"head": {
			"rotation": [90, 0, 0],
			"translation": [0, -42.4, 0],
			"scale": [1.6, 1.6, 1.6]
		},
		"fixed": {
			"rotation": [0, 180, 0]
		}
	},
	"groups": [
		{
			"name": "spaceship_nose_displayitem",
			"origin": [8, 8, 8],
			"color": 0,
			"nbt": "{}",
			"children": []
		},
		{
			"name": "spaceship_nose_displayitem",
			"origin": [8, 8, 8],
			"color": 0,
			"nbt": "{}",
			"children": [0, 1, 2, 3, 4, 5, 6]
		}
	]
}