{
	"credit": "Made with Blockbench",
	"textures": {
		"1": "expansion:guides/basic_guide/spaceship_engines_displayitem",
		"particle": "expansion:guides/basic_guide/spaceship_engines_displayitem"
	},
	"elements": [
		{
			"name": "spaceship_engines_displayitem_0",
			"from": [0, 7, 6.5],
			"to": [16, 16, 7.5],
			"faces": {
				"north": {"uv": [16, 0, 0, 9], "texture": "#1"},
				"east": {"uv": [15, 0, 16, 9], "texture": "#1"},
				"south": {"uv": [0, 0, 16, 9], "texture": "#1"},
				"west": {"uv": [0, 0, 1, 9], "texture": "#1"},
				"up": {"uv": [0, 0, 16, 1], "texture": "#1"},
				"down": {"uv": [0, 8, 16, 9], "texture": "#1"}
			}
		},
		{
			"name": "spaceship_engines_displayitem_1",
			"from": [0, 0, 6.5],
			"to": [6, 7, 7.5],
			"faces": {
				"north": {"uv": [6, 9, 0, 16], "texture": "#1"},
				"east": {"uv": [5, 9, 6, 16], "texture": "#1"},
				"south": {"uv": [0, 9, 6, 16], "texture": "#1"},
				"west": {"uv": [0, 9, 1, 16], "texture": "#1"},
				"up": {"uv": [0, 9, 6, 10], "texture": "#1"},
				"down": {"uv": [0, 15, 6, 16], "texture": "#1"}
			}
		},
		{
			"name": "spaceship_engines_displayitem_2",
			"from": [10, 0, 6.5],
			"to": [16, 7, 7.5],
			"faces": {
				"north": {"uv": [16, 9, 10, 16], "texture": "#1"},
				"east": {"uv": [15, 9, 16, 16], "texture": "#1"},
				"south": {"uv": [10, 9, 16, 16], "texture": "#1"},
				"west": {"uv": [10, 9, 11, 16], "texture": "#1"},
				"up": {"uv": [10, 9, 16, 10], "texture": "#1"},
				"down": {"uv": [10, 15, 16, 16], "texture": "#1"}
			}
		}
	],
	"gui_light": "front",
	"display": {
		"thirdperson_righthand": {
			"translation": [0, 3, 1],
			"scale": [0.55, 0.55, 0.55]
		},
		"thirdperson_lefthand": {
			"translation": [0, 3, 1],
			"scale": [0.55, 0.55, 0.55]
		},
		"firstperson_righthand": {
			"rotation": [0, -90, 25],
			"translation": [1.13, 3.2, 1.13],
			"scale": [0.68, 0.68, 0.68]
		},
		"firstperson_lefthand": {
			"rotation": [0, -90, 25],
			"translation": [1.13, 3.2, 1.13],
			"scale": [0.68, 0.68, 0.68]
		},
		"ground": {
			"translation": [0, 2, 0],
			"scale": [0.5, 0.5, 0.5]
		},
		"head": {
			"rotation": [90, 0, 0],
			"translation": [0, -42.4, 0],
			"scale": [1.6, 1.6, 1.6]
		},
		"fixed": {
			"rotation": [0, 180, 0]
		}
	},
	"groups": [
		{
			"name": "spaceship_engines_displayitem",
			"origin": [8, 8, 8],
			"color": 0,
			"nbt": "{}",
			"children": []
		},
		{
			"name": "spaceship_engines_displayitem",
			"origin": [8, 8, 8],
			"color": 0,
			"nbt": "{}",
			"children": [0, 1, 2]
		}
	]
}