{
	"credit": "Made with Blockbench",
	"textures": {
		"0": "expansion:items/vulcanium_shard",
		"particle": "expansion:items/vulcanium_shard"
	},
	"elements": [
		{
			"name": "vulcanium_shard_0",
			"from": [10, 10, 8],
			"to": [15, 15, 9],
			"faces": {
				"north": {"uv": [10, 6, 15, 1], "rotation": 180, "texture": "#0"},
				"east": {"uv": [14, 1, 15, 6], "texture": "#0"},
				"south": {"uv": [10, 1, 15, 6], "texture": "#0"},
				"west": {"uv": [10, 1, 11, 6], "texture": "#0"},
				"up": {"uv": [15, 1, 10, 2], "rotation": 180, "texture": "#0"},
				"down": {"uv": [10, 5, 15, 6], "texture": "#0"}
			}
		},
		{
			"name": "vulcanium_shard_1",
			"from": [9, 5, 8],
			"to": [10, 14, 9],
			"faces": {
				"north": {"uv": [9, 11, 10, 2], "rotation": 180, "texture": "#0"},
				"east": {"uv": [9, 2, 10, 11], "texture": "#0"},
				"south": {"uv": [9, 2, 10, 11], "texture": "#0"},
				"west": {"uv": [9, 2, 10, 11], "texture": "#0"},
				"up": {"uv": [10, 2, 9, 3], "rotation": 180, "texture": "#0"},
				"down": {"uv": [9, 10, 10, 11], "texture": "#0"}
			}
		},
		{
			"name": "vulcanium_shard_2",
			"from": [8, 4, 8],
			"to": [9, 13, 9],
			"faces": {
				"north": {"uv": [8, 12, 9, 3], "rotation": 180, "texture": "#0"},
				"east": {"uv": [8, 3, 9, 12], "texture": "#0"},
				"south": {"uv": [8, 3, 9, 12], "texture": "#0"},
				"west": {"uv": [8, 3, 9, 12], "texture": "#0"},
				"up": {"uv": [9, 3, 8, 4], "rotation": 180, "texture": "#0"},
				"down": {"uv": [8, 11, 9, 12], "texture": "#0"}
			}
		},
		{
			"name": "vulcanium_shard_3",
			"from": [7, 3, 8],
			"to": [8, 12, 9],
			"faces": {
				"north": {"uv": [7, 13, 8, 4], "rotation": 180, "texture": "#0"},
				"east": {"uv": [7, 4, 8, 13], "texture": "#0"},
				"south": {"uv": [7, 4, 8, 13], "texture": "#0"},
				"west": {"uv": [7, 4, 8, 13], "texture": "#0"},
				"up": {"uv": [8, 4, 7, 5], "rotation": 180, "texture": "#0"},
				"down": {"uv": [7, 12, 8, 13], "texture": "#0"}
			}
		},
		{
			"name": "vulcanium_shard_4",
			"from": [6, 2, 8],
			"to": [7, 11, 9],
			"faces": {
				"north": {"uv": [6, 14, 7, 5], "rotation": 180, "texture": "#0"},
				"east": {"uv": [6, 5, 7, 14], "texture": "#0"},
				"south": {"uv": [6, 5, 7, 14], "texture": "#0"},
				"west": {"uv": [6, 5, 7, 14], "texture": "#0"},
				"up": {"uv": [7, 5, 6, 6], "rotation": 180, "texture": "#0"},
				"down": {"uv": [6, 13, 7, 14], "texture": "#0"}
			}
		},
		{
			"name": "vulcanium_shard_5",
			"from": [5, 1, 8],
			"to": [6, 10, 9],
			"faces": {
				"north": {"uv": [5, 15, 6, 6], "rotation": 180, "texture": "#0"},
				"east": {"uv": [5, 6, 6, 15], "texture": "#0"},
				"south": {"uv": [5, 6, 6, 15], "texture": "#0"},
				"west": {"uv": [5, 6, 6, 15], "texture": "#0"},
				"up": {"uv": [6, 6, 5, 7], "rotation": 180, "texture": "#0"},
				"down": {"uv": [5, 14, 6, 15], "texture": "#0"}
			}
		},
		{
			"name": "vulcanium_shard_6",
			"from": [10, 8, 8],
			"to": [13, 10, 9],
			"faces": {
				"north": {"uv": [10, 8, 13, 6], "rotation": 180, "texture": "#0"},
				"east": {"uv": [12, 6, 13, 8], "texture": "#0"},
				"south": {"uv": [10, 6, 13, 8], "texture": "#0"},
				"west": {"uv": [10, 6, 11, 8], "texture": "#0"},
				"up": {"uv": [13, 6, 10, 7], "rotation": 180, "texture": "#0"},
				"down": {"uv": [10, 7, 13, 8], "texture": "#0"}
			}
		},
		{
			"name": "vulcanium_shard_7",
			"from": [13, 9, 8],
			"to": [14, 10, 9],
			"faces": {
				"north": {"uv": [13, 7, 14, 6], "rotation": 180, "texture": "#0"},
				"east": {"uv": [13, 6, 14, 7], "texture": "#0"},
				"south": {"uv": [13, 6, 14, 7], "texture": "#0"},
				"west": {"uv": [13, 6, 14, 7], "texture": "#0"},
				"up": {"uv": [14, 6, 13, 7], "rotation": 180, "texture": "#0"},
				"down": {"uv": [13, 6, 14, 7], "texture": "#0"}
			}
		},
		{
			"name": "vulcanium_shard_8",
			"from": [4, 1, 8],
			"to": [5, 9, 9],
			"faces": {
				"north": {"uv": [4, 15, 5, 7], "rotation": 180, "texture": "#0"},
				"east": {"uv": [4, 7, 5, 15], "texture": "#0"},
				"south": {"uv": [4, 7, 5, 15], "texture": "#0"},
				"west": {"uv": [4, 7, 5, 15], "texture": "#0"},
				"up": {"uv": [5, 7, 4, 8], "rotation": 180, "texture": "#0"},
				"down": {"uv": [4, 14, 5, 15], "texture": "#0"}
			}
		},
		{
			"name": "vulcanium_shard_9",
			"from": [3, 2, 8],
			"to": [4, 8, 9],
			"faces": {
				"north": {"uv": [3, 14, 4, 8], "rotation": 180, "texture": "#0"},
				"east": {"uv": [3, 8, 4, 14], "texture": "#0"},
				"south": {"uv": [3, 8, 4, 14], "texture": "#0"},
				"west": {"uv": [3, 8, 4, 14], "texture": "#0"},
				"up": {"uv": [4, 8, 3, 9], "rotation": 180, "texture": "#0"},
				"down": {"uv": [3, 13, 4, 14], "texture": "#0"}
			}
		},
		{
			"name": "vulcanium_shard_10",
			"from": [10, 7, 8],
			"to": [12, 8, 9],
			"faces": {
				"north": {"uv": [10, 9, 12, 8], "rotation": 180, "texture": "#0"},
				"east": {"uv": [11, 8, 12, 9], "texture": "#0"},
				"south": {"uv": [10, 8, 12, 9], "texture": "#0"},
				"west": {"uv": [10, 8, 11, 9], "texture": "#0"},
				"up": {"uv": [12, 8, 10, 9], "rotation": 180, "texture": "#0"},
				"down": {"uv": [10, 8, 12, 9], "texture": "#0"}
			}
		},
		{
			"name": "vulcanium_shard_11",
			"from": [2, 3, 8],
			"to": [3, 7, 9],
			"faces": {
				"north": {"uv": [2, 13, 3, 9], "rotation": 180, "texture": "#0"},
				"east": {"uv": [2, 9, 3, 13], "texture": "#0"},
				"south": {"uv": [2, 9, 3, 13], "texture": "#0"},
				"west": {"uv": [2, 9, 3, 13], "texture": "#0"},
				"up": {"uv": [3, 9, 2, 10], "rotation": 180, "texture": "#0"},
				"down": {"uv": [2, 12, 3, 13], "texture": "#0"}
			}
		},
		{
			"name": "vulcanium_shard_12",
			"from": [10, 6, 8],
			"to": [11, 7, 9],
			"faces": {
				"north": {"uv": [10, 10, 11, 9], "rotation": 180, "texture": "#0"},
				"east": {"uv": [10, 9, 11, 10], "texture": "#0"},
				"south": {"uv": [10, 9, 11, 10], "texture": "#0"},
				"west": {"uv": [10, 9, 11, 10], "texture": "#0"},
				"up": {"uv": [11, 9, 10, 10], "rotation": 180, "texture": "#0"},
				"down": {"uv": [10, 9, 11, 10], "texture": "#0"}
			}
		},
		{
			"name": "vulcanium_shard_13",
			"from": [1, 5, 8],
			"to": [2, 6, 9],
			"faces": {
				"north": {"uv": [1, 11, 2, 10], "rotation": 180, "texture": "#0"},
				"east": {"uv": [1, 10, 2, 11], "texture": "#0"},
				"south": {"uv": [1, 10, 2, 11], "texture": "#0"},
				"west": {"uv": [1, 10, 2, 11], "texture": "#0"},
				"up": {"uv": [2, 10, 1, 11], "rotation": 180, "texture": "#0"},
				"down": {"uv": [1, 10, 2, 11], "texture": "#0"}
			}
		}
	],
	"gui_light": "front",
	"display": {
		"thirdperson_righthand": {
			"translation": [0, 3, 1],
			"scale": [0.55, 0.55, 0.55]
		},
		"thirdperson_lefthand": {
			"translation": [0, 3, 1],
			"scale": [0.55, 0.55, 0.55]
		},
		"firstperson_righthand": {
			"rotation": [0, -90, 25],
			"translation": [1.13, 3.2, 1.13],
			"scale": [0.68, 0.68, 0.68]
		},
		"firstperson_lefthand": {
			"rotation": [0, -90, 25],
			"translation": [1.13, 3.2, 1.13],
			"scale": [0.68, 0.68, 0.68]
		},
		"ground": {
			"translation": [0, 2, 0],
			"scale": [0.5, 0.5, 0.5]
		},
		"head": {
			"rotation": [0, 180, 0],
			"translation": [0, 13, 7]
		},
		"fixed": {
			"rotation": [0, 180, 0]
		}
	},
	"groups": [
		{
			"name": "vulcanium_shard",
			"origin": [8, 8, 8],
			"color": 0,
			"nbt": "{}",
			"armAnimationEnabled": false,
			"children": [0, 1, 2, 3, 4, 5, 6, 7, 8, 9, 10, 11, 12, 13]
		}
	]
}