{
	"textures": {
		"0": "expansion:vehicles/mech_torso/mech"
	},
	"elements": [
		{
			"from": [
				7.826086956521739,
				6.956521739130435,
				6.956521739130435
			],
			"to": [
				8.521739130434783,
				8.173913043478262,
				9.043478260869565
			],
			"rotation": {
				"angle": 0,
				"axis": "y",
				"origin": [
					8.173913043478262,
					8,
					8
				]
			},
			"faces": {
				"north": {
					"uv": [
						3.0625,
						11.75,
						3.1875,
						12
					],
					"texture": "#0"
				},
				"east": {
					"uv": [
						11,
						10,
						11.375,
						10.25
					],
					"texture": "#0"
				},
				"south": {
					"uv": [
						3.25,
						11.75,
						3.375,
						12
					],
					"texture": "#0"
				},
				"west": {
					"uv": [
						3.25,
						11.125,
						3.625,
						11.375
					],
					"texture": "#0"
				},
				"up": {
					"uv": [
						11.6875,
						5.875,
						11.5625,
						5.5
					],
					"texture": "#0"
				},
				"down": {
					"uv": [
						11.6875,
						6.9375,
						11.5625,
						7.3125
					],
					"texture": "#0"
				}
			}
		},
		{
			"from": [
				8.173913043478262,
				6.608695652173913,
				-12.173913043478262
			],
			"to": [
				8.869565217391305,
				7.304347826086957,
				11.826086956521738
			],
			"rotation": {
				"angle": 0,
				"axis": "y",
				"origin": [
					8.173913043478262,
					8,
					8
				]
			},
			"faces": {
				"north": {
					"uv": [
						3.0625,
						11.75,
						3.1875,
						12
					],
					"texture": "#0"
				},
				"east": {
					"uv": [
						11,
						10,
						11.375,
						10.25
					],
					"texture": "#0"
				},
				"south": {
					"uv": [
						3.25,
						11.75,
						3.375,
						12
					],
					"texture": "#0"
				},
				"west": {
					"uv": [
						3.25,
						11.125,
						3.625,
						11.375
					],
					"texture": "#0"
				},
				"up": {
					"uv": [
						11.6875,
						5.875,
						11.5625,
						5.5
					],
					"texture": "#0"
				},
				"down": {
					"uv": [
						11.6875,
						6.9375,
						11.5625,
						7.3125
					],
					"texture": "#0"
				}
			}
		},
		{
			"from": [
				8.521739130434783,
				7.478260869565218,
				6.956521739130435
			],
			"to": [
				8.869565217391305,
				8.173913043478262,
				8.347826086956522
			],
			"rotation": {
				"angle": 0,
				"axis": "y",
				"origin": [
					8.695652173913043,
					8.173913043478262,
					8.173913043478262
				]
			},
			"faces": {
				"north": {
					"uv": [
						7.9375,
						4.5625,
						8,
						4.6875
					],
					"texture": "#0"
				},
				"east": {
					"uv": [
						3.4375,
						11.75,
						3.6875,
						11.875
					],
					"texture": "#0"
				},
				"south": {
					"uv": [
						7,
						9.875,
						7.0625,
						10
					],
					"texture": "#0"
				},
				"west": {
					"uv": [
						11.75,
						3.5625,
						12,
						3.6875
					],
					"texture": "#0"
				},
				"up": {
					"uv": [
						11.8125,
						10.5625,
						11.75,
						10.3125
					],
					"texture": "#0"
				},
				"down": {
					"uv": [
						0.25,
						11.8125,
						0.1875,
						12.0625
					],
					"texture": "#0"
				}
			}
		},
		{
			"from": [
				7.879401739130435,
				5.992834782608696,
				7.6521739130434785
			],
			"to": [
				8.227227826086956,
				7.036313043478261,
				8.347826086956522
			],
			"rotation": {
				"angle": 22.5,
				"axis": "z",
				"origin": [
					8.053314782608695,
					6.8624,
					8
				]
			},
			"faces": {
				"north": {
					"uv": [
						9.6875,
						6.1875,
						9.75,
						6.5
					],
					"texture": "#0"
				},
				"east": {
					"uv": [
						5.1875,
						9.125,
						5.3125,
						9.4375
					],
					"texture": "#0"
				},
				"south": {
					"uv": [
						9.8125,
						6.625,
						9.875,
						6.9375
					],
					"texture": "#0"
				},
				"west": {
					"uv": [
						8.375,
						9.875,
						8.5,
						10.1875
					],
					"texture": "#0"
				},
				"up": {
					"uv": [
						10.3125,
						9.125,
						10.25,
						9
					],
					"texture": "#0"
				},
				"down": {
					"uv": [
						4.625,
						11.5,
						4.5625,
						11.625
					],
					"texture": "#0"
				}
			}
		},
		{
			"from": [
				8.225408695652174,
				5.992473043478261,
				7.6521739130434785
			],
			"to": [
				9.268886956521738,
				6.340299130434783,
				8.347826086956522
			],
			"rotation": {
				"angle": 22.5,
				"axis": "z",
				"origin": [
					8.225408695652174,
					5.992473043478261,
					8
				]
			},
			"faces": {
				"north": {
					"uv": [
						1.1875,
						11.8125,
						1.25,
						12
					],
					"rotation": 90,
					"texture": "#0"
				},
				"east": {
					"uv": [
						10.9375,
						11.8125,
						10.875,
						11.9375
					],
					"rotation": 270,
					"texture": "#0"
				},
				"south": {
					"uv": [
						1.3125,
						11.8125,
						1.375,
						12
					],
					"rotation": 270,
					"texture": "#0"
				},
				"west": {
					"uv": [
						11.625,
						7.6875,
						11.5625,
						7.5625
					],
					"rotation": 270,
					"texture": "#0"
				},
				"up": {
					"uv": [
						6.875,
						11.75,
						7,
						11.9375
					],
					"rotation": 270,
					"texture": "#0"
				},
				"down": {
					"uv": [
						11.75,
						6.9375,
						11.875,
						7.125
					],
					"rotation": 270,
					"texture": "#0"
				}
			}
		},
		{
			"from": [
				8.521739130434783,
				7.130434782608695,
				6.956521739130435
			],
			"to": [
				8.869565217391305,
				7.826086956521739,
				7.6521739130434785
			],
			"rotation": {
				"angle": 45,
				"axis": "z",
				"origin": [
					8.695652173913043,
					7.6521739130434785,
					7.304347826086957
				]
			},
			"faces": {
				"north": {
					"uv": [
						0.3125,
						11.8125,
						0.375,
						12.0625
					],
					"texture": "#0"
				},
				"east": {
					"uv": [
						3.75,
						11.75,
						3.875,
						12
					],
					"texture": "#0"
				},
				"south": {
					"uv": [
						0.4375,
						11.8125,
						0.5,
						12.0625
					],
					"texture": "#0"
				},
				"west": {
					"uv": [
						11.75,
						3.75,
						11.875,
						4
					],
					"texture": "#0"
				},
				"up": {
					"uv": [
						11.875,
						11,
						11.8125,
						10.875
					],
					"texture": "#0"
				},
				"down": {
					"uv": [
						11.0625,
						11.8125,
						11,
						11.9375
					],
					"texture": "#0"
				}
			}
		},
		{
			"from": [
				8.839725217391305,
				6.362744347826087,
				6.956521739130435
			],
			"to": [
				9.187551304347826,
				7.406222608695652,
				7.6521739130434785
			],
			"rotation": {
				"angle": 0,
				"axis": "y",
				"origin": [
					9.187551304347826,
					7.406222608695652,
					6.956521739130435
				]
			},
			"faces": {
				"north": {
					"uv": [
						2.4375,
						11.8125,
						2.5,
						12
					],
					"texture": "#0"
				},
				"east": {
					"uv": [
						7.0625,
						11.75,
						7.1875,
						11.9375
					],
					"texture": "#0"
				},
				"south": {
					"uv": [
						2.5625,
						11.8125,
						2.625,
						12
					],
					"texture": "#0"
				},
				"west": {
					"uv": [
						7.25,
						11.75,
						7.375,
						11.9375
					],
					"texture": "#0"
				},
				"up": {
					"uv": [
						11.1875,
						11.9375,
						11.125,
						11.8125
					],
					"texture": "#0"
				},
				"down": {
					"uv": [
						11.3125,
						11.8125,
						11.25,
						11.9375
					],
					"texture": "#0"
				}
			}
		},
		{
			"from": [
				7.879401739130435,
				5.992834782608696,
				8.347826086956522
			],
			"to": [
				8.227227826086956,
				7.036313043478261,
				9.043478260869565
			],
			"rotation": {
				"angle": 22.5,
				"axis": "z",
				"origin": [
					8.053314782608695,
					6.8624,
					8.695652173913043
				]
			},
			"faces": {
				"north": {
					"uv": [
						9.9375,
						2.5,
						10,
						2.8125
					],
					"texture": "#0"
				},
				"east": {
					"uv": [
						4.0625,
						11.0625,
						4.1875,
						11.375
					],
					"texture": "#0"
				},
				"south": {
					"uv": [
						4.4375,
						11.75,
						4.5,
						12.0625
					],
					"texture": "#0"
				},
				"west": {
					"uv": [
						11.5625,
						8.625,
						11.6875,
						8.9375
					],
					"texture": "#0"
				},
				"up": {
					"uv": [
						11.4375,
						11.9375,
						11.375,
						11.8125
					],
					"texture": "#0"
				},
				"down": {
					"uv": [
						11.5625,
						11.8125,
						11.5,
						11.9375
					],
					"texture": "#0"
				}
			}
		},
		{
			"from": [
				8.225408695652174,
				5.992473043478261,
				8.347826086956522
			],
			"to": [
				9.268886956521738,
				6.340299130434783,
				9.043478260869565
			],
			"rotation": {
				"angle": 22.5,
				"axis": "z",
				"origin": [
					8.225408695652174,
					5.992473043478261,
					8.695652173913043
				]
			},
			"faces": {
				"north": {
					"uv": [
						11.8125,
						3.3125,
						11.875,
						3.5
					],
					"rotation": 90,
					"texture": "#0"
				},
				"east": {
					"uv": [
						11.8125,
						11.8125,
						11.75,
						11.9375
					],
					"rotation": 270,
					"texture": "#0"
				},
				"south": {
					"uv": [
						11.8125,
						9.375,
						11.875,
						9.5625
					],
					"rotation": 270,
					"texture": "#0"
				},
				"west": {
					"uv": [
						11.6875,
						11.9375,
						11.625,
						11.8125
					],
					"rotation": 270,
					"texture": "#0"
				},
				"up": {
					"uv": [
						11.75,
						8.625,
						11.875,
						8.8125
					],
					"rotation": 270,
					"texture": "#0"
				},
				"down": {
					"uv": [
						11.75,
						8.875,
						11.875,
						9.0625
					],
					"rotation": 270,
					"texture": "#0"
				}
			}
		},
		{
			"from": [
				7.879401739130435,
				5.992834782608696,
				6.956521739130435
			],
			"to": [
				8.227227826086956,
				7.036313043478261,
				7.6521739130434785
			],
			"rotation": {
				"angle": 22.5,
				"axis": "z",
				"origin": [
					8.053314782608695,
					6.8624,
					7.304347826086957
				]
			},
			"faces": {
				"north": {
					"uv": [
						6,
						11.75,
						6.0625,
						12.0625
					],
					"texture": "#0"
				},
				"east": {
					"uv": [
						11.5625,
						9,
						11.6875,
						9.3125
					],
					"texture": "#0"
				},
				"south": {
					"uv": [
						10,
						11.75,
						10.0625,
						12.0625
					],
					"texture": "#0"
				},
				"west": {
					"uv": [
						11.5625,
						10.3125,
						11.6875,
						10.625
					],
					"texture": "#0"
				},
				"up": {
					"uv": [
						11.9375,
						2.9375,
						11.875,
						2.8125
					],
					"texture": "#0"
				},
				"down": {
					"uv": [
						11.9375,
						3,
						11.875,
						3.125
					],
					"texture": "#0"
				}
			}
		},
		{
			"from": [
				8.225408695652174,
				5.992473043478261,
				6.956521739130435
			],
			"to": [
				9.268886956521738,
				6.340299130434783,
				7.6521739130434785
			],
			"rotation": {
				"angle": 22.5,
				"axis": "z",
				"origin": [
					8.225408695652174,
					5.992473043478261,
					7.304347826086957
				]
			},
			"faces": {
				"north": {
					"uv": [
						11.8125,
						9.75,
						11.875,
						9.9375
					],
					"rotation": 90,
					"texture": "#0"
				},
				"east": {
					"uv": [
						11.9375,
						4.25,
						11.875,
						4.375
					],
					"rotation": 270,
					"texture": "#0"
				},
				"south": {
					"uv": [
						11.8125,
						10.625,
						11.875,
						10.8125
					],
					"rotation": 270,
					"texture": "#0"
				},
				"west": {
					"uv": [
						11.9375,
						4.1875,
						11.875,
						4.0625
					],
					"rotation": 270,
					"texture": "#0"
				},
				"up": {
					"uv": [
						8.9375,
						11.75,
						9.0625,
						11.9375
					],
					"rotation": 270,
					"texture": "#0"
				},
				"down": {
					"uv": [
						9.125,
						11.75,
						9.25,
						11.9375
					],
					"rotation": 270,
					"texture": "#0"
				}
			}
		},
		{
			"from": [
				8.521739130434783,
				7.478260869565218,
				8.347826086956522
			],
			"to": [
				8.869565217391305,
				8.173913043478262,
				9.043478260869565
			],
			"rotation": {
				"angle": 0,
				"axis": "y",
				"origin": [
					8.695652173913043,
					8.173913043478262,
					8.173913043478262
				]
			},
			"faces": {
				"north": {
					"uv": [
						11.875,
						5.9375,
						11.9375,
						6.0625
					],
					"texture": "#0"
				},
				"east": {
					"uv": [
						11.75,
						5.75,
						11.875,
						5.875
					],
					"texture": "#0"
				},
				"south": {
					"uv": [
						11.875,
						6.125,
						11.9375,
						6.25
					],
					"texture": "#0"
				},
				"west": {
					"uv": [
						11.75,
						7.1875,
						11.875,
						7.3125
					],
					"texture": "#0"
				},
				"up": {
					"uv": [
						11.9375,
						6.4375,
						11.875,
						6.3125
					],
					"texture": "#0"
				},
				"down": {
					"uv": [
						6.5625,
						11.875,
						6.5,
						12
					],
					"texture": "#0"
				}
			}
		}
	],
	"display": {
		"head": {
			"rotation": [
				0,
				180,
				0
			]
		}
	}
}