{
	"textures": {
		"0": "expansion:vehicles/mech_torso/mech"
	},
	"elements": [
		{
			"from": [
				6.5,
				4.5,
				5
			],
			"to": [
				8.5,
				8.5,
				11
			],
			"rotation": {
				"angle": 0,
				"axis": "y",
				"origin": [
					7.5,
					8,
					8
				]
			},
			"faces": {
				"north": {
					"uv": [
						3.1875,
						11.75,
						3.0625,
						12
					],
					"texture": "#0"
				},
				"east": {
					"uv": [
						3.625,
						11.125,
						3.25,
						11.375
					],
					"texture": "#0"
				},
				"south": {
					"uv": [
						3.375,
						11.75,
						3.25,
						12
					],
					"texture": "#0"
				},
				"west": {
					"uv": [
						11.375,
						10,
						11,
						10.25
					],
					"texture": "#0"
				},
				"up": {
					"uv": [
						11.5625,
						5.875,
						11.6875,
						5.5
					],
					"texture": "#0"
				},
				"down": {
					"uv": [
						11.5625,
						6.9375,
						11.6875,
						7.3125
					],
					"texture": "#0"
				}
			}
		},
		{
			"from": [
				5.5,
				6.5,
				5
			],
			"to": [
				6.5,
				8.5,
				9
			],
			"rotation": {
				"angle": 0,
				"axis": "y",
				"origin": [
					6,
					8.5,
					8.5
				]
			},
			"faces": {
				"north": {
					"uv": [
						8,
						4.5625,
						7.9375,
						4.6875
					],
					"texture": "#0"
				},
				"east": {
					"uv": [
						12,
						3.5625,
						11.75,
						3.6875
					],
					"texture": "#0"
				},
				"south": {
					"uv": [
						7.0625,
						9.875,
						7,
						10
					],
					"texture": "#0"
				},
				"west": {
					"uv": [
						3.6875,
						11.75,
						3.4375,
						11.875
					],
					"texture": "#0"
				},
				"up": {
					"uv": [
						11.75,
						10.5625,
						11.8125,
						10.3125
					],
					"texture": "#0"
				},
				"down": {
					"uv": [
						0.1875,
						11.8125,
						0.25,
						12.0625
					],
					"texture": "#0"
				}
			}
		},
		{
			"from": [
				7.5,
				0.5,
				7
			],
			"to": [
				8.5,
				5.5,
				9
			],
			"rotation": {
				"angle": 0,
				"axis": "y",
				"origin": [
					9,
					5,
					8
				]
			},
			"faces": {
				"north": {
					"uv": [
						9.75,
						6.1875,
						9.6875,
						6.5
					],
					"texture": "#0"
				},
				"east": {
					"uv": [
						8.5,
						9.875,
						8.375,
						10.1875
					],
					"texture": "#0"
				},
				"south": {
					"uv": [
						9.875,
						6.625,
						9.8125,
						6.9375
					],
					"texture": "#0"
				},
				"west": {
					"uv": [
						5.3125,
						9.125,
						5.1875,
						9.4375
					],
					"texture": "#0"
				},
				"up": {
					"uv": [
						10.25,
						9.125,
						10.3125,
						9
					],
					"texture": "#0"
				},
				"down": {
					"uv": [
						4.5625,
						11.5,
						4.625,
						11.625
					],
					"texture": "#0"
				}
			}
		},
		{
			"from": [
				7.5,
				-2.5,
				7
			],
			"to": [
				8.5,
				0.5,
				9
			],
			"rotation": {
				"angle": 0,
				"axis": "y",
				"origin": [
					9,
					0,
					8
				]
			},
			"faces": {
				"north": {
					"uv": [
						1.25,
						11.8125,
						1.1875,
						12
					],
					"texture": "#0"
				},
				"east": {
					"uv": [
						11.875,
						6.9375,
						11.75,
						7.125
					],
					"texture": "#0"
				},
				"south": {
					"uv": [
						1.375,
						11.8125,
						1.3125,
						12
					],
					"texture": "#0"
				},
				"west": {
					"uv": [
						7,
						11.75,
						6.875,
						11.9375
					],
					"texture": "#0"
				},
				"up": {
					"uv": [
						11.5625,
						7.6875,
						11.625,
						7.5625
					],
					"texture": "#0"
				},
				"down": {
					"uv": [
						10.875,
						11.8125,
						10.9375,
						11.9375
					],
					"texture": "#0"
				}
			}
		},
		{
			"from": [
				5.5,
				3.5,
				5
			],
			"to": [
				6.5,
				7.5,
				7
			],
			"rotation": {
				"angle": 0,
				"axis": "y",
				"origin": [
					10,
					6,
					5
				]
			},
			"faces": {
				"north": {
					"uv": [
						0.375,
						11.8125,
						0.3125,
						12.0625
					],
					"texture": "#0"
				},
				"east": {
					"uv": [
						11.875,
						3.75,
						11.75,
						4
					],
					"texture": "#0"
				},
				"south": {
					"uv": [
						0.5,
						11.8125,
						0.4375,
						12.0625
					],
					"texture": "#0"
				},
				"west": {
					"uv": [
						3.875,
						11.75,
						3.75,
						12
					],
					"texture": "#0"
				},
				"up": {
					"uv": [
						11.8125,
						11,
						11.875,
						10.875
					],
					"texture": "#0"
				},
				"down": {
					"uv": [
						11,
						11.8125,
						11.0625,
						11.9375
					],
					"texture": "#0"
				}
			}
		},
		{
			"from": [
				5.5,
				0.5,
				5
			],
			"to": [
				6.5,
				3.5,
				7
			],
			"rotation": {
				"angle": 0,
				"axis": "y",
				"origin": [
					10,
					2,
					5
				]
			},
			"faces": {
				"north": {
					"uv": [
						2.5,
						11.8125,
						2.4375,
						12
					],
					"texture": "#0"
				},
				"east": {
					"uv": [
						7.375,
						11.75,
						7.25,
						11.9375
					],
					"texture": "#0"
				},
				"south": {
					"uv": [
						2.625,
						11.8125,
						2.5625,
						12
					],
					"texture": "#0"
				},
				"west": {
					"uv": [
						7.1875,
						11.75,
						7.0625,
						11.9375
					],
					"texture": "#0"
				},
				"up": {
					"uv": [
						11.125,
						11.9375,
						11.1875,
						11.8125
					],
					"texture": "#0"
				},
				"down": {
					"uv": [
						11.25,
						11.8125,
						11.3125,
						11.9375
					],
					"texture": "#0"
				}
			}
		},
		{
			"from": [
				7.5,
				0.5,
				9
			],
			"to": [
				8.5,
				5.5,
				11
			],
			"rotation": {
				"angle": 0,
				"axis": "y",
				"origin": [
					9,
					5,
					10
				]
			},
			"faces": {
				"north": {
					"uv": [
						10,
						2.5,
						9.9375,
						2.8125
					],
					"texture": "#0"
				},
				"east": {
					"uv": [
						11.6875,
						8.625,
						11.5625,
						8.9375
					],
					"texture": "#0"
				},
				"south": {
					"uv": [
						4.5,
						11.75,
						4.4375,
						12.0625
					],
					"texture": "#0"
				},
				"west": {
					"uv": [
						4.1875,
						11.0625,
						4.0625,
						11.375
					],
					"texture": "#0"
				},
				"up": {
					"uv": [
						11.375,
						11.9375,
						11.4375,
						11.8125
					],
					"texture": "#0"
				},
				"down": {
					"uv": [
						11.5,
						11.8125,
						11.5625,
						11.9375
					],
					"texture": "#0"
				}
			}
		},
		{
			"from": [
				7.5,
				-2.5,
				9
			],
			"to": [
				8.5,
				0.5,
				11
			],
			"rotation": {
				"angle": 0,
				"axis": "y",
				"origin": [
					9,
					0,
					10
				]
			},
			"faces": {
				"north": {
					"uv": [
						11.875,
						3.3125,
						11.8125,
						3.5
					],
					"texture": "#0"
				},
				"east": {
					"uv": [
						11.875,
						8.875,
						11.75,
						9.0625
					],
					"texture": "#0"
				},
				"south": {
					"uv": [
						11.875,
						9.375,
						11.8125,
						9.5625
					],
					"texture": "#0"
				},
				"west": {
					"uv": [
						11.875,
						8.625,
						11.75,
						8.8125
					],
					"texture": "#0"
				},
				"up": {
					"uv": [
						11.625,
						11.9375,
						11.6875,
						11.8125
					],
					"texture": "#0"
				},
				"down": {
					"uv": [
						11.75,
						11.8125,
						11.8125,
						11.9375
					],
					"texture": "#0"
				}
			}
		},
		{
			"from": [
				7.5,
				0.5,
				5
			],
			"to": [
				8.5,
				5.5,
				7
			],
			"rotation": {
				"angle": 0,
				"axis": "y",
				"origin": [
					9,
					5,
					6
				]
			},
			"faces": {
				"north": {
					"uv": [
						6.0625,
						11.75,
						6,
						12.0625
					],
					"texture": "#0"
				},
				"east": {
					"uv": [
						11.6875,
						10.3125,
						11.5625,
						10.625
					],
					"texture": "#0"
				},
				"south": {
					"uv": [
						10.0625,
						11.75,
						10,
						12.0625
					],
					"texture": "#0"
				},
				"west": {
					"uv": [
						11.6875,
						9,
						11.5625,
						9.3125
					],
					"texture": "#0"
				},
				"up": {
					"uv": [
						11.875,
						2.9375,
						11.9375,
						2.8125
					],
					"texture": "#0"
				},
				"down": {
					"uv": [
						11.875,
						3,
						11.9375,
						3.125
					],
					"texture": "#0"
				}
			}
		},
		{
			"from": [
				7.5,
				-2.5,
				5
			],
			"to": [
				8.5,
				0.5,
				7
			],
			"rotation": {
				"angle": 0,
				"axis": "y",
				"origin": [
					9,
					0,
					6
				]
			},
			"faces": {
				"north": {
					"uv": [
						11.875,
						9.75,
						11.8125,
						9.9375
					],
					"texture": "#0"
				},
				"east": {
					"uv": [
						9.25,
						11.75,
						9.125,
						11.9375
					],
					"texture": "#0"
				},
				"south": {
					"uv": [
						11.875,
						10.625,
						11.8125,
						10.8125
					],
					"texture": "#0"
				},
				"west": {
					"uv": [
						9.0625,
						11.75,
						8.9375,
						11.9375
					],
					"texture": "#0"
				},
				"up": {
					"uv": [
						11.875,
						4.1875,
						11.9375,
						4.0625
					],
					"texture": "#0"
				},
				"down": {
					"uv": [
						11.875,
						4.25,
						11.9375,
						4.375
					],
					"texture": "#0"
				}
			}
		},
		{
			"from": [
				5.5,
				6.5,
				9
			],
			"to": [
				6.5,
				8.5,
				11
			],
			"rotation": {
				"angle": 0,
				"axis": "y",
				"origin": [
					6,
					8.5,
					8.5
				]
			},
			"faces": {
				"north": {
					"uv": [
						11.9375,
						5.9375,
						11.875,
						6.0625
					],
					"texture": "#0"
				},
				"east": {
					"uv": [
						11.875,
						7.1875,
						11.75,
						7.3125
					],
					"texture": "#0"
				},
				"south": {
					"uv": [
						11.9375,
						6.125,
						11.875,
						6.25
					],
					"texture": "#0"
				},
				"west": {
					"uv": [
						11.875,
						5.75,
						11.75,
						5.875
					],
					"texture": "#0"
				},
				"up": {
					"uv": [
						11.875,
						6.4375,
						11.9375,
						6.3125
					],
					"texture": "#0"
				},
				"down": {
					"uv": [
						6.5,
						11.875,
						6.5625,
						12
					],
					"texture": "#0"
				}
			}
		}
	],
	"display": {
		"head": {
			"rotation": [
				0,
				180,
				0
			]
		}
	}
}