{
	"textures": {
		"0": "expansion:blocks/fabricator/fabricator"
	},
	"elements": [
		{
			"from": [
				2.1760968229954614,
				7.963691376701966,
				2.1760968229954614
			],
			"to": [
				13.823903177004539,
				19.611497730711044,
				13.823903177004539
			],
			"rotation": {
				"angle": 0,
				"axis": "y",
				"origin": [
					8,
					8,
					8
				]
			},
			"faces": {
				"north": {
					"uv": [
						0,
						0,
						2,
						2
					],
					"texture": "#0"
				},
				"east": {
					"uv": [
						0,
						2,
						2,
						4
					],
					"texture": "#0"
				},
				"south": {
					"uv": [
						2,
						0,
						4,
						2
					],
					"texture": "#0"
				},
				"west": {
					"uv": [
						2,
						2,
						4,
						4
					],
					"texture": "#0"
				},
				"up": {
					"uv": [
						2,
						6,
						0,
						4
					],
					"texture": "#0"
				},
				"down": {
					"uv": [
						6,
						0,
						4,
						2
					],
					"texture": "#0"
				}
			}
		},
		{
			"from": [
				2.9167927382753396,
				19.61875945537065,
				2.9167927382753396
			],
			"to": [
				13.08320726172466,
				20.344931921331316,
				13.08320726172466
			],
			"rotation": {
				"angle": 0,
				"axis": "y",
				"origin": [
					8,
					8,
					8
				]
			},
			"faces": {
				"north": {
					"uv": [
						6.5,
						6.5,
						8.25,
						6.625
					],
					"texture": "#0"
				},
				"east": {
					"uv": [
						6.5,
						6.625,
						8.25,
						6.75
					],
					"texture": "#0"
				},
				"south": {
					"uv": [
						1.75,
						6.75,
						3.5,
						6.875
					],
					"texture": "#0"
				},
				"west": {
					"uv": [
						6.75,
						2,
						8.5,
						2.125
					],
					"texture": "#0"
				},
				"up": {
					"uv": [
						3.75,
						5.75,
						2,
						4
					],
					"texture": "#0"
				},
				"down": {
					"uv": [
						5.75,
						2,
						4,
						3.75
					],
					"texture": "#0"
				}
			}
		},
		{
			"from": [
				3.6429652042360052,
				19.61875945537065,
				13.08320726172466
			],
			"to": [
				12.357034795763994,
				22.523449319213313,
				13.809379727685325
			],
			"rotation": {
				"angle": 0,
				"axis": "y",
				"origin": [
					8,
					8,
					8
				]
			},
			"faces": {
				"north": {
					"uv": [
						6,
						0,
						7.5,
						0.5
					],
					"texture": "#0"
				},
				"east": {
					"uv": [
						7.375,
						7.375,
						7.5,
						7.875
					],
					"texture": "#0"
				},
				"south": {
					"uv": [
						6,
						0.5,
						7.5,
						1
					],
					"texture": "#0"
				},
				"west": {
					"uv": [
						7.5,
						0,
						7.625,
						0.5
					],
					"texture": "#0"
				},
				"up": {
					"uv": [
						8.25,
						5.25,
						6.75,
						5.125
					],
					"texture": "#0"
				},
				"down": {
					"uv": [
						6.75,
						6.75,
						5.25,
						6.875
					],
					"texture": "#0"
				}
			}
		},
		{
			"from": [
				6.547655068078669,
				20.344931921331316,
				12.357034795763994
			],
			"to": [
				7.273827534039334,
				31.237518910741304,
				13.08320726172466
			],
			"rotation": {
				"angle": 0,
				"axis": "y",
				"origin": [
					8,
					8,
					8
				]
			},
			"faces": {
				"north": {
					"uv": [
						1.25,
						6,
						1.375,
						7.875
					],
					"texture": "#0"
				},
				"east": {
					"uv": [
						1.375,
						6,
						1.5,
						7.875
					],
					"texture": "#0"
				},
				"south": {
					"uv": [
						1.5,
						6,
						1.625,
						7.875
					],
					"texture": "#0"
				},
				"west": {
					"uv": [
						1.625,
						6,
						1.75,
						7.875
					],
					"texture": "#0"
				},
				"up": {
					"uv": [
						7.875,
						0.875,
						7.75,
						0.75
					],
					"texture": "#0"
				},
				"down": {
					"uv": [
						7.875,
						0.875,
						7.75,
						1
					],
					"texture": "#0"
				}
			}
		},
		{
			"from": [
				2.190620272314674,
				19.61875945537065,
				10.904689863842663
			],
			"to": [
				2.9167927382753396,
				21.07110438729198,
				13.809379727685325
			],
			"rotation": {
				"angle": 0,
				"axis": "y",
				"origin": [
					8,
					8,
					8
				]
			},
			"faces": {
				"north": {
					"uv": [
						7.5,
						2.875,
						7.625,
						3.125
					],
					"texture": "#0"
				},
				"east": {
					"uv": [
						3,
						6.5,
						3.5,
						6.75
					],
					"texture": "#0"
				},
				"south": {
					"uv": [
						7.5,
						3.125,
						7.625,
						3.375
					],
					"texture": "#0"
				},
				"west": {
					"uv": [
						0,
						7,
						0.5,
						7.25
					],
					"texture": "#0"
				},
				"up": {
					"uv": [
						7.375,
						1.5,
						7.25,
						1
					],
					"texture": "#0"
				},
				"down": {
					"uv": [
						7.375,
						1.5,
						7.25,
						2
					],
					"texture": "#0"
				}
			}
		},
		{
			"from": [
				2.5977561270801814,
				20.601670196671712,
				10.904689863842663
			],
			"to": [
				3.323928593040847,
				21.690928895612707,
				13.809379727685325
			],
			"rotation": {
				"angle": -45,
				"axis": "z",
				"origin": [
					2.9608423600605143,
					21.327842662632378,
					12.357034795763994
				]
			},
			"faces": {
				"north": {
					"uv": [
						4.625,
						7.5,
						4.75,
						7.75
					],
					"texture": "#0"
				},
				"east": {
					"uv": [
						0.5,
						7,
						1,
						7.25
					],
					"texture": "#0"
				},
				"south": {
					"uv": [
						4.75,
						7.5,
						4.875,
						7.75
					],
					"texture": "#0"
				},
				"west": {
					"uv": [
						2.125,
						7,
						2.625,
						7.25
					],
					"texture": "#0"
				},
				"up": {
					"uv": [
						3,
						7.75,
						2.875,
						7.25
					],
					"texture": "#0"
				},
				"down": {
					"uv": [
						3.125,
						7.25,
						3,
						7.75
					],
					"texture": "#0"
				}
			}
		},
		{
			"from": [
				2.9167927382753396,
				19.61875945537065,
				10.904689863842663
			],
			"to": [
				3.6429652042360052,
				31.237518910741304,
				13.809379727685325
			],
			"rotation": {
				"angle": 0,
				"axis": "y",
				"origin": [
					8,
					8,
					8
				]
			},
			"faces": {
				"north": {
					"uv": [
						3.5,
						5.75,
						3.625,
						7.75
					],
					"texture": "#0"
				},
				"east": {
					"uv": [
						5.25,
						3.75,
						5.75,
						5.75
					],
					"texture": "#0"
				},
				"south": {
					"uv": [
						3.625,
						5.75,
						3.75,
						7.75
					],
					"texture": "#0"
				},
				"west": {
					"uv": [
						3.75,
						5.5,
						4.25,
						7.5
					],
					"texture": "#0"
				},
				"up": {
					"uv": [
						2.25,
						7.75,
						2.125,
						7.25
					],
					"texture": "#0"
				},
				"down": {
					"uv": [
						2.375,
						7.25,
						2.25,
						7.75
					],
					"texture": "#0"
				}
			}
		},
		{
			"from": [
				2.9167927382753396,
				26.88048411497731,
				9.452344931921331
			],
			"to": [
				3.6429652042360052,
				31.237518910741304,
				10.904689863842663
			],
			"rotation": {
				"angle": 0,
				"axis": "y",
				"origin": [
					8,
					8,
					8
				]
			},
			"faces": {
				"north": {
					"uv": [
						6.625,
						6.875,
						6.75,
						7.625
					],
					"texture": "#0"
				},
				"east": {
					"uv": [
						1.75,
						6,
						2,
						6.75
					],
					"texture": "#0"
				},
				"south": {
					"uv": [
						3.125,
						7,
						3.25,
						7.75
					],
					"texture": "#0"
				},
				"west": {
					"uv": [
						6.75,
						2.875,
						7,
						3.625
					],
					"texture": "#0"
				},
				"up": {
					"uv": [
						7.625,
						3.625,
						7.5,
						3.375
					],
					"texture": "#0"
				},
				"down": {
					"uv": [
						3.875,
						7.5,
						3.75,
						7.75
					],
					"texture": "#0"
				}
			}
		},
		{
			"from": [
				2.9167927382753396,
				25.853523751891075,
				10.780100453857791
			],
			"to": [
				3.6429652042360052,
				28.03204114977307,
				11.86935915279879
			],
			"rotation": {
				"angle": -45,
				"axis": "x",
				"origin": [
					3.2798789712556724,
					25.853523751891075,
					11.506272919818457
				]
			},
			"faces": {
				"north": {
					"uv": [
						7.5,
						0.5,
						7.625,
						0.875
					],
					"texture": "#0"
				},
				"east": {
					"uv": [
						7,
						4.125,
						7.25,
						4.5
					],
					"texture": "#0"
				},
				"south": {
					"uv": [
						7.5,
						0.875,
						7.625,
						1.25
					],
					"texture": "#0"
				},
				"west": {
					"uv": [
						7,
						4.5,
						7.25,
						4.875
					],
					"texture": "#0"
				},
				"up": {
					"uv": [
						5,
						7.75,
						4.875,
						7.5
					],
					"texture": "#0"
				},
				"down": {
					"uv": [
						5.125,
						7.5,
						5,
						7.75
					],
					"texture": "#0"
				}
			}
		},
		{
			"from": [
				3.6429652042360052,
				31.237518910741304,
				9.452344931921331
			],
			"to": [
				12.357034795763994,
				31.96369137670197,
				13.809379727685325
			],
			"rotation": {
				"angle": 0,
				"axis": "y",
				"origin": [
					8,
					8,
					8
				]
			},
			"faces": {
				"north": {
					"uv": [
						6.75,
						2.625,
						8.25,
						2.75
					],
					"texture": "#0"
				},
				"east": {
					"uv": [
						7,
						3.625,
						7.75,
						3.75
					],
					"texture": "#0"
				},
				"south": {
					"uv": [
						6.75,
						2.75,
						8.25,
						2.875
					],
					"texture": "#0"
				},
				"west": {
					"uv": [
						7,
						3.75,
						7.75,
						3.875
					],
					"texture": "#0"
				},
				"up": {
					"uv": [
						5.25,
						4.75,
						3.75,
						4
					],
					"texture": "#0"
				},
				"down": {
					"uv": [
						5.25,
						4.75,
						3.75,
						5.5
					],
					"texture": "#0"
				}
			}
		},
		{
			"from": [
				2.960849621785173,
				31.131178214826022,
				9.452344931921331
			],
			"to": [
				3.987802723146747,
				31.85735068078669,
				13.809379727685325
			],
			"rotation": {
				"angle": 45,
				"axis": "z",
				"origin": [
					3.687022087745839,
					31.49426444780636,
					11.630862329803328
				]
			},
			"faces": {
				"north": {
					"uv": [
						7.625,
						4.25,
						7.75,
						4.375
					],
					"texture": "#0"
				},
				"east": {
					"uv": [
						7,
						4.875,
						7.75,
						5
					],
					"texture": "#0"
				},
				"south": {
					"uv": [
						7.625,
						4.375,
						7.75,
						4.5
					],
					"texture": "#0"
				},
				"west": {
					"uv": [
						7,
						5,
						7.75,
						5.125
					],
					"texture": "#0"
				},
				"up": {
					"uv": [
						3.375,
						7.75,
						3.25,
						7
					],
					"texture": "#0"
				},
				"down": {
					"uv": [
						5.375,
						7,
						5.25,
						7.75
					],
					"texture": "#0"
				}
			}
		},
		{
			"from": [
				2.9167927382753396,
				19.51241875945537,
				2.2346771558245075
			],
			"to": [
				13.08320726172466,
				20.238591225416037,
				3.2616302571860816
			],
			"rotation": {
				"angle": -45,
				"axis": "x",
				"origin": [
					-2.166414523449321,
					19.875504992435705,
					2.960849621785173
				]
			},
			"faces": {
				"north": {
					"uv": [
						6.75,
						2.125,
						8.5,
						2.25
					],
					"texture": "#0"
				},
				"east": {
					"uv": [
						7.75,
						0.5,
						7.875,
						0.625
					],
					"texture": "#0"
				},
				"south": {
					"uv": [
						6.75,
						2.25,
						8.5,
						2.375
					],
					"texture": "#0"
				},
				"west": {
					"uv": [
						7.75,
						0.625,
						7.875,
						0.75
					],
					"texture": "#0"
				},
				"up": {
					"uv": [
						8.5,
						2.5,
						6.75,
						2.375
					],
					"texture": "#0"
				},
				"down": {
					"uv": [
						8.5,
						2.5,
						6.75,
						2.625
					],
					"texture": "#0"
				}
			}
		},
		{
			"from": [
				6.547655068078669,
				30.51134644478064,
				9.452344931921331
			],
			"to": [
				9.452344931921331,
				31.237518910741304,
				13.809379727685325
			],
			"rotation": {
				"angle": 0,
				"axis": "y",
				"origin": [
					8,
					8,
					8
				]
			},
			"faces": {
				"north": {
					"uv": [
						2.375,
						7.25,
						2.875,
						7.375
					],
					"texture": "#0"
				},
				"east": {
					"uv": [
						7,
						3.875,
						7.75,
						4
					],
					"texture": "#0"
				},
				"south": {
					"uv": [
						7.25,
						4.125,
						7.75,
						4.25
					],
					"texture": "#0"
				},
				"west": {
					"uv": [
						7,
						4,
						7.75,
						4.125
					],
					"texture": "#0"
				},
				"up": {
					"uv": [
						3.5,
						6.5,
						3,
						5.75
					],
					"texture": "#0"
				},
				"down": {
					"uv": [
						5.75,
						5.75,
						5.25,
						6.5
					],
					"texture": "#0"
				}
			}
		},
		{
			"from": [
				5.971887443267776,
				30.87442541603631,
				9.452344931921331
			],
			"to": [
				6.998840544629349,
				31.600597881996976,
				13.809379727685325
			],
			"rotation": {
				"angle": -45,
				"axis": "z",
				"origin": [
					6.334973676248109,
					31.237511649016643,
					11.630862329803328
				]
			},
			"faces": {
				"north": {
					"uv": [
						7.625,
						7.5,
						7.75,
						7.625
					],
					"texture": "#0"
				},
				"east": {
					"uv": [
						5.375,
						7,
						6.125,
						7.125
					],
					"texture": "#0"
				},
				"south": {
					"uv": [
						7.625,
						7.625,
						7.75,
						7.75
					],
					"texture": "#0"
				},
				"west": {
					"uv": [
						7,
						6,
						7.75,
						6.125
					],
					"texture": "#0"
				},
				"up": {
					"uv": [
						6.25,
						7.75,
						6.125,
						7
					],
					"texture": "#0"
				},
				"down": {
					"uv": [
						6.375,
						7,
						6.25,
						7.75
					],
					"texture": "#0"
				}
			}
		},
		{
			"from": [
				13.08320726172466,
				19.61875945537065,
				10.904689863842663
			],
			"to": [
				13.809379727685325,
				21.07110438729198,
				13.809379727685325
			],
			"rotation": {
				"angle": 0,
				"axis": "y",
				"origin": [
					8,
					8,
					8
				]
			},
			"faces": {
				"north": {
					"uv": [
						7.625,
						2.875,
						7.75,
						3.125
					],
					"texture": "#0"
				},
				"east": {
					"uv": [
						7,
						3.125,
						7.5,
						3.375
					],
					"texture": "#0"
				},
				"south": {
					"uv": [
						7.625,
						3.125,
						7.75,
						3.375
					],
					"texture": "#0"
				},
				"west": {
					"uv": [
						7,
						3.375,
						7.5,
						3.625
					],
					"texture": "#0"
				},
				"up": {
					"uv": [
						2.5,
						7.875,
						2.375,
						7.375
					],
					"texture": "#0"
				},
				"down": {
					"uv": [
						2.625,
						7.375,
						2.5,
						7.875
					],
					"texture": "#0"
				}
			}
		},
		{
			"from": [
				12.676071406959153,
				20.601670196671712,
				10.904689863842663
			],
			"to": [
				13.402243872919819,
				21.690928895612707,
				13.809379727685325
			],
			"rotation": {
				"angle": 45,
				"axis": "z",
				"origin": [
					13.039157639939486,
					21.327842662632378,
					12.357034795763994
				]
			},
			"faces": {
				"north": {
					"uv": [
						2.625,
						7.625,
						2.75,
						7.875
					],
					"texture": "#0"
				},
				"east": {
					"uv": [
						2.625,
						7,
						3.125,
						7.25
					],
					"texture": "#0"
				},
				"south": {
					"uv": [
						2.75,
						7.625,
						2.875,
						7.875
					],
					"texture": "#0"
				},
				"west": {
					"uv": [
						7,
						2.875,
						7.5,
						3.125
					],
					"texture": "#0"
				},
				"up": {
					"uv": [
						7.5,
						1.5,
						7.375,
						1
					],
					"texture": "#0"
				},
				"down": {
					"uv": [
						7.5,
						1.5,
						7.375,
						2
					],
					"texture": "#0"
				}
			}
		},
		{
			"from": [
				12.357034795763994,
				19.61875945537065,
				10.904689863842663
			],
			"to": [
				13.08320726172466,
				31.237518910741304,
				13.809379727685325
			],
			"rotation": {
				"angle": 0,
				"axis": "y",
				"origin": [
					8,
					8,
					8
				]
			},
			"faces": {
				"north": {
					"uv": [
						1,
						6,
						1.125,
						8
					],
					"texture": "#0"
				},
				"east": {
					"uv": [
						4.25,
						5.5,
						4.75,
						7.5
					],
					"texture": "#0"
				},
				"south": {
					"uv": [
						1.125,
						6,
						1.25,
						8
					],
					"texture": "#0"
				},
				"west": {
					"uv": [
						4.75,
						5.5,
						5.25,
						7.5
					],
					"texture": "#0"
				},
				"up": {
					"uv": [
						7.375,
						4.75,
						7.25,
						4.25
					],
					"texture": "#0"
				},
				"down": {
					"uv": [
						7.375,
						7.125,
						7.25,
						7.625
					],
					"texture": "#0"
				}
			}
		},
		{
			"from": [
				12.357034795763994,
				26.88048411497731,
				9.452344931921331
			],
			"to": [
				13.08320726172466,
				31.237518910741304,
				10.904689863842663
			],
			"rotation": {
				"angle": 0,
				"axis": "y",
				"origin": [
					8,
					8,
					8
				]
			},
			"faces": {
				"north": {
					"uv": [
						7,
						7.125,
						7.125,
						7.875
					],
					"texture": "#0"
				},
				"east": {
					"uv": [
						6.75,
						3.625,
						7,
						4.375
					],
					"texture": "#0"
				},
				"south": {
					"uv": [
						7.125,
						7.125,
						7.25,
						7.875
					],
					"texture": "#0"
				},
				"west": {
					"uv": [
						6.75,
						4.375,
						7,
						5.125
					],
					"texture": "#0"
				},
				"up": {
					"uv": [
						7.75,
						1.75,
						7.625,
						1.5
					],
					"texture": "#0"
				},
				"down": {
					"uv": [
						7.75,
						1.75,
						7.625,
						2
					],
					"texture": "#0"
				}
			}
		},
		{
			"from": [
				12.357034795763994,
				25.853523751891075,
				10.780100453857791
			],
			"to": [
				13.08320726172466,
				28.03204114977307,
				11.86935915279879
			],
			"rotation": {
				"angle": -45,
				"axis": "x",
				"origin": [
					12.720121028744327,
					25.853523751891075,
					11.506272919818457
				]
			},
			"faces": {
				"north": {
					"uv": [
						7.5,
						1.25,
						7.625,
						1.625
					],
					"texture": "#0"
				},
				"east": {
					"uv": [
						5.625,
						7.125,
						5.875,
						7.5
					],
					"texture": "#0"
				},
				"south": {
					"uv": [
						7.5,
						1.625,
						7.625,
						2
					],
					"texture": "#0"
				},
				"west": {
					"uv": [
						5.875,
						7.125,
						6.125,
						7.5
					],
					"texture": "#0"
				},
				"up": {
					"uv": [
						7.75,
						1.25,
						7.625,
						1
					],
					"texture": "#0"
				},
				"down": {
					"uv": [
						7.75,
						1.25,
						7.625,
						1.5
					],
					"texture": "#0"
				}
			}
		},
		{
			"from": [
				12.012197276853254,
				31.131178214826022,
				9.452344931921331
			],
			"to": [
				13.039150378214828,
				31.85735068078669,
				13.809379727685325
			],
			"rotation": {
				"angle": -45,
				"axis": "z",
				"origin": [
					12.312977912254162,
					31.49426444780636,
					11.630862329803328
				]
			},
			"faces": {
				"north": {
					"uv": [
						7.75,
						0.25,
						7.875,
						0.375
					],
					"texture": "#0"
				},
				"east": {
					"uv": [
						7,
						6.375,
						7.75,
						6.5
					],
					"texture": "#0"
				},
				"south": {
					"uv": [
						7.75,
						0.375,
						7.875,
						0.5
					],
					"texture": "#0"
				},
				"west": {
					"uv": [
						7,
						7,
						7.75,
						7.125
					],
					"texture": "#0"
				},
				"up": {
					"uv": [
						5.5,
						7.875,
						5.375,
						7.125
					],
					"texture": "#0"
				},
				"down": {
					"uv": [
						5.625,
						7.125,
						5.5,
						7.875
					],
					"texture": "#0"
				}
			}
		},
		{
			"from": [
				9.00115945537065,
				30.87442541603631,
				9.452344931921331
			],
			"to": [
				10.028112556732225,
				31.600597881996976,
				13.809379727685325
			],
			"rotation": {
				"angle": 45,
				"axis": "z",
				"origin": [
					9.665026323751892,
					31.237511649016643,
					11.630862329803328
				]
			},
			"faces": {
				"north": {
					"uv": [
						7.75,
						0,
						7.875,
						0.125
					],
					"texture": "#0"
				},
				"east": {
					"uv": [
						7,
						6.125,
						7.75,
						6.25
					],
					"texture": "#0"
				},
				"south": {
					"uv": [
						7.75,
						0.125,
						7.875,
						0.25
					],
					"texture": "#0"
				},
				"west": {
					"uv": [
						7,
						6.25,
						7.75,
						6.375
					],
					"texture": "#0"
				},
				"up": {
					"uv": [
						6.5,
						7.75,
						6.375,
						7
					],
					"texture": "#0"
				},
				"down": {
					"uv": [
						7,
						7,
						6.875,
						7.75
					],
					"texture": "#0"
				}
			}
		}
	],
	"display": {
		"head": {
			"rotation": [
				0,
				180,
				0
			]
		}
	}
}