{
	"credit": "Made with Blockbench",
	"texture_size": [64, 64],
	"textures": {
		"0": "manic:block/corpsebulb/base",
		"particle": "manic:block/corpsebulb/base"
	},
	"elements": [
		{
			"name": "bulb",
			"from": [3, 4, 3],
			"to": [13, 14, 13],
			"faces": {
				"north": {"uv": [5.75, 6.5, 8.25, 9], "texture": "#0", "tintindex": 0},
				"east": {"uv": [3.25, 6.5, 5.75, 9], "texture": "#0", "tintindex": 0},
				"south": {"uv": [10.75, 6.5, 13.25, 9], "texture": "#0", "tintindex": 0},
				"west": {"uv": [8.25, 6.5, 10.75, 9], "texture": "#0", "tintindex": 0},
				"up": {"uv": [5.75, 4, 8.25, 6.5], "texture": "#0", "tintindex": 0},
				"down": {"uv": [8.25, 4, 10.75, 6.5], "texture": "#0", "tintindex": 0}
			}
		},
		{
			"name": "stem",
			"from": [8, 0, 1],
			"to": [8, 31, 15],
			"rotation": {"angle": -45, "axis": "y", "origin": [8, 15.5, 8]},
			"faces": {
				"north": {"uv": [0, 0, 0, 7.75], "texture": "#missing"},
				"east": {"uv": [0, 0, 3, 7.75], "texture": "#0", "tintindex": 0},
				"south": {"uv": [0, 0, 0, 7.75], "texture": "#missing"},
				"west": {"uv": [0, 0, 3, 7.75], "texture": "#0", "tintindex": 0},
				"up": {"uv": [0, 0, 3, 0], "rotation": 90, "texture": "#missing"},
				"down": {"uv": [0, 0, 3, 0], "rotation": 270, "texture": "#missing"}
			}
		},
		{
			"name": "stem",
			"from": [1, 0, 8],
			"to": [15, 31, 8],
			"rotation": {"angle": -45, "axis": "y", "origin": [8, 15.5, 8]},
			"faces": {
				"north": {"uv": [0, 0, 3, 7.75], "texture": "#0", "tintindex": 0},
				"east": {"uv": [0, 0, 0, 7.75], "texture": "#missing"},
				"south": {"uv": [0, 0, 3, 7.75], "texture": "#0", "tintindex": 0},
				"west": {"uv": [0, 0, 0, 7.75], "texture": "#missing"},
				"up": {"uv": [0, 0, 3, 0], "texture": "#missing"},
				"down": {"uv": [0, 0, 3, 0], "texture": "#missing"}
			}
		}
	],
	"groups": [
		0,
		{
			"name": "stem",
			"origin": [8, 15.5, 8],
			"color": 0,
			"children": [1, 2]
		}
	]
}