{
	"credit": "Made with Blockbench",
	"texture_size": [64, 64],
	"textures": {
		"0": "manic:block/grimstone_outcrop",
		"particle": "manic:block/grimstone_outcrop"
	},
	"elements": [
		{
			"from": [7.75, -16, 2.75],
			"to": [13.25, 16, 8.25],
			"rotation": {"angle": 0, "axis": "y", "origin": [8.25, -16, 3.25]},
			"faces": {
				"north": {"uv": [2.75, 0, 5.5, 16], "texture": "#0"},
				"east": {"uv": [2.75, 0, 5.5, 16], "texture": "#0"},
				"south": {"uv": [2.75, 0, 5.5, 16], "texture": "#0"},
				"west": {"uv": [2.75, 0, 5.5, 16], "texture": "#0"},
				"up": {"uv": [13.25, 0, 16, 2.75], "texture": "#0"},
				"down": {"uv": [13.25, 0, 16, 2.75], "texture": "#0"}
			}
		},
		{
			"from": [2.75, -16, 7.75],
			"to": [8.25, 8, 13.25],
			"rotation": {"angle": 0, "axis": "y", "origin": [3.25, -16, 8.25]},
			"faces": {
				"north": {"uv": [8.25, 4, 11, 16], "texture": "#0"},
				"east": {"uv": [8.25, 4, 11, 16], "texture": "#0"},
				"south": {"uv": [8.25, 4, 11, 16], "texture": "#0"},
				"west": {"uv": [8.25, 4, 11, 16], "texture": "#0"},
				"up": {"uv": [13.25, 0, 16, 2.75], "texture": "#0"},
				"down": {"uv": [13.25, 0, 16, 2.75], "texture": "#0"}
			}
		}
	]
}