{
	"credit": "Made with Blockbench",
	"texture_size": [64, 64],
	"textures": {
		"0": "manic:block/grimstone_outcrop",
		"particle": "manic:block/grimstone_outcrop"
	},
	"elements": [
		{
			"from": [2.75, -16, 2.25],
			"to": [8.25, 16, 7.75],
			"rotation": {"angle": 0, "axis": "y", "origin": [8, -2, 7.5]},
			"faces": {
				"north": {"uv": [0, 0, 2.75, 16], "texture": "#0"},
				"east": {"uv": [0, 0, 2.75, 16], "texture": "#0"},
				"south": {"uv": [0, 0, 2.75, 16], "texture": "#0"},
				"west": {"uv": [0, 0, 2.75, 16], "texture": "#0"},
				"up": {"uv": [13.25, 0, 16, 2.75], "rotation": 270, "texture": "#0"},
				"down": {"uv": [13.25, 0, 16, 2.75], "rotation": 90, "texture": "#0"}
			}
		},
		{
			"from": [7.75, -16, 4.25],
			"to": [13.25, 8, 9.75],
			"rotation": {"angle": 0, "axis": "y", "origin": [8, -2, 4.5]},
			"faces": {
				"north": {"uv": [8.25, 4, 11, 16], "texture": "#0"},
				"east": {"uv": [8.25, 4, 11, 16], "texture": "#0"},
				"south": {"uv": [8.25, 4, 11, 16], "texture": "#0"},
				"west": {"uv": [8.25, 4, 11, 16], "texture": "#0"},
				"up": {"uv": [13.25, 0, 16, 2.75], "rotation": 270, "texture": "#0"},
				"down": {"uv": [13.25, 0, 16, 2.75], "rotation": 90, "texture": "#0"}
			}
		},
		{
			"from": [4.75, -16, 8.25],
			"to": [10.25, 0, 13.75],
			"rotation": {"angle": 0, "axis": "y", "origin": [5, -2, 8.5]},
			"faces": {
				"north": {"uv": [11, 8, 13.75, 16], "texture": "#0"},
				"east": {"uv": [11, 8, 13.75, 16], "texture": "#0"},
				"south": {"uv": [11, 8, 13.75, 16], "texture": "#0"},
				"west": {"uv": [11, 8, 13.75, 16], "texture": "#0"},
				"up": {"uv": [13.25, 0, 16, 2.75], "rotation": 270, "texture": "#0"},
				"down": {"uv": [13.25, 0, 16, 2.75], "rotation": 90, "texture": "#0"}
			}
		}
	]
}