{
	"credit": "Made with Blockbench",
	"parent": "minecraft:block/cube",
	"texture_size": [32, 32],
	"textures": {
		"0": "manic:block/deepslate_podium",
		"particle": "manic:block/deepslate_altar/particles"
	},
	"elements": [
		{
			"name": "Pillar",
			"from": [3, 4, 3],
			"to": [13, 10, 13],
			"rotation": {"angle": 0, "axis": "y", "origin": [8, 7, 8]},
			"faces": {
				"north": {"uv": [0, 3, 5, 6], "texture": "#0"},
				"east": {"uv": [0, 3, 5, 6], "texture": "#0"},
				"south": {"uv": [0, 3, 5, 6], "texture": "#0"},
				"west": {"uv": [0, 3, 5, 6], "texture": "#0"},
				"up": {"uv": [0, 0, 0, 0], "texture": "#0"},
				"down": {"uv": [0, 0, 0, 0], "texture": "#0"}
			}
		},
		{
			"name": "Base",
			"from": [0, 0, 0],
			"to": [16, 4, 16],
			"rotation": {"angle": 0, "axis": "y", "origin": [8, 2, 8]},
			"faces": {
				"north": {"uv": [0, 6, 8, 8], "texture": "#0"},
				"east": {"uv": [0, 6, 8, 8], "texture": "#0"},
				"south": {"uv": [0, 6, 8, 8], "texture": "#0"},
				"west": {"uv": [0, 6, 8, 8], "texture": "#0"},
				"up": {"uv": [8, 8, 16, 16], "texture": "#0"},
				"down": {"uv": [8, 8, 16, 16], "texture": "#0"}
			}
		},
		{
			"name": "Top",
			"from": [0, 10, 0],
			"to": [16, 16, 16],
			"rotation": {"angle": 0, "axis": "y", "origin": [8, 13, 8]},
			"faces": {
				"north": {"uv": [0, 0, 8, 3], "texture": "#0"},
				"east": {"uv": [0, 0, 8, 3], "texture": "#0"},
				"south": {"uv": [0, 0, 8, 3], "texture": "#0"},
				"west": {"uv": [0, 0, 8, 3], "texture": "#0"},
				"up": {"uv": [8, 0, 16, 8], "texture": "#0"},
				"down": {"uv": [8, 8, 16, 16], "texture": "#0"}
			}
		}
	]
}