{
	"credit": "Made with Blockbench",
	"texture_size": [64, 64],
	"textures": {
		"0": "manic:block/eerie_idol",
		"particle": "manic:block/eerie_idol"
	},
	"elements": [
		{
			"name": "Head",
			"from": [3, 11, 3.575],
			"to": [13, 26, 12.575],
			"rotation": {"angle": 0, "axis": "y", "origin": [4, 11, 3.575]},
			"faces": {
				"north": {"uv": [2.25, 0, 4.75, 3.75], "texture": "#0"},
				"east": {"uv": [0, 0, 2.25, 3.75], "texture": "#0"},
				"south": {"uv": [4.75, 0, 7.25, 3.75], "texture": "#0"},
				"west": {"uv": [2.25, 0, 0, 3.75], "texture": "#0"},
				"up": {"uv": [0, 3.75, 2.5, 6], "rotation": 180, "texture": "#0"},
				"down": {"uv": [2.5, 3.75, 5, 6], "texture": "#0"}
			}
		},
		{
			"name": "Jaw",
			"from": [5, -1, 3.575],
			"to": [11, 11, 4.575],
			"rotation": {"angle": 0, "axis": "y", "origin": [4, 11, 3.575]},
			"faces": {
				"north": {"uv": [7.5, 0.25, 9, 3.25], "texture": "#0"},
				"east": {"uv": [7.25, 0.25, 7.5, 3.25], "texture": "#0"},
				"west": {"uv": [7.5, 0.25, 7.25, 3.25], "texture": "#0"},
				"down": {"uv": [7.5, 0, 9, 0.25], "texture": "#0"}
			}
		},
		{
			"name": "Body",
			"from": [3, -16, 4.575],
			"to": [13, 11, 11.575],
			"rotation": {"angle": 0, "axis": "y", "origin": [4, -15, 3.575]},
			"faces": {
				"north": {"uv": [1.75, 9.25, 4.25, 16], "texture": "#0"},
				"east": {"uv": [1.75, 9.25, 0, 16], "texture": "#0"},
				"south": {"uv": [4.25, 9.25, 6.75, 16], "texture": "#0"},
				"west": {"uv": [0, 9.25, 1.75, 16], "texture": "#0"},
				"up": {"uv": [0, 3.75, 2.5, 6], "rotation": 180, "texture": "#0"},
				"down": {"uv": [1.75, 7.5, 4.25, 9.25], "texture": "#0"}
			}
		},
		{
			"from": [13, 0, 7.575],
			"to": [23, 8, 8.575],
			"rotation": {"angle": 0, "axis": "y", "origin": [13, 7, 7.575]},
			"faces": {
				"north": {"uv": [13.5, 6, 16, 8], "texture": "#0"},
				"south": {"uv": [16, 6, 13.5, 8], "texture": "#0"},
				"down": {"uv": [13.5, 8, 16, 8.25], "texture": "#0"}
			}
		},
		{
			"from": [13, 8, 6.575],
			"to": [30, 11, 9.575],
			"rotation": {"angle": 0, "axis": "y", "origin": [13, 8, 6.575]},
			"faces": {
				"north": {"uv": [11.75, 0.75, 16, 1.5], "texture": "#0"},
				"east": {"uv": [11, 0.75, 11.75, 1.5], "texture": "#0"},
				"south": {"uv": [16, 0.75, 11.75, 1.5], "texture": "#0"},
				"up": {"uv": [11.75, 0, 16, 0.75], "texture": "#0"},
				"down": {"uv": [11.75, 1.5, 16, 2.25], "texture": "#0"}
			}
		},
		{
			"from": [17, -3, 6.575],
			"to": [19, 8, 9.575],
			"rotation": {"angle": 0, "axis": "y", "origin": [17, 5, 6.575]},
			"faces": {
				"north": {"uv": [14.75, 2.25, 15.25, 5], "texture": "#0"},
				"east": {"uv": [15.25, 2.25, 16, 5], "texture": "#0"},
				"south": {"uv": [15.25, 2.25, 14.75, 5], "texture": "#0"},
				"west": {"uv": [16, 2.25, 15.25, 5], "texture": "#0"},
				"up": {"uv": [0, 0, 0.5, 0.75], "texture": "#missing"},
				"down": {"uv": [14.75, 5, 15.5, 5.5], "rotation": 90, "texture": "#0"}
			}
		},
		{
			"from": [23, -5, 6.575],
			"to": [25, 8, 9.575],
			"rotation": {"angle": 0, "axis": "y", "origin": [23, 5, 6.575]},
			"faces": {
				"north": {"uv": [13.25, 2.25, 13.75, 5.5], "texture": "#0"},
				"east": {"uv": [12.5, 3.25, 13.25, 6.5], "texture": "#0"},
				"south": {"uv": [13.75, 2.25, 13.25, 5.5], "texture": "#0"},
				"west": {"uv": [14.5, 2.25, 13.75, 5.5], "texture": "#0"},
				"up": {"uv": [0, 0, 0.5, 0.75], "texture": "#missing"},
				"down": {"uv": [13.25, 5.5, 14, 6], "rotation": 90, "texture": "#0"}
			}
		},
		{
			"from": [21, -5, 6.575],
			"to": [23, -3, 9.575],
			"rotation": {"angle": 0, "axis": "y", "origin": [21, 5, 6.575]},
			"faces": {
				"north": {"uv": [11.75, 2.75, 12.25, 3.25], "texture": "#0"},
				"east": {"uv": [13.75, 2.25, 14.5, 5.5], "texture": "#0"},
				"south": {"uv": [11.75, 2.75, 12.25, 3.25], "texture": "#0"},
				"west": {"uv": [13, 2.75, 12.25, 3.25], "texture": "#0"},
				"up": {"uv": [11.75, 2.25, 12.5, 2.75], "rotation": 90, "texture": "#0"},
				"down": {"uv": [12.5, 2.25, 13.25, 2.75], "rotation": 90, "texture": "#0"}
			}
		},
		{
			"from": [27, 4, 6.575],
			"to": [30, 8, 9.575],
			"rotation": {"angle": 0, "axis": "y", "origin": [28, 5, 6.575]},
			"faces": {
				"north": {"uv": [10, 3, 10.75, 4], "texture": "#0"},
				"east": {"uv": [9.25, 3, 10, 4], "texture": "#0"},
				"south": {"uv": [10.75, 3, 10, 4], "texture": "#0"},
				"west": {"uv": [10.75, 3, 11.5, 4], "texture": "#0"},
				"down": {"uv": [10.75, 2.25, 11.5, 3], "texture": "#0"}
			}
		},
		{
			"from": [-7, 0, 7.575],
			"to": [3, 8, 8.575],
			"rotation": {"angle": 0, "axis": "y", "origin": [-7, 7, 7.575]},
			"faces": {
				"north": {"uv": [16, 6, 13.5, 8], "texture": "#0"},
				"south": {"uv": [13.5, 6, 16, 8], "texture": "#0"},
				"down": {"uv": [16, 8, 13.5, 8.25], "texture": "#0"}
			}
		},
		{
			"from": [-14, 8, 6.575],
			"to": [3, 11, 9.575],
			"rotation": {"angle": 0, "axis": "y", "origin": [-14, 8, 6.575]},
			"faces": {
				"north": {"uv": [16, 0.75, 11.75, 1.5], "texture": "#0"},
				"south": {"uv": [11.75, 0.75, 16, 1.5], "texture": "#0"},
				"west": {"uv": [11.75, 0.75, 11, 1.5], "texture": "#0"},
				"up": {"uv": [16, 0, 11.75, 0.75], "texture": "#0"},
				"down": {"uv": [16, 1.5, 11.75, 2.25], "texture": "#0"}
			}
		},
		{
			"from": [-3, -3, 6.575],
			"to": [-1, 8, 9.575],
			"rotation": {"angle": 0, "axis": "y", "origin": [-3, 5, 6.575]},
			"faces": {
				"north": {"uv": [15.25, 2.25, 14.75, 5], "texture": "#0"},
				"east": {"uv": [16, 2.25, 15.25, 5], "texture": "#0"},
				"south": {"uv": [14.75, 2.25, 15.25, 5], "texture": "#0"},
				"west": {"uv": [15.25, 2.25, 16, 5], "texture": "#0"},
				"up": {"uv": [0.5, 0, 0, 0.75], "texture": "#missing"},
				"down": {"uv": [15.5, 5, 14.75, 5.5], "rotation": 90, "texture": "#0"}
			}
		},
		{
			"from": [-9, -5, 6.575],
			"to": [-7, 8, 9.575],
			"rotation": {"angle": 0, "axis": "y", "origin": [-9, 5, 6.575]},
			"faces": {
				"north": {"uv": [13.75, 2.25, 13.25, 5.5], "texture": "#0"},
				"east": {"uv": [14.5, 2.25, 13.75, 5.5], "texture": "#0"},
				"south": {"uv": [13.25, 2.25, 13.75, 5.5], "texture": "#0"},
				"west": {"uv": [13.25, 3.25, 12.5, 6.5], "texture": "#0"},
				"up": {"uv": [0.5, 0, 0, 0.75], "texture": "#missing"},
				"down": {"uv": [14, 5.5, 13.25, 6], "rotation": 90, "texture": "#0"}
			}
		},
		{
			"from": [-7, -5, 6.575],
			"to": [-5, -3, 9.575],
			"rotation": {"angle": 0, "axis": "y", "origin": [-7, 5, 6.575]},
			"faces": {
				"north": {"uv": [12.25, 2.75, 11.75, 3.25], "texture": "#0"},
				"east": {"uv": [14.5, 2.25, 13.75, 5.5], "texture": "#0"},
				"south": {"uv": [12.25, 2.75, 11.75, 3.25], "texture": "#0"},
				"west": {"uv": [12.25, 2.75, 13, 3.25], "texture": "#0"},
				"up": {"uv": [12.5, 2.25, 11.75, 2.75], "rotation": 90, "texture": "#0"},
				"down": {"uv": [13.25, 2.25, 12.5, 2.75], "rotation": 90, "texture": "#0"}
			}
		},
		{
			"from": [-14, 4, 6.575],
			"to": [-11, 8, 9.575],
			"rotation": {"angle": 0, "axis": "y", "origin": [-13, 5, 6.575]},
			"faces": {
				"north": {"uv": [10.75, 3, 10, 4], "texture": "#0"},
				"east": {"uv": [11.5, 3, 10.75, 4], "texture": "#0"},
				"south": {"uv": [10, 3, 10.75, 4], "texture": "#0"},
				"west": {"uv": [10, 3, 9.25, 4], "texture": "#0"},
				"down": {"uv": [11.5, 2.25, 10.75, 3], "texture": "#0"}
			}
		},
		{
			"from": [14, 17, 7.575],
			"to": [16, 32, 9.575],
			"rotation": {"angle": 0, "axis": "y", "origin": [14, 17, 7.575]},
			"faces": {
				"north": {"uv": [15, 12.25, 15.5, 16], "texture": "#0"},
				"east": {"uv": [14.5, 12.25, 15, 16], "texture": "#0"},
				"south": {"uv": [15.5, 12.25, 15, 16], "texture": "#0"},
				"west": {"uv": [15.5, 12.25, 16, 16], "texture": "#0"},
				"up": {"uv": [15, 11.75, 15.5, 12.25], "texture": "#0"},
				"down": {"uv": [15.5, 11.75, 16, 12.25], "texture": "#0"}
			}
		},
		{
			"from": [13, 17, 7.575],
			"to": [14, 19, 9.575],
			"rotation": {"angle": 0, "axis": "y", "origin": [12, 17, 7.575]},
			"faces": {
				"north": {"uv": [14.25, 14, 14.5, 14.5], "texture": "#0"},
				"east": {"uv": [14.25, 14, 13.75, 14.5], "texture": "#0"},
				"south": {"uv": [14.5, 14, 14.25, 14.5], "texture": "#0"},
				"west": {"uv": [14.25, 14, 13.75, 14.5], "texture": "#0"},
				"up": {"uv": [14, 13.75, 14.5, 14], "rotation": 90, "texture": "#0"},
				"down": {"uv": [14.5, 13.75, 14, 14], "rotation": 90, "texture": "#0"}
			}
		},
		{
			"from": [2, 17, 7.575],
			"to": [3, 19, 9.575],
			"rotation": {"angle": 0, "axis": "y", "origin": [1, 17, 7.575]},
			"faces": {
				"north": {"uv": [14.5, 14, 14.25, 14.5], "texture": "#0"},
				"east": {"uv": [14.25, 14, 13.75, 14.5], "texture": "#0"},
				"south": {"uv": [14.25, 14, 14.5, 14.5], "texture": "#0"},
				"west": {"uv": [14.25, 14, 13.75, 14.5], "texture": "#0"},
				"up": {"uv": [14.5, 13.75, 14, 14], "rotation": 90, "texture": "#0"},
				"down": {"uv": [14, 13.75, 14.5, 14], "rotation": 90, "texture": "#0"}
			}
		},
		{
			"from": [0, 17, 7.575],
			"to": [2, 32, 9.575],
			"rotation": {"angle": 0, "axis": "y", "origin": [0, 17, 7.575]},
			"faces": {
				"north": {"uv": [15.5, 12.25, 15, 16], "texture": "#0"},
				"east": {"uv": [16, 12.25, 15.5, 16], "texture": "#0"},
				"south": {"uv": [15, 12.25, 15.5, 16], "texture": "#0"},
				"west": {"uv": [15, 12.25, 14.5, 16], "texture": "#0"},
				"up": {"uv": [15.5, 11.75, 15, 12.25], "texture": "#0"},
				"down": {"uv": [16, 11.75, 15.5, 12.25], "texture": "#0"}
			}
		},
		{
			"from": [2, 30, 7.575],
			"to": [14, 32, 9.575],
			"rotation": {"angle": 0, "axis": "y", "origin": [2, 31, 8.575]},
			"faces": {
				"north": {"uv": [11.5, 15.5, 14.5, 16], "texture": "#0"},
				"south": {"uv": [14.5, 15.5, 11.5, 16], "texture": "#0"},
				"up": {"uv": [11.5, 14.5, 14.5, 15], "texture": "#0"},
				"down": {"uv": [11.5, 15, 14.5, 15.5], "texture": "#0"}
			}
		}
	],
	"display": {
		"head": {
			"translation": [0, -7.5, 0],
			"scale": [1.62, 1.62, 1.62]
		}
	},
	"groups": [
		0,
		1,
		2,
		{
			"name": "Wing0",
			"origin": [13, 8, 6],
			"color": 0,
			"children": [3, 4, 5, 6, 7, 8]
		},
		{
			"name": "Wing0",
			"origin": [13, 8, 6],
			"color": 0,
			"children": [9, 10, 11, 12, 13, 14]
		},
		{
			"name": "Halo",
			"origin": [14, 17, 7],
			"color": 0,
			"children": [15, 16, 17, 18, 19]
		}
	]
}