{
	"credit": "Made with Blockbench",
	"texture_size": [64, 64],
	"textures": {
		"0": "manic:block/corpsebulb/viscous",
		"particle": "manic:block/corpsebulb/viscous"
	},
	"elements": [
		{
			"name": "bulb",
			"from": [3, 4, 3],
			"to": [13, 14, 13],
			"faces": {
				"north": {"uv": [8.5, 2.5, 11, 5], "texture": "#0", "tintindex": 0},
				"east": {"uv": [6, 2.5, 8.5, 5], "texture": "#0", "tintindex": 0},
				"south": {"uv": [13.5, 2.5, 16, 5], "texture": "#0", "tintindex": 0},
				"west": {"uv": [11, 2.5, 13.5, 5], "texture": "#0", "tintindex": 0},
				"up": {"uv": [8.5, 0, 11, 2.5], "texture": "#0", "tintindex": 0},
				"down": {"uv": [11, 0, 13.5, 2.5], "texture": "#0", "tintindex": 0}
			}
		},
		{
			"name": "bulb",
			"from": [3, 2, 3],
			"to": [13, 4, 13],
			"faces": {
				"north": {"uv": [8.5, 5, 11, 5.5], "texture": "#0", "tintindex": 0},
				"east": {"uv": [6, 5, 8.5, 5.5], "texture": "#0", "tintindex": 0},
				"south": {"uv": [13.5, 5, 16, 5.5], "texture": "#0", "tintindex": 0},
				"west": {"uv": [11, 5, 13.5, 5.5], "texture": "#0", "tintindex": 0}
			}
		},
		{
			"name": "stem",
			"from": [8, 0, 1],
			"to": [8, 31, 15],
			"rotation": {"angle": -45, "axis": "y", "origin": [8, 15.5, 8]},
			"faces": {
				"north": {"uv": [0, 0, 0, 7.75], "texture": "#missing"},
				"east": {"uv": [0, 0, 3, 7.75], "texture": "#0", "tintindex": 0},
				"south": {"uv": [0, 0, 0, 7.75], "texture": "#missing"},
				"west": {"uv": [0, 0, 3, 7.75], "texture": "#0", "tintindex": 0},
				"up": {"uv": [0, 0, 3, 0], "rotation": 90, "texture": "#missing"},
				"down": {"uv": [0, 0, 3, 0], "rotation": 270, "texture": "#missing"}
			}
		},
		{
			"name": "stem",
			"from": [1, 0, 8],
			"to": [15, 31, 8],
			"rotation": {"angle": -45, "axis": "y", "origin": [8, 15.5, 8]},
			"faces": {
				"north": {"uv": [0, 0, 3, 7.75], "texture": "#0", "tintindex": 0},
				"east": {"uv": [0, 0, 0, 7.75], "texture": "#missing"},
				"south": {"uv": [0, 0, 3, 7.75], "texture": "#0", "tintindex": 0},
				"west": {"uv": [0, 0, 0, 7.75], "texture": "#missing"},
				"up": {"uv": [0, 0, 3, 0], "texture": "#missing"},
				"down": {"uv": [0, 0, 3, 0], "texture": "#missing"}
			}
		}
	],
	"groups": [
		0,
		1,
		{
			"name": "stem",
			"origin": [8, 15.5, 8],
			"color": 0,
			"children": [2, 3]
		}
	]
}