{
    "providers": [
      {
        "type": "space",
        "advances": {
          " ": 4,
          "\uc100": 156
        }
      },
      {
        "type": "bitmap",
        "file": "manic:gui/sanity/bar.png",
        "ascent": -70,
        "height": 9,
        "chars": [
          "0123"
        ]
      },
      {
        "type": "bitmap",
        "file": "manic:gui/sanity/large/eyeball_shut.png",
        "ascent": -70,
        "height": 22,
        "chars": [
          "\ua000\ua001\ua002\ua003\ua004"
        ]
      },
      {
        "type": "bitmap",
        "file": "manic:gui/sanity/large/eyeball_mid.png",
        "ascent": -70,
        "height": 22,
        "chars": [
          "\ua010\ua011\ua012\ua013\ua014"
        ]
      },
      {
        "type": "bitmap",
        "file": "manic:gui/sanity/large/eyeball_open.png",
        "ascent": -70,
        "height": 22,
        "chars": [
          "\ua020\ua021\ua022\ua023\ua024"
        ]
      },
      {
        "type": "bitmap",
        "file": "manic:gui/sanity/large/eyeball_lunacy.png",
        "ascent": -70,
        "height": 22,
        "chars": [
          "\ua030\ua031\ua032\ua033\ua034"
        ]
      },
      {
        "type": "bitmap",
        "file": "manic:gui/sanity/large/eyeball_delirium.png",
        "ascent": -70,
        "height": 22,
        "chars": [
          "\ua040\ua041\ua042\ua043\ua044"
        ]
      }
    ]
}
