{
	"credit": "Made with Blockbench",
	"ambientocclusion": false,
	"texture_size": [64, 64],
	"textures": {
		"0": "expansion:armor/space_jetpack_lgray",
		"particle": "expansion:armor/space_jetpack_lgray"
	},
	"elements": [
		{
			"from": [12, 7, 3],
			"to": [13, 9, 12],
			"faces": {
				"north": {"uv": [6.75, 8.25, 7, 8.75], "texture": "#0"},
				"east": {"uv": [9.5, 7.75, 11.75, 8.25], "texture": "#0"},
				"south": {"uv": [8.75, 12.25, 9, 12.75], "texture": "#0"},
				"west": {"uv": [0, 10.5, 2.25, 11], "texture": "#0"},
				"up": {"uv": [5.75, 13.5, 5.5, 11.25], "texture": "#0"},
				"down": {"uv": [11, 11.75, 10.75, 14], "texture": "#0"}
			}
		},
		{
			"from": [12, 9, 5],
			"to": [13, 10, 12],
			"faces": {
				"north": {"uv": [2, 15.25, 2.25, 15.5], "texture": "#0"},
				"east": {"uv": [13.25, 5, 15, 5.25], "texture": "#0"},
				"south": {"uv": [15.25, 3, 15.5, 3.25], "texture": "#0"},
				"west": {"uv": [13.25, 5.5, 15, 5.75], "texture": "#0"},
				"up": {"uv": [7.5, 14.75, 7.25, 13], "texture": "#0"},
				"down": {"uv": [6.25, 13.25, 6, 15], "texture": "#0"}
			}
		},
		{
			"from": [12, 10, 6],
			"to": [13, 11, 12],
			"faces": {
				"north": {"uv": [15.25, 5, 15.5, 5.25], "texture": "#0"},
				"east": {"uv": [13.5, 12.5, 15, 12.75], "texture": "#0"},
				"south": {"uv": [15.25, 5.5, 15.5, 5.75], "texture": "#0"},
				"west": {"uv": [13.25, 13.5, 14.75, 13.75], "texture": "#0"},
				"up": {"uv": [5.75, 15.25, 5.5, 13.75], "texture": "#0"},
				"down": {"uv": [2.75, 14, 2.5, 15.5], "texture": "#0"}
			}
		},
		{
			"from": [12, 11, 7],
			"to": [13, 13, 12],
			"faces": {
				"north": {"uv": [15, 6, 15.25, 6.5], "texture": "#0"},
				"east": {"uv": [0, 11.25, 1.25, 11.75], "texture": "#0"},
				"south": {"uv": [6.5, 15, 6.75, 15.5], "texture": "#0"},
				"west": {"uv": [1.5, 11.25, 2.75, 11.75], "texture": "#0"},
				"up": {"uv": [1.25, 15.5, 1, 14.25], "texture": "#0"},
				"down": {"uv": [1.75, 14.25, 1.5, 15.5], "texture": "#0"}
			}
		},
		{
			"from": [12, 14, 4],
			"to": [13, 16, 12],
			"faces": {
				"north": {"uv": [14.5, 7, 14.75, 7.5], "texture": "#0"},
				"east": {"uv": [10.5, 1.5, 12.5, 2], "texture": "#0"},
				"south": {"uv": [14.5, 9.25, 14.75, 9.75], "texture": "#0"},
				"west": {"uv": [2.5, 10.5, 4.5, 11], "texture": "#0"},
				"up": {"uv": [4.75, 8, 4.5, 6], "texture": "#0"},
				"down": {"uv": [1.25, 12, 1, 14], "texture": "#0"}
			}
		},
		{
			"from": [12, 13, 6],
			"to": [13, 14, 12],
			"faces": {
				"north": {"uv": [6, 15.25, 6.25, 15.5], "texture": "#0"},
				"east": {"uv": [13.75, 0, 15.25, 0.25], "texture": "#0"},
				"south": {"uv": [15.25, 8.25, 15.5, 8.5], "texture": "#0"},
				"west": {"uv": [13.75, 0.5, 15.25, 0.75], "texture": "#0"},
				"up": {"uv": [3.25, 15.5, 3, 14], "texture": "#0"},
				"down": {"uv": [3.75, 14, 3.5, 15.5], "texture": "#0"}
			}
		},
		{
			"from": [4, 7, 12],
			"to": [12, 16, 13],
			"faces": {
				"north": {"uv": [5, 3.25, 7, 5.5], "texture": "#0"},
				"east": {"uv": [11.25, 11.75, 11.5, 14], "texture": "#0"},
				"south": {"uv": [5, 5.75, 7, 8], "texture": "#0"},
				"west": {"uv": [11.75, 11.75, 12, 14], "texture": "#0"},
				"up": {"uv": [14.25, 4.25, 12.25, 4], "texture": "#0"},
				"down": {"uv": [14.25, 4.5, 12.25, 4.75], "texture": "#0"}
			}
		},
		{
			"from": [3.65, 8, 3.65],
			"to": [12.35, 15.9, 11.9],
			"faces": {
				"north": {"uv": [0.008, 6.008, 1.992, 7.992], "texture": "#0"},
				"east": {"uv": [6.008, 0.008, 7.992, 1.992], "texture": "#0"},
				"south": {"uv": [2.258, 6.008, 4.242, 7.992], "texture": "#0"},
				"west": {"uv": [7.258, 2.258, 9.242, 4.242], "texture": "#0"},
				"up": {"uv": [9.242, 6.492, 7.258, 4.508], "texture": "#0"},
				"down": {"uv": [9.242, 6.758, 7.258, 8.742], "texture": "#0"}
			}
		},
		{
			"from": [4, 16, 4],
			"to": [12, 17, 12],
			"faces": {
				"north": {"uv": [12.75, 1.5, 14.75, 1.75], "texture": "#0"},
				"east": {"uv": [13, 8.25, 15, 8.5], "texture": "#0"},
				"south": {"uv": [13, 8.75, 15, 9], "texture": "#0"},
				"west": {"uv": [13, 10, 15, 10.25], "texture": "#0"},
				"up": {"uv": [2, 10.25, 0, 8.25], "texture": "#0"},
				"down": {"uv": [10.25, 0, 8.25, 2], "texture": "#0"}
			}
		},
		{
			"from": [4, 7, 4],
			"to": [12, 8, 12],
			"faces": {
				"north": {"uv": [13, 10.5, 15, 10.75], "texture": "#0"},
				"east": {"uv": [12.25, 13, 14.25, 13.25], "texture": "#0"},
				"south": {"uv": [13.25, 2, 15.25, 2.25], "texture": "#0"},
				"west": {"uv": [13.25, 2.5, 15.25, 2.75], "texture": "#0"},
				"up": {"uv": [4.25, 10.25, 2.25, 8.25], "texture": "#0"},
				"down": {"uv": [6.5, 8.25, 4.5, 10.25], "texture": "#0"}
			}
		},
		{
			"from": [3, 14, 3],
			"to": [13, 16, 4],
			"faces": {
				"north": {"uv": [9.5, 3.5, 12, 4], "texture": "#0"},
				"east": {"uv": [0.5, 14.5, 0.75, 15], "texture": "#0"},
				"south": {"uv": [9.5, 4.25, 12, 4.75], "texture": "#0"},
				"west": {"uv": [14.5, 4, 14.75, 4.5], "texture": "#0"},
				"up": {"uv": [12, 8.75, 9.5, 8.5], "texture": "#0"},
				"down": {"uv": [13.5, 7.25, 11, 7.5], "texture": "#0"}
			}
		},
		{
			"from": [3, 7, 3],
			"to": [4, 9, 12],
			"faces": {
				"north": {"uv": [4, 15, 4.25, 15.5], "texture": "#0"},
				"east": {"uv": [10.5, 0, 12.75, 0.5], "texture": "#0"},
				"south": {"uv": [15, 4.25, 15.25, 4.75], "texture": "#0"},
				"west": {"uv": [10.5, 0.75, 12.75, 1.25], "texture": "#0"},
				"up": {"uv": [0.25, 14.25, 0, 12], "texture": "#0"},
				"down": {"uv": [0.75, 12, 0.5, 14.25], "texture": "#0"}
			}
		},
		{
			"from": [4, 7, 3],
			"to": [12, 8, 4],
			"faces": {
				"north": {"uv": [11, 6, 13, 6.25], "texture": "#0"},
				"east": {"uv": [4.5, 15, 4.75, 15.5], "texture": "#0"},
				"south": {"uv": [11, 6.5, 13, 7], "texture": "#0"},
				"west": {"uv": [5, 15, 5.25, 15.5], "texture": "#0"},
				"up": {"uv": [14.25, 9.75, 12.25, 9.5], "texture": "#0"},
				"down": {"uv": [14.25, 11, 12.25, 11.25], "texture": "#0"}
			}
		},
		{
			"from": [11, 8, 3],
			"to": [12, 9, 4],
			"faces": {
				"north": {"uv": [11.5, 6, 11.75, 6.25], "texture": "#0"},
				"east": {"uv": [4.5, 15, 4.75, 15.5], "texture": "#0"},
				"south": {"uv": [11, 6.5, 13, 7], "texture": "#0"},
				"west": {"uv": [6, 15.25, 6.25, 15.5], "texture": "#0"},
				"up": {"uv": [13.75, 9.75, 13.5, 9.5], "texture": "#0"},
				"down": {"uv": [14.25, 11, 12.25, 11.25], "texture": "#0"}
			}
		},
		{
			"from": [4, 8, 3],
			"to": [5, 9, 4],
			"faces": {
				"north": {"uv": [11.5, 6, 11.75, 6.25], "texture": "#0"},
				"east": {"uv": [4, 15, 4.25, 15.25], "texture": "#0"},
				"south": {"uv": [11, 6.5, 13, 7], "texture": "#0"},
				"west": {"uv": [6, 15.25, 6.25, 15.5], "texture": "#0"},
				"up": {"uv": [12.25, 9.75, 12.5, 9.5], "texture": "#0"},
				"down": {"uv": [14.25, 11, 12.25, 11.25], "texture": "#0"}
			}
		},
		{
			"from": [3, 9, 5],
			"to": [4, 10, 12],
			"faces": {
				"north": {"uv": [15, 14.25, 15.25, 14.5], "texture": "#0"},
				"east": {"uv": [8.75, 13, 10.5, 13.25], "texture": "#0"},
				"south": {"uv": [0.5, 15.25, 0.75, 15.5], "texture": "#0"},
				"west": {"uv": [13.25, 3, 15, 3.25], "texture": "#0"},
				"up": {"uv": [2.75, 13.75, 2.5, 12], "texture": "#0"},
				"down": {"uv": [7, 13, 6.75, 14.75], "texture": "#0"}
			}
		},
		{
			"from": [3, 10, 6],
			"to": [4, 11, 12],
			"faces": {
				"north": {"uv": [14.5, 1, 14.75, 1.25], "texture": "#0"},
				"east": {"uv": [13.25, 6, 14.75, 6.25], "texture": "#0"},
				"south": {"uv": [14.5, 7.75, 14.75, 8], "texture": "#0"},
				"west": {"uv": [13.25, 6.5, 14.75, 6.75], "texture": "#0"},
				"up": {"uv": [10, 15, 9.75, 13.5], "texture": "#0"},
				"down": {"uv": [10.5, 13.5, 10.25, 15], "texture": "#0"}
			}
		},
		{
			"from": [3, 14, 4],
			"to": [4, 16, 12],
			"faces": {
				"north": {"uv": [14.25, 14.75, 14.5, 15.25], "texture": "#0"},
				"east": {"uv": [10.75, 10.25, 12.75, 10.75], "texture": "#0"},
				"south": {"uv": [14.75, 14.75, 15, 15.25], "texture": "#0"},
				"west": {"uv": [11, 5, 13, 5.5], "texture": "#0"},
				"up": {"uv": [1.75, 14, 1.5, 12], "texture": "#0"},
				"down": {"uv": [2.25, 12, 2, 14], "texture": "#0"}
			}
		},
		{
			"from": [3, 13, 6],
			"to": [4, 14, 12],
			"faces": {
				"north": {"uv": [14.5, 13, 14.75, 13.25], "texture": "#0"},
				"east": {"uv": [13.5, 11.5, 15, 11.75], "texture": "#0"},
				"south": {"uv": [15, 13.75, 15.25, 14], "texture": "#0"},
				"west": {"uv": [13.5, 12, 15, 12.25], "texture": "#0"},
				"up": {"uv": [12.5, 15, 12.25, 13.5], "texture": "#0"},
				"down": {"uv": [13, 13.5, 12.75, 15], "texture": "#0"}
			}
		},
		{
			"from": [3, 11, 7],
			"to": [4, 13, 12],
			"faces": {
				"north": {"uv": [15, 1, 15.25, 1.5], "texture": "#0"},
				"east": {"uv": [4.75, 10.5, 6, 11], "texture": "#0"},
				"south": {"uv": [15, 3.5, 15.25, 4], "texture": "#0"},
				"west": {"uv": [10.75, 11, 12, 11.5], "texture": "#0"},
				"up": {"uv": [13.5, 15.25, 13.25, 14], "texture": "#0"},
				"down": {"uv": [14, 14, 13.75, 15.25], "texture": "#0"}
			}
		},
		{
			"from": [2.5, -3.25, 10.25],
			"to": [13.5, 8.75, 14.25],
			"faces": {
				"north": {"uv": [0, 0, 2.75, 3], "texture": "#0"},
				"east": {"uv": [6.75, 9, 7.75, 12], "texture": "#0"},
				"south": {"uv": [3, 0, 5.75, 3], "texture": "#0"},
				"west": {"uv": [8, 9, 9, 12], "texture": "#0"},
				"up": {"uv": [12, 10, 9.25, 9], "texture": "#0"},
				"down": {"uv": [12.25, 2.25, 9.5, 3.25], "texture": "#0"}
			}
		},
		{
			"from": [12.5, 10.75, 13.25],
			"to": [13, 17.75, 13.75],
			"faces": {
				"north": {"uv": [7.75, 13.5, 8, 15.25], "texture": "#0"},
				"east": {"uv": [8.25, 13.5, 8.5, 15.25], "texture": "#0"},
				"south": {"uv": [8.75, 13.5, 9, 15.25], "texture": "#0"},
				"west": {"uv": [9.25, 13.5, 9.5, 15.25], "texture": "#0"},
				"up": {"uv": [15.5, 10.25, 15.25, 10], "texture": "#0"},
				"down": {"uv": [10.5, 15.25, 10.25, 15.5], "texture": "#0"}
			}
		},
		{
			"from": [12.25, 8.75, 13],
			"to": [13.25, 10.75, 14],
			"faces": {
				"north": {"uv": [15, 6.75, 15.25, 7.25], "texture": "#0"},
				"east": {"uv": [7, 15, 7.25, 15.5], "texture": "#0"},
				"south": {"uv": [15, 7.5, 15.25, 8], "texture": "#0"},
				"west": {"uv": [15, 9.25, 15.25, 9.75], "texture": "#0"},
				"up": {"uv": [15.5, 9, 15.25, 8.75], "texture": "#0"},
				"down": {"uv": [10, 15.25, 9.75, 15.5], "texture": "#0"}
			}
		},
		{
			"from": [7, 8.75, 13],
			"to": [9, 11.75, 13.75],
			"faces": {
				"north": {"uv": [4, 14, 4.5, 14.75], "texture": "#0"},
				"east": {"uv": [2, 14.25, 2.25, 15], "texture": "#0"},
				"south": {"uv": [4.75, 14, 5.25, 14.75], "texture": "#0"},
				"west": {"uv": [0, 14.5, 0.25, 15.25], "texture": "#0"},
				"up": {"uv": [14.25, 1.25, 13.75, 1], "texture": "#0"},
				"down": {"uv": [15, 11, 14.5, 11.25], "texture": "#0"}
			}
		},
		{
			"from": [3.5, -2.25, 14.25],
			"to": [12.5, 7.75, 14.75],
			"faces": {
				"north": {"uv": [0, 3.25, 2.25, 5.75], "texture": "#0"},
				"east": {"uv": [6.25, 10.5, 6.5, 13], "texture": "#0"},
				"south": {"uv": [2.5, 3.25, 4.75, 5.75], "texture": "#0"},
				"west": {"uv": [3, 11.25, 3.25, 13.75], "texture": "#0"},
				"up": {"uv": [14.25, 8, 12, 7.75], "texture": "#0"},
				"down": {"uv": [14.5, 3.5, 12.25, 3.75], "texture": "#0"}
			}
		},
		{
			"from": [13.5, -2.25, 11.25],
			"to": [14, 7.75, 13.25],
			"faces": {
				"north": {"uv": [4.5, 11.25, 4.75, 13.75], "texture": "#0"},
				"east": {"uv": [9.25, 10.25, 9.75, 12.75], "texture": "#0"},
				"south": {"uv": [5, 11.25, 5.25, 13.75], "texture": "#0"},
				"west": {"uv": [10, 10.25, 10.5, 12.75], "texture": "#0"},
				"up": {"uv": [12, 15.5, 11.75, 15], "texture": "#0"},
				"down": {"uv": [15.25, 13, 15, 13.5], "texture": "#0"}
			}
		},
		{
			"from": [2, -2.25, 11.25],
			"to": [2.5, 7.75, 13.25],
			"faces": {
				"north": {"uv": [3.5, 11.25, 3.75, 13.75], "texture": "#0"},
				"east": {"uv": [9.5, 5, 10, 7.5], "texture": "#0"},
				"south": {"uv": [4, 11.25, 4.25, 13.75], "texture": "#0"},
				"west": {"uv": [10.25, 5, 10.75, 7.5], "texture": "#0"},
				"up": {"uv": [11, 15.5, 10.75, 15], "texture": "#0"},
				"down": {"uv": [11.5, 15, 11.25, 15.5], "texture": "#0"}
			}
		}
	],
	"display": {
		"thirdperson_righthand": {
			"translation": [0, 3, 1],
			"scale": [0.55, 0.55, 0.55]
		},
		"thirdperson_lefthand": {
			"translation": [0, 3, 1],
			"scale": [0.55, 0.55, 0.55]
		},
		"firstperson_righthand": {
			"rotation": [0, -90, 25],
			"translation": [1.13, 3.2, 1.13],
			"scale": [0.68, 0.68, 0.68]
		},
		"firstperson_lefthand": {
			"rotation": [0, -90, 25],
			"translation": [1.13, 3.2, 1.13],
			"scale": [0.68, 0.68, 0.68]
		},
		"ground": {
			"translation": [0, 2, 0],
			"scale": [0.5, 0.5, 0.5]
		},
		"gui": {
			"rotation": [30, 225, 0],
			"scale": [0.625, 0.625, 0.625]
		},
		"head": {
			"translation": [0, -6.75, 0],
			"scale": [1.8, 1.8, 1.8]
		},
		"fixed": {
			"rotation": [0, 90, 0],
			"translation": [0, 1, -0.25]
		}
	},
	"groups": [
		{
			"name": "helmet",
			"origin": [0, 0, 0],
			"color": 0,
			"children": [0, 1, 2, 3, 4, 5, 6, 7, 8, 9, 10, 11, 12, 13, 14, 15, 16, 17, 18, 19]
		},
		{
			"name": "tank",
			"origin": [0, 0, 0],
			"color": 0,
			"children": [20, 21, 22, 23, 24, 25, 26]
		}
	]
}